"Record Length",2500,"Points",-2.99600004e-008,-0.000390625
"Sample Interval",4.00000005e-011,s,-2.99200004e-008, -0.00040625
"Trigger Point",749,"Samples",-2.98800004e-008,-0.0004765625
"Trigger Time",           0,s,-2.98400004e-008,-0.000484375
"",,,-2.98000004e-008,-0.0004609375
"Horizontal Offset",-3.00000004e-008,s,-2.97600004e-008,-0.000390625
,,,-2.97200004e-008,-0.0003828125
,,,-2.96800004e-008, -0.00040625
,,,-2.96400004e-008,-0.0004453125
,,,-2.96000004e-008,-0.000484375
,,,-2.95600004e-008,-0.0005234375
,,,-2.95200004e-008,-0.000578125
,,,-2.94800004e-008,-0.0005390625
,,,-2.94400004e-008,-0.000515625
,,,-2.94000004e-008,-0.000546875
,,,-2.93600004e-008,-0.000453125
,,,-2.93200004e-008,-0.0004609375
,,,-2.92800004e-008,-0.0003671875
,,,-2.92400004e-008,-0.0003515625
,,,-2.92000004e-008,  -0.0003125
,,,-2.91600004e-008,-0.000328125
,,,-2.91200004e-008,-0.0002890625
,,,-2.90800004e-008,  -0.0003125
,,,-2.90400004e-008,  -0.0003125
,,,-2.90000004e-008,  -0.0003125
,,,-2.89600004e-008,-0.0002890625
,,,-2.89200004e-008,  -0.0003125
,,,-2.88800004e-008,-0.0002578125
,,,-2.88400004e-008,-0.0002734375
,,,-2.88000004e-008, -0.00021875
,,,-2.87600004e-008,-0.000171875
,,,-2.87200004e-008,-0.0001640625
,,,-2.86800004e-008,-0.000171875
,,,-2.86400004e-008,-0.0002421875
,,,-2.86000004e-008,-0.0002578125
,,,-2.85600004e-008,-0.000328125
,,,-2.85200004e-008, -0.00034375
,,,-2.84800004e-008,-0.000390625
,,,-2.84400004e-008,-0.0004140625
,,,-2.84000004e-008,-0.0003828125
,,,-2.83600004e-008,-0.0003828125
,,,-2.83200004e-008, -0.00040625
,,,-2.82800004e-008,-0.0004140625
,,,-2.82400004e-008, -0.00040625
,,,-2.82000004e-008,-0.000390625
,,,-2.81600004e-008,-0.000390625
,,,-2.81200004e-008,-0.000328125
,,,-2.80800004e-008,-0.0003359375
,,,-2.80400004e-008,-0.0002734375
,,,-2.80000004e-008,-0.0002578125
,,,-2.79600004e-008,-0.000234375
,,,-2.79200004e-008,    -0.00025
,,,-2.78800004e-008,-0.0002421875
,,,-2.78400004e-008,-0.0002890625
,,,-2.78000004e-008,-0.000296875
,,,-2.77600004e-008,-0.0003671875
,,,-2.77200004e-008,-0.0004140625
,,,-2.76800004e-008,-0.0004453125
,,,-2.76400004e-008,-0.0004140625
,,,-2.76000004e-008,-0.0003828125
,,,-2.75600004e-008,   -0.000375
,,,-2.75200004e-008,-0.000296875
,,,-2.74800004e-008,-0.000265625
,,,-2.74400004e-008,-0.0002421875
,,,-2.74000004e-008,-0.0002109375
,,,-2.73600004e-008,-0.0002109375
,,,-2.73200004e-008, -0.00028125
,,,-2.72800004e-008,-0.0003671875
,,,-2.72400004e-008,  -0.0004375
,,,-2.72000004e-008,-0.000546875
,,,-2.71600004e-008,-0.0006640625
,,,-2.71200004e-008,-0.0006953125
,,,-2.70800004e-008, -0.00071875
,,,-2.70400004e-008,-0.0006640625
,,,-2.70000004e-008,-0.000640625
,,,-2.69600004e-008,-0.0005859375
,,,-2.69200004e-008,-0.0004921875
,,,-2.68800004e-008,  -0.0004375
,,,-2.68400004e-008,-0.000421875
,,,-2.68000004e-008,-0.0004140625
,,,-2.67600004e-008,-0.000390625
,,,-2.67200004e-008,-0.0004296875
,,,-2.66800004e-008,-0.0004296875
,,,-2.66400004e-008,-0.0003515625
,,,-2.66000004e-008,-0.0002890625
,,,-2.65600004e-008,-0.000234375
,,,-2.65200004e-008,-0.000203125
,,,-2.64800004e-008,  -0.0001875
,,,-2.64400004e-008,-0.0001484375
,,,-2.64000004e-008,-0.000171875
,,,-2.63600004e-008,-0.0001015625
,,,-2.63200004e-008,-0.0001171875
,,,-2.62800004e-008,-0.0001328125
,,,-2.62400004e-008,-0.0001484375
,,,-2.62000003e-008,-0.000140625
,,,-2.61600003e-008,-0.0001171875
,,,-2.61200003e-008,  -0.0001875
,,,-2.60800003e-008, -0.00021875
,,,-2.60400003e-008,-0.0002734375
,,,-2.60000003e-008,-0.0003046875
,,,-2.59600003e-008, -0.00034375
,,,-2.59200003e-008,-0.0003515625
,,,-2.58800003e-008,-0.0003515625
,,,-2.58400003e-008,-0.0003359375
,,,-2.58000003e-008,  -0.0003125
,,,-2.57600003e-008, -0.00028125
,,,-2.57200003e-008,-0.000234375
,,,-2.56800003e-008,-0.000296875
,,,-2.56400003e-008,-0.0003203125
,,,-2.56000003e-008,-0.0003359375
,,,-2.55600003e-008,-0.000328125
,,,-2.55200003e-008, -0.00034375
,,,-2.54800003e-008,-0.0003515625
,,,-2.54400003e-008,-0.0002734375
,,,-2.54000003e-008,-0.0002109375
,,,-2.53600003e-008, -0.00015625
,,,-2.53200003e-008,-0.0001015625
,,,-2.52800003e-008, -9.375e-005
,,,-2.52400003e-008,-0.0001484375
,,,-2.52000003e-008,-0.000140625
,,,-2.51600003e-008,-0.0001953125
,,,-2.51200003e-008,-0.0001953125
,,,-2.50800003e-008,-0.0002734375
,,,-2.50400003e-008, -0.00028125
,,,-2.50000003e-008,-0.0002265625
,,,-2.49600003e-008,-0.0002109375
,,,-2.49200003e-008,-0.0001953125
,,,-2.48800003e-008,  -0.0001875
,,,-2.48400003e-008, -0.00028125
,,,-2.48000003e-008,-0.000265625
,,,-2.47600003e-008,-0.0003671875
,,,-2.47200003e-008,-0.0003984375
,,,-2.46800003e-008,-0.0004921875
,,,-2.46400003e-008,-0.000484375
,,,-2.46000003e-008,-0.000421875
,,,-2.45600003e-008,-0.0003671875
,,,-2.45200003e-008,-0.000296875
,,,-2.44800003e-008,-0.0002734375
,,,-2.44400003e-008, -0.00021875
,,,-2.44000003e-008,-0.000203125
,,,-2.43600003e-008,-0.000234375
,,,-2.43200003e-008,-0.0002890625
,,,-2.42800003e-008,   -0.000375
,,,-2.42400003e-008,-0.000390625
,,,-2.42000003e-008,-0.000390625
,,,-2.41600003e-008,   -0.000375
,,,-2.41200003e-008,-0.0003203125
,,,-2.40800003e-008,-0.0002890625
,,,-2.40400003e-008,-0.000234375
,,,-2.40000003e-008,-0.000171875
,,,-2.39600003e-008,-0.0001953125
,,,-2.39200003e-008,-0.000203125
,,,-2.38800003e-008, -0.00021875
,,,-2.38400003e-008,-0.0002734375
,,,-2.38000003e-008,-0.0002109375
,,,-2.37600003e-008,-0.0002265625
,,,-2.37200003e-008,-0.0002109375
,,,-2.36800003e-008,-0.0002109375
,,,-2.36400003e-008,-0.0002734375
,,,-2.36000003e-008, -0.00028125
,,,-2.35600003e-008,-0.000390625
,,,-2.35200003e-008,-0.0003984375
,,,-2.34800003e-008,-0.000484375
,,,-2.34400003e-008,-0.000515625
,,,-2.34000003e-008,-0.0005234375
,,,-2.33600003e-008,-0.000515625
,,,-2.33200003e-008,-0.0004453125
,,,-2.32800003e-008,-0.0004140625
,,,-2.32400003e-008,-0.000328125
,,,-2.32000003e-008,-0.000265625
,,,-2.31600003e-008,-0.000265625
,,,-2.31200003e-008,-0.0002734375
,,,-2.30800003e-008,-0.0003046875
,,,-2.30400003e-008, -0.00040625
,,,-2.30000003e-008,-0.000453125
,,,-2.29600003e-008,     -0.0005
,,,-2.29200003e-008, -0.00053125
,,,-2.28800003e-008,-0.0005234375
,,,-2.28400003e-008,-0.000453125
,,,-2.28000003e-008,-0.0003828125
,,,-2.27600003e-008,-0.000359375
,,,-2.27200003e-008,-0.000296875
,,,-2.26800003e-008, -0.00028125
,,,-2.26400003e-008,-0.0002578125
,,,-2.26000003e-008,-0.0001953125
,,,-2.25600003e-008,-0.000203125
,,,-2.25200003e-008,-0.000203125
,,,-2.24800003e-008, -0.00021875
,,,-2.24400003e-008,-0.000234375
,,,-2.24000003e-008,    -0.00025
,,,-2.23600003e-008, -0.00028125
,,,-2.23200003e-008,-0.0003046875
,,,-2.22800003e-008,-0.000359375
,,,-2.22400003e-008,-0.0003359375
,,,-2.22000003e-008,-0.0004140625
,,,-2.21600003e-008,-0.000359375
,,,-2.21200003e-008, -0.00034375
,,,-2.20800003e-008, -0.00034375
,,,-2.20400003e-008,-0.0003515625
,,,-2.20000003e-008,-0.0003671875
,,,-2.19600003e-008,-0.000421875
,,,-2.19200003e-008,-0.0004609375
,,,-2.18800003e-008,-0.0004921875
,,,-2.18400003e-008, -0.00053125
,,,-2.18000003e-008,-0.0005859375
,,,-2.17600003e-008,-0.000546875
,,,-2.17200003e-008,-0.0005078125
,,,-2.16800003e-008,-0.000421875
,,,-2.16400003e-008,-0.0003671875
,,,-2.16000003e-008, -0.00028125
,,,-2.15600003e-008,-0.000265625
,,,-2.15200003e-008,-0.0002578125
,,,-2.14800003e-008,-0.0002734375
,,,-2.14400003e-008,-0.000296875
,,,-2.14000003e-008,-0.0003359375
,,,-2.13600003e-008,  -0.0003125
,,,-2.13200003e-008,-0.000359375
,,,-2.12800003e-008,-0.0003515625
,,,-2.12400003e-008, -0.00028125
,,,-2.12000003e-008,-0.0002421875
,,,-2.11600003e-008,-0.0001953125
,,,-2.11200003e-008,-0.0001640625
,,,-2.10800003e-008,-0.000109375
,,,-2.10400003e-008,-0.000140625
,,,-2.10000003e-008,-0.0001171875
,,,-2.09600003e-008,-0.000109375
,,,-2.09200003e-008,-0.0001328125
,,,-2.08800003e-008,-0.0001953125
,,,-2.08400003e-008,-0.0002421875
,,,-2.08000003e-008,-0.0002890625
,,,-2.07600003e-008,  -0.0003125
,,,-2.07200003e-008,-0.0003828125
,,,-2.06800003e-008,-0.000421875
,,,-2.06400003e-008,  -0.0004375
,,,-2.06000003e-008,-0.0004609375
,,,-2.05600003e-008, -0.00040625
,,,-2.05200003e-008,-0.000390625
,,,-2.04800003e-008,   -0.000375
,,,-2.04400003e-008,-0.000296875
,,,-2.04000003e-008,-0.0002265625
,,,-2.03600003e-008,-0.000171875
,,,-2.03200003e-008,-0.000140625
,,,-2.02800003e-008,-0.0001015625
,,,-2.02400003e-008,-0.0001171875
,,,-2.02000003e-008,-0.0001484375
,,,-2.01600003e-008,  -0.0003125
,,,-2.01200003e-008,-0.000390625
,,,-2.00800003e-008,-0.000484375
,,,-2.00400003e-008,  -0.0005625
,,,-2.00000003e-008, -0.00059375
,,,-1.99600003e-008,-0.0006171875
,,,-1.99200003e-008,-0.0005859375
,,,-1.98800003e-008,     -0.0005
,,,-1.98400003e-008, -0.00040625
,,,-1.98000003e-008,-0.0003046875
,,,-1.97600003e-008,-0.000203125
,,,-1.97200003e-008,-0.0001953125
,,,-1.96800003e-008,-0.0001796875
,,,-1.96400003e-008, -0.00021875
,,,-1.96000003e-008,-0.000203125
,,,-1.95600003e-008,-0.0001796875
,,,-1.95200003e-008,-0.0001796875
,,,-1.94800003e-008,-0.0001796875
,,,-1.94400003e-008,-0.000203125
,,,-1.94000003e-008,  -0.0001875
,,,-1.93600003e-008, -0.00028125
,,,-1.93200003e-008,-0.000296875
,,,-1.92800003e-008,-0.0004140625
,,,-1.92400003e-008,-0.0004765625
,,,-1.92000003e-008,-0.0004921875
,,,-1.91600003e-008,-0.000546875
,,,-1.91200003e-008,     -0.0005
,,,-1.90800003e-008, -0.00046875
,,,-1.90400003e-008,-0.000390625
,,,-1.90000003e-008,-0.0003515625
,,,-1.89600003e-008,  -0.0003125
,,,-1.89200003e-008,-0.000296875
,,,-1.88800003e-008,-0.000296875
,,,-1.88400003e-008,-0.0003359375
,,,-1.88000003e-008,-0.000421875
,,,-1.87600003e-008, -0.00046875
,,,-1.87200002e-008,-0.0005078125
,,,-1.86800002e-008,-0.0005234375
,,,-1.86400002e-008,-0.0004921875
,,,-1.86000002e-008,-0.0004296875
,,,-1.85600002e-008,-0.000421875
,,,-1.85200002e-008,-0.000328125
,,,-1.84800002e-008,-0.000296875
,,,-1.84400002e-008,-0.0003046875
,,,-1.84000002e-008,  -0.0003125
,,,-1.83600002e-008,-0.0003671875
,,,-1.83200002e-008,-0.0003828125
,,,-1.82800002e-008,-0.0004296875
,,,-1.82400002e-008,-0.0004765625
,,,-1.82000002e-008,  -0.0004375
,,,-1.81600002e-008,-0.0004453125
,,,-1.81200002e-008,-0.0004140625
,,,-1.80800002e-008,-0.0003359375
,,,-1.80400002e-008,-0.000265625
,,,-1.80000002e-008, -0.00015625
,,,-1.79600002e-008,-0.0001328125
,,,-1.79200002e-008,-0.000109375
,,,-1.78800002e-008,-0.0001484375
,,,-1.78400002e-008,-0.0002109375
,,,-1.78000002e-008,-0.000296875
,,,-1.77600002e-008,-0.0003828125
,,,-1.77200002e-008,-0.000421875
,,,-1.76800002e-008,     -0.0005
,,,-1.76400002e-008,  -0.0005625
,,,-1.76000002e-008,-0.000515625
,,,-1.75600002e-008,-0.0005234375
,,,-1.75200002e-008,-0.0004453125
,,,-1.74800002e-008,-0.000421875
,,,-1.74400002e-008,-0.0003515625
,,,-1.74000002e-008,-0.000296875
,,,-1.73600002e-008,-0.0003046875
,,,-1.73200002e-008,-0.000296875
,,,-1.72800002e-008, -0.00034375
,,,-1.72400002e-008,-0.0003828125
,,,-1.72000002e-008,-0.0003671875
,,,-1.71600002e-008,-0.0004453125
,,,-1.71200002e-008, -0.00040625
,,,-1.70800002e-008,-0.0004296875
,,,-1.70400002e-008,-0.0004140625
,,,-1.70000002e-008,-0.0003671875
,,,-1.69600002e-008, -0.00034375
,,,-1.69200002e-008,-0.0002890625
,,,-1.68800002e-008,-0.000296875
,,,-1.68400002e-008,-0.0002578125
,,,-1.68000002e-008,    -0.00025
,,,-1.67600002e-008,    -0.00025
,,,-1.67200002e-008,    -0.00025
,,,-1.66800002e-008, -0.00028125
,,,-1.66400002e-008,-0.000328125
,,,-1.66000002e-008,-0.0003046875
,,,-1.65600002e-008,-0.0003203125
,,,-1.65200002e-008,-0.0002890625
,,,-1.64800002e-008,-0.0003359375
,,,-1.64400002e-008,-0.0003359375
,,,-1.64000002e-008,-0.0002890625
,,,-1.63600002e-008,  -0.0003125
,,,-1.63200002e-008,-0.0003203125
,,,-1.62800002e-008,   -0.000375
,,,-1.62400002e-008,-0.0003671875
,,,-1.62000002e-008,-0.0004140625
,,,-1.61600002e-008,-0.0004609375
,,,-1.61200002e-008,-0.0004765625
,,,-1.60800002e-008,-0.0004921875
,,,-1.60400002e-008,     -0.0005
,,,-1.60000002e-008,-0.000421875
,,,-1.59600002e-008, -0.00040625
,,,-1.59200002e-008,-0.0003515625
,,,-1.58800002e-008, -0.00034375
,,,-1.58400002e-008, -0.00034375
,,,-1.58000002e-008,-0.0003359375
,,,-1.57600002e-008,-0.000359375
,,,-1.57200002e-008,-0.000359375
,,,-1.56800002e-008, -0.00034375
,,,-1.56400002e-008,-0.0003359375
,,,-1.56000002e-008,-0.0002734375
,,,-1.55600002e-008, -0.00028125
,,,-1.55200002e-008,-0.0002265625
,,,-1.54800002e-008,    -0.00025
,,,-1.54400002e-008,-0.000234375
,,,-1.54000002e-008,-0.0002265625
,,,-1.53600002e-008,-0.000265625
,,,-1.53200002e-008,-0.0002421875
,,,-1.52800002e-008,-0.0002734375
,,,-1.52400002e-008, -0.00028125
,,,-1.52000002e-008,-0.0002734375
,,,-1.51600002e-008,-0.000296875
,,,-1.51200002e-008,  -0.0003125
,,,-1.50800002e-008,-0.000359375
,,,-1.50400002e-008,-0.0003984375
,,,-1.50000002e-008,-0.0004609375
,,,-1.49600002e-008,-0.000515625
,,,-1.49200002e-008,-0.0005390625
,,,-1.48800002e-008,     -0.0005
,,,-1.48400002e-008, -0.00053125
,,,-1.48000002e-008, -0.00046875
,,,-1.47600002e-008,-0.0004921875
,,,-1.47200002e-008,-0.000453125
,,,-1.46800002e-008,-0.000421875
,,,-1.46400002e-008,-0.000421875
,,,-1.46000002e-008,-0.000453125
,,,-1.45600002e-008,-0.0004453125
,,,-1.45200002e-008,-0.0005078125
,,,-1.44800002e-008,-0.000546875
,,,-1.44400002e-008, -0.00053125
,,,-1.44000002e-008,-0.0005234375
,,,-1.43600002e-008,     -0.0005
,,,-1.43200002e-008,  -0.0004375
,,,-1.42800002e-008,-0.0003828125
,,,-1.42400002e-008,-0.000328125
,,,-1.42000002e-008,-0.0002421875
,,,-1.41600002e-008,-0.0002265625
,,,-1.41200002e-008, -0.00021875
,,,-1.40800002e-008,-0.0002421875
,,,-1.40400002e-008,-0.0003203125
,,,-1.40000002e-008, -0.00034375
,,,-1.39600002e-008,-0.0003984375
,,,-1.39200002e-008,-0.0004296875
,,,-1.38800002e-008,  -0.0004375
,,,-1.38400002e-008,-0.0003984375
,,,-1.38000002e-008,-0.0003515625
,,,-1.37600002e-008,-0.0003515625
,,,-1.37200002e-008,  -0.0003125
,,,-1.36800002e-008,  -0.0003125
,,,-1.36400002e-008,  -0.0003125
,,,-1.36000002e-008,-0.0003046875
,,,-1.35600002e-008, -0.00040625
,,,-1.35200002e-008,-0.0003515625
,,,-1.34800002e-008,  -0.0004375
,,,-1.34400002e-008,  -0.0004375
,,,-1.34000002e-008,  -0.0004375
,,,-1.33600002e-008,-0.0004765625
,,,-1.33200002e-008, -0.00046875
,,,-1.32800002e-008,-0.0004609375
,,,-1.32400002e-008,-0.0004609375
,,,-1.32000002e-008,-0.0004609375
,,,-1.31600002e-008, -0.00046875
,,,-1.31200002e-008,-0.000421875
,,,-1.30800002e-008, -0.00040625
,,,-1.30400002e-008,-0.0003515625
,,,-1.30000002e-008,-0.0003203125
,,,-1.29600002e-008,-0.000296875
,,,-1.29200002e-008,-0.0003046875
,,,-1.28800002e-008,   -0.000375
,,,-1.28400002e-008,-0.000390625
,,,-1.28000002e-008,-0.0003984375
,,,-1.27600002e-008,     -0.0005
,,,-1.27200002e-008,-0.0004765625
,,,-1.26800002e-008,-0.000453125
,,,-1.26400002e-008,-0.000390625
,,,-1.26000002e-008, -0.00034375
,,,-1.25600002e-008,-0.000359375
,,,-1.25200002e-008,-0.000296875
,,,-1.24800002e-008,   -0.000375
,,,-1.24400002e-008,-0.0004140625
,,,-1.24000002e-008,  -0.0004375
,,,-1.23600002e-008,-0.0005078125
,,,-1.23200002e-008, -0.00053125
,,,-1.22800002e-008, -0.00053125
,,,-1.22400002e-008, -0.00053125
,,,-1.22000002e-008,-0.0005234375
,,,-1.21600002e-008,-0.000453125
,,,-1.21200002e-008,-0.0003671875
,,,-1.20800002e-008,-0.0003046875
,,,-1.20400002e-008,-0.0002578125
,,,-1.20000002e-008,-0.000203125
,,,-1.19600002e-008, -0.00021875
,,,-1.19200002e-008, -0.00021875
,,,-1.18800002e-008,-0.0002890625
,,,-1.18400002e-008,-0.0003359375
,,,-1.18000002e-008,-0.0003984375
,,,-1.17600002e-008,-0.0003984375
,,,-1.17200002e-008,-0.0003828125
,,,-1.16800002e-008,-0.0003515625
,,,-1.16400002e-008, -0.00034375
,,,-1.16000002e-008,-0.000265625
,,,-1.15600002e-008,-0.000234375
,,,-1.15200002e-008,-0.000203125
,,,-1.14800002e-008,-0.0002109375
,,,-1.14400002e-008,    -0.00025
,,,-1.14000002e-008,-0.000296875
,,,-1.13600002e-008,-0.000359375
,,,-1.13200002e-008,-0.0003671875
,,,-1.12800002e-008,-0.0004140625
,,,-1.12400002e-008,-0.000390625
,,,-1.12000001e-008, -0.00040625
,,,-1.11600001e-008,-0.000421875
,,,-1.11200001e-008,-0.0003984375
,,,-1.10800001e-008,-0.0004140625
,,,-1.10400001e-008,-0.0004609375
,,,-1.10000001e-008,-0.000484375
,,,-1.09600001e-008,-0.0005078125
,,,-1.09200001e-008,     -0.0005
,,,-1.08800001e-008,-0.000484375
,,,-1.08400001e-008,-0.0004140625
,,,-1.08000001e-008,-0.000359375
,,,-1.07600001e-008,-0.0002890625
,,,-1.07200001e-008,-0.000171875
,,,-1.06800001e-008,-0.000140625
,,,-1.06400001e-008, -0.00015625
,,,-1.06000001e-008,-0.0001328125
,,,-1.05600001e-008,-0.0001484375
,,,-1.05200001e-008,-0.0002109375
,,,-1.04800001e-008,    -0.00025
,,,-1.04400001e-008,-0.000296875
,,,-1.04000001e-008, -0.00034375
,,,-1.03600001e-008,   -0.000375
,,,-1.03200001e-008,-0.0003984375
,,,-1.02800001e-008,-0.0003984375
,,,-1.02400001e-008,-0.0003359375
,,,-1.02000001e-008,-0.0003046875
,,,-1.01600001e-008,-0.0002578125
,,,-1.01200001e-008,-0.0001953125
,,,-1.00800001e-008,-0.000203125
,,,-1.00400001e-008,  -0.0001875
,,,-1.00000001e-008,-0.000203125
,,,-9.96000013e-009,-0.0002578125
,,,-9.92000013e-009,-0.0003046875
,,,-9.88000013e-009,-0.0003828125
,,,-9.84000013e-009,-0.000453125
,,,-9.80000013e-009,-0.0004609375
,,,-9.76000013e-009,-0.000484375
,,,-9.72000013e-009,-0.0004140625
,,,-9.68000013e-009,-0.0003828125
,,,-9.64000013e-009,-0.000359375
,,,-9.60000013e-009,  -0.0003125
,,,-9.56000013e-009,-0.0003046875
,,,-9.52000013e-009,-0.0003046875
,,,-9.48000013e-009, -0.00034375
,,,-9.44000013e-009,-0.000296875
,,,-9.40000013e-009, -0.00028125
,,,-9.36000012e-009,  -0.0003125
,,,-9.32000012e-009,-0.0002734375
,,,-9.28000012e-009,-0.0002734375
,,,-9.24000012e-009,    -0.00025
,,,-9.20000012e-009,-0.0002265625
,,,-9.16000012e-009,-0.0002578125
,,,-9.12000012e-009,-0.0002109375
,,,-9.08000012e-009, -0.00028125
,,,-9.04000012e-009,-0.000265625
,,,-9.00000012e-009,-0.000296875
,,,-8.96000012e-009,  -0.0003125
,,,-8.92000012e-009, -0.00034375
,,,-8.88000012e-009,-0.0003828125
,,,-8.84000012e-009,-0.0003984375
,,,-8.80000012e-009,-0.000421875
,,,-8.76000012e-009,-0.0003984375
,,,-8.72000012e-009,-0.0003515625
,,,-8.68000012e-009,-0.000296875
,,,-8.64000012e-009,-0.0002578125
,,,-8.60000011e-009,-0.000203125
,,,-8.56000011e-009,-0.0001796875
,,,-8.52000011e-009,-0.000171875
,,,-8.48000011e-009,-0.0002421875
,,,-8.44000011e-009,-0.0002734375
,,,-8.40000011e-009, -0.00028125
,,,-8.36000011e-009,-0.0003671875
,,,-8.32000011e-009,-0.0003671875
,,,-8.28000011e-009,-0.0004140625
,,,-8.24000011e-009,-0.0003828125
,,,-8.20000011e-009,-0.000359375
,,,-8.16000011e-009,-0.0003359375
,,,-8.12000011e-009,-0.000296875
,,,-8.08000011e-009,-0.0003046875
,,,-8.04000011e-009,-0.0003046875
,,,-8.00000011e-009,-0.000265625
,,,-7.96000011e-009,-0.0002890625
,,,-7.92000011e-009,-0.0002890625
,,,-7.88000011e-009,-0.0003359375
,,,-7.8400001e-009,-0.0003359375
,,,-7.8000001e-009,-0.0003515625
,,,-7.7600001e-009,-0.0003984375
,,,-7.7200001e-009,-0.0004140625
,,,-7.6800001e-009,-0.0004140625
,,,-7.6400001e-009,-0.000421875
,,,-7.6000001e-009,-0.0003671875
,,,-7.5600001e-009,-0.000359375
,,,-7.5200001e-009,-0.0003046875
,,,-7.4800001e-009,-0.000234375
,,,-7.4400001e-009,-0.000234375
,,,-7.4000001e-009,  -0.0001875
,,,-7.3600001e-009,  -0.0001875
,,,-7.3200001e-009,-0.0001484375
,,,-7.2800001e-009,-0.0001953125
,,,-7.2400001e-009,-0.0002265625
,,,-7.2000001e-009, -0.00021875
,,,-7.1600001e-009,-0.0002265625
,,,-7.1200001e-009,-0.0001796875
,,,-7.08000009e-009,-0.0001640625
,,,-7.04000009e-009,-0.0001328125
,,,-7.00000009e-009,-0.0001015625
,,,-6.96000009e-009,-8.59375e-005
,,,-6.92000009e-009,-0.0001328125
,,,-6.88000009e-009,-0.0002109375
,,,-6.84000009e-009,  -0.0003125
,,,-6.80000009e-009,-0.0003515625
,,,-6.76000009e-009,-0.000453125
,,,-6.72000009e-009,-0.0003671875
,,,-6.68000009e-009,-0.000390625
,,,-6.64000009e-009,   -0.000375
,,,-6.60000009e-009,-0.0002109375
,,,-6.56000009e-009,-0.000140625
,,,-6.52000009e-009,  -6.25e-005
,,,-6.48000009e-009,  -6.25e-005
,,,-6.44000009e-009,-8.59375e-005
,,,-6.40000009e-009,-0.000140625
,,,-6.36000008e-009,-0.000203125
,,,-6.32000008e-009,-0.0003046875
,,,-6.28000008e-009,-0.0004765625
,,,-6.24000008e-009,-0.0005078125
,,,-6.20000008e-009,-0.000484375
,,,-6.16000008e-009,     -0.0005
,,,-6.12000008e-009,  -0.0004375
,,,-6.08000008e-009,-0.0003671875
,,,-6.04000008e-009,-0.0002578125
,,,-6.00000008e-009, -0.00015625
,,,-5.96000008e-009,-0.0001484375
,,,-5.92000008e-009,   -0.000125
,,,-5.88000008e-009,-0.000171875
,,,-5.84000008e-009,-0.0002421875
,,,-5.80000008e-009,  -0.0003125
,,,-5.76000008e-009,-0.0004140625
,,,-5.72000008e-009,-0.0004609375
,,,-5.68000008e-009,     -0.0005
,,,-5.64000008e-009,-0.0004765625
,,,-5.60000007e-009,-0.000484375
,,,-5.56000007e-009,-0.0004296875
,,,-5.52000007e-009,-0.000421875
,,,-5.48000007e-009,-0.0004453125
,,,-5.44000007e-009,-0.0004609375
,,,-5.40000007e-009, -0.00046875
,,,-5.36000007e-009, -0.00053125
,,,-5.32000007e-009,-0.000546875
,,,-5.28000007e-009,-0.0005078125
,,,-5.24000007e-009,-0.000484375
,,,-5.20000007e-009,-0.000421875
,,,-5.16000007e-009,-0.000390625
,,,-5.12000007e-009,-0.0003046875
,,,-5.08000007e-009,-0.0003046875
,,,-5.04000007e-009,-0.0002890625
,,,-5.00000007e-009,-0.000265625
,,,-4.96000007e-009,-0.000296875
,,,-4.92000007e-009,    -0.00025
,,,-4.88000007e-009,-0.000296875
,,,-4.84000006e-009,-0.0002734375
,,,-4.80000006e-009,-0.0002265625
,,,-4.76000006e-009,  -0.0001875
,,,-4.72000006e-009,-0.0001953125
,,,-4.68000006e-009,  -0.0001875
,,,-4.64000006e-009,-0.0002109375
,,,-4.60000006e-009,-0.0002109375
,,,-4.56000006e-009,-0.000203125
,,,-4.52000006e-009,-0.0001953125
,,,-4.48000006e-009,-0.0002578125
,,,-4.44000006e-009,-0.0003046875
,,,-4.40000006e-009, -0.00028125
,,,-4.36000006e-009,-0.000296875
,,,-4.32000006e-009,-0.0002734375
,,,-4.28000006e-009,-0.0003046875
,,,-4.24000006e-009,-0.000296875
,,,-4.20000006e-009,-0.000265625
,,,-4.16000006e-009,-0.0002421875
,,,-4.12000006e-009,-0.0002265625
,,,-4.08000005e-009,-0.000203125
,,,-4.04000005e-009,  -0.0001875
,,,-4.00000005e-009,-0.0001328125
,,,-3.96000005e-009,-0.0001328125
,,,-3.92000005e-009,   -0.000125
,,,-3.88000005e-009,-0.0001796875
,,,-3.84000005e-009,-0.000234375
,,,-3.80000005e-009,    -0.00025
,,,-3.76000005e-009,-0.000328125
,,,-3.72000005e-009,-0.000359375
,,,-3.68000005e-009, -0.00040625
,,,-3.64000005e-009,-0.0004140625
,,,-3.60000005e-009,   -0.000375
,,,-3.56000005e-009,-0.000421875
,,,-3.52000005e-009,-0.000359375
,,,-3.48000005e-009,-0.0003671875
,,,-3.44000005e-009,-0.0003515625
,,,-3.40000005e-009,-0.0003359375
,,,-3.36000004e-009, -0.00034375
,,,-3.32000004e-009,  -0.0003125
,,,-3.28000004e-009,-0.0004140625
,,,-3.24000004e-009,-0.000515625
,,,-3.20000004e-009,  -0.0005625
,,,-3.16000004e-009,-0.000640625
,,,-3.12000004e-009,-0.0006953125
,,,-3.08000004e-009,-0.0006953125
,,,-3.04000004e-009,  -0.0006875
,,,-3.00000004e-009,-0.000640625
,,,-2.96000004e-009,-0.000546875
,,,-2.92000004e-009,-0.0004140625
,,,-2.88000004e-009,   -0.000375
,,,-2.84000004e-009,-0.0003203125
,,,-2.80000004e-009,-0.000234375
,,,-2.76000004e-009,-0.000265625
,,,-2.72000004e-009,-0.000265625
,,,-2.68000004e-009,-0.000328125
,,,-2.64000004e-009,-0.000296875
,,,-2.60000003e-009,-0.0003203125
,,,-2.56000003e-009,  -0.0003125
,,,-2.52000003e-009,    -0.00025
,,,-2.48000003e-009,-0.0002109375
,,,-2.44000003e-009,-0.0002421875
,,,-2.40000003e-009,-0.000203125
,,,-2.36000003e-009,-0.000203125
,,,-2.32000003e-009,-0.0002265625
,,,-2.28000003e-009, -0.00028125
,,,-2.24000003e-009,  -0.0003125
,,,-2.20000003e-009,-0.000296875
,,,-2.16000003e-009,-0.000328125
,,,-2.12000003e-009,-0.000328125
,,,-2.08000003e-009,-0.0003046875
,,,-2.04000003e-009,-0.0002734375
,,,-2.00000003e-009,-0.0002265625
,,,-1.96000003e-009, -0.00021875
,,,-1.92000003e-009,-0.0001796875
,,,-1.88000003e-009,  -0.0001875
,,,-1.84000002e-009,-0.0001796875
,,,-1.80000002e-009,-0.0001796875
,,,-1.76000002e-009,-0.0002421875
,,,-1.72000002e-009,    -0.00025
,,,-1.68000002e-009,-0.0002421875
,,,-1.64000002e-009,-0.0002734375
,,,-1.60000002e-009, -0.00021875
,,,-1.56000002e-009,-0.0001640625
,,,-1.52000002e-009,-7.8125e-005
,,,-1.48000002e-009,2.34375e-005
,,,-1.44000002e-009,    0.000125
,,,-1.40000002e-009,  0.00021875
,,,-1.36000002e-009,0.0002734375
,,,-1.32000002e-009,0.0003046875
,,,-1.28000002e-009,0.0002890625
,,,-1.24000002e-009, 0.000265625
,,,-1.20000002e-009, 0.000171875
,,,-1.16000002e-009,0.0001015625
,,,-1.12000001e-009,-4.6875e-005
,,,-1.08000001e-009,-0.0001796875
,,,-1.04000001e-009,  -0.0004375
,,,-1.00000001e-009,-0.0007734375
,,,-9.60000013e-010,-0.001070313
,,,-9.20000012e-010,-0.001617188
,,,-8.80000012e-010,-0.002179688
,,,-8.40000011e-010,-0.002867188
,,,-8.00000011e-010,-0.003671875
,,,-7.6000001e-010,-0.004585938
,,,-7.2000001e-010,-0.005570313
,,,-6.80000009e-010,-0.006578125
,,,-6.40000009e-010,-0.007578125
,,,-6.00000008e-010,-0.008515625
,,,-5.60000007e-010, -0.00934375
,,,-5.20000007e-010, -0.00996875
,,,-4.80000006e-010, -0.01027344
,,,-4.40000006e-010, -0.01021094
,,,-4.00000005e-010,-0.009671875
,,,-3.60000005e-010,   -0.008625
,,,-3.20000004e-010,-0.006914063
,,,-2.80000004e-010, -0.00453125
,,,-2.40000003e-010,-0.001421875
,,,-2.00000003e-010, 0.002421875
,,,-1.60000002e-010, 0.007007813
,,,-1.20000002e-010,  0.01228125
,,,-8.00000011e-011,  0.01813281
,,,-4.00000005e-011,  0.02432813
,,,           0,     0.03075
,,,4.00000005e-011,  0.03701563
,,,8.00000011e-011,  0.04284375
,,,1.20000002e-010,  0.04784375
,,,1.60000002e-010,  0.05164844
,,,2.00000003e-010,  0.05395313
,,,2.40000003e-010,  0.05436719
,,,2.80000004e-010,  0.05267969
,,,3.20000004e-010,  0.04864844
,,,3.60000005e-010,  0.04205469
,,,4.00000005e-010,  0.03303906
,,,4.40000006e-010,  0.02154688
,,,4.80000006e-010, 0.007859375
,,,5.20000007e-010,    -0.00775
,,,5.60000007e-010, -0.02483594
,,,6.00000008e-010, -0.04276563
,,,6.40000009e-010, -0.06098438
,,,6.80000009e-010,  -0.0786875
,,,7.2000001e-010, -0.09505469
,,,7.6000001e-010,  -0.1093281
,,,8.00000011e-010,  -0.1207266
,,,8.40000011e-010,  -0.1284922
,,,8.80000012e-010,   -0.132125
,,,9.20000012e-010,  -0.1311719
,,,9.60000013e-010,  -0.1253906
,,,1.00000001e-009,  -0.1147891
,,,1.04000001e-009,   -0.099625
,,,1.08000001e-009, -0.08039844
,,,1.12000001e-009,    -0.05775
,,,1.16000002e-009, -0.03257031
,,,1.20000002e-009,-0.005828125
,,,1.24000002e-009,  0.02135938
,,,1.28000002e-009,  0.04782031
,,,1.32000002e-009,  0.07250782
,,,1.36000002e-009,    0.094375
,,,1.40000002e-009,   0.1126719
,,,1.44000002e-009,   0.1266094
,,,1.48000002e-009,   0.1357031
,,,1.52000002e-009,   0.1397422
,,,1.56000002e-009,   0.1387344
,,,1.60000002e-009,   0.1329141
,,,1.64000002e-009,   0.1229531
,,,1.68000002e-009,   0.1095156
,,,1.72000002e-009,    0.093625
,,,1.76000002e-009,  0.07616407
,,,1.80000002e-009,  0.05834375
,,,1.84000002e-009,  0.04108594
,,,1.88000003e-009,  0.02536719
,,,1.92000003e-009,  0.01186719
,,,1.96000003e-009, 0.001109375
,,,2.00000003e-009,-0.006617188
,,,2.04000003e-009, -0.01139063
,,,2.08000003e-009, -0.01328125
,,,2.12000003e-009, -0.01288281
,,,2.16000003e-009, -0.01067188
,,,2.20000003e-009,-0.007414063
,,,2.24000003e-009, -0.00390625
,,,2.28000003e-009,   -0.000875
,,,2.32000003e-009,0.0009921875
,,,2.36000003e-009, 0.001140625
,,,2.40000003e-009,-0.000828125
,,,2.44000003e-009,-0.005078125
,,,2.48000003e-009, -0.01154688
,,,2.52000003e-009, -0.02005469
,,,2.56000003e-009, -0.03003906
,,,2.60000003e-009, -0.04095313
,,,2.64000004e-009,   -0.052125
,,,2.68000004e-009, -0.06277344
,,,2.72000004e-009, -0.07209375
,,,2.76000004e-009, -0.07957813
,,,2.80000004e-009, -0.08464844
,,,2.84000004e-009, -0.08703125
,,,2.88000004e-009, -0.08650782
,,,2.92000004e-009, -0.08314844
,,,2.96000004e-009, -0.07732813
,,,3.00000004e-009, -0.06930469
,,,3.04000004e-009,  -0.0598125
,,,3.08000004e-009,  -0.0494375
,,,3.12000004e-009, -0.03901563
,,,3.16000004e-009,  -0.0290625
,,,3.20000004e-009, -0.02028125
,,,3.24000004e-009, -0.01307813
,,,3.28000004e-009, -0.00778125
,,,3.32000004e-009,-0.004414063
,,,3.36000004e-009,  -0.0029375
,,,3.40000005e-009,-0.003140625
,,,3.44000005e-009,     -0.0045
,,,3.48000005e-009,-0.006539063
,,,3.52000005e-009,-0.008734375
,,,3.56000005e-009, -0.01046094
,,,3.60000005e-009, -0.01120313
,,,3.64000005e-009,   -0.010625
,,,3.68000005e-009, -0.00834375
,,,3.72000005e-009,   -0.004375
,,,3.76000005e-009, 0.001382813
,,,3.80000005e-009,  0.00859375
,,,3.84000005e-009,  0.01694531
,,,3.88000005e-009,  0.02586719
,,,3.92000005e-009,  0.03486719
,,,3.96000005e-009,   0.0434375
,,,4.00000005e-009,  0.05085156
,,,4.04000005e-009,  0.05684375
,,,4.08000005e-009,       0.061
,,,4.12000006e-009,  0.06316407
,,,4.16000006e-009,  0.06326563
,,,4.20000006e-009,  0.06151563
,,,4.24000006e-009,  0.05804688
,,,4.28000006e-009,    0.053375
,,,4.32000006e-009,  0.04789844
,,,4.36000006e-009,  0.04211719
,,,4.40000006e-009,  0.03659375
,,,4.44000006e-009,  0.03170313
,,,4.48000006e-009,  0.02783594
,,,4.52000006e-009,  0.02533594
,,,4.56000006e-009,  0.02411719
,,,4.60000006e-009,  0.02416406
,,,4.64000006e-009,  0.02528906
,,,4.68000006e-009,  0.02717969
,,,4.72000006e-009,  0.02933594
,,,4.76000006e-009,  0.03132031
,,,4.80000006e-009,  0.03277344
,,,4.84000006e-009,     0.03325
,,,4.88000007e-009,  0.03251563
,,,4.92000007e-009,  0.03042188
,,,4.96000007e-009,  0.02699219
,,,5.00000007e-009,     0.02225
,,,5.04000007e-009,  0.01650781
,,,5.08000007e-009,   0.0099375
,,,5.12000007e-009, 0.003046875
,,,5.16000007e-009,-0.003890625
,,,5.20000007e-009, -0.01051563
,,,5.24000007e-009, -0.01644531
,,,5.28000007e-009, -0.02142188
,,,5.32000007e-009, -0.02527344
,,,5.36000007e-009, -0.02788281
,,,5.40000007e-009, -0.02925781
,,,5.44000007e-009, -0.02960156
,,,5.48000007e-009,  -0.0290625
,,,5.52000007e-009,      -0.028
,,,5.56000007e-009, -0.02671875
,,,5.60000007e-009, -0.02552344
,,,5.64000008e-009, -0.02479688
,,,5.68000008e-009, -0.02463281
,,,5.72000008e-009, -0.02528906
,,,5.76000008e-009, -0.02670313
,,,5.80000008e-009, -0.02882813
,,,5.84000008e-009, -0.03145313
,,,5.88000008e-009, -0.03440625
,,,5.92000008e-009, -0.03739063
,,,5.96000008e-009, -0.04003125
,,,6.00000008e-009,  -0.0421875
,,,6.04000008e-009, -0.04350781
,,,6.08000008e-009, -0.04397656
,,,6.12000008e-009, -0.04345313
,,,6.16000008e-009, -0.04190625
,,,6.20000008e-009, -0.03950781
,,,6.24000008e-009,   -0.036375
,,,6.28000008e-009, -0.03275781
,,,6.32000008e-009, -0.02885156
,,,6.36000008e-009, -0.02492969
,,,6.40000009e-009, -0.02126563
,,,6.44000009e-009, -0.01809375
,,,6.48000009e-009, -0.01553906
,,,6.52000009e-009, -0.01365625
,,,6.56000009e-009, -0.01248438
,,,6.60000009e-009, -0.01204688
,,,6.64000009e-009, -0.01204688
,,,6.68000009e-009, -0.01239844
,,,6.72000009e-009, -0.01288281
,,,6.76000009e-009, -0.01314844
,,,6.80000009e-009, -0.01310156
,,,6.84000009e-009, -0.01245313
,,,6.88000009e-009, -0.01111719
,,,6.92000009e-009,-0.008992188
,,,6.96000009e-009,-0.006226563
,,,7.00000009e-009, -0.00271875
,,,7.04000009e-009,    0.001125
,,,7.08000009e-009, 0.005257813
,,,7.1200001e-009, 0.009367188
,,,7.1600001e-009,  0.01332031
,,,7.2000001e-009,  0.01678125
,,,7.2400001e-009,  0.01965625
,,,7.2800001e-009,  0.02191406
,,,7.3200001e-009,  0.02339844
,,,7.3600001e-009,  0.02424219
,,,7.4000001e-009,  0.02445313
,,,7.4400001e-009,  0.02419531
,,,7.4800001e-009,  0.02360156
,,,7.5200001e-009,  0.02289844
,,,7.5600001e-009,  0.02228906
,,,7.6000001e-009,  0.02183594
,,,7.6400001e-009,  0.02172656
,,,7.6800001e-009,  0.02210156
,,,7.7200001e-009,       0.023
,,,7.7600001e-009,  0.02439063
,,,7.8000001e-009,   0.0260625
,,,7.8400001e-009,  0.02803906
,,,7.88000011e-009,  0.03000781
,,,7.92000011e-009,  0.03183594
,,,7.96000011e-009,  0.03332813
,,,8.00000011e-009,  0.03430469
,,,8.04000011e-009,  0.03460938
,,,8.08000011e-009,  0.03433594
,,,8.12000011e-009,  0.03339063
,,,8.16000011e-009,  0.03184375
,,,8.20000011e-009,  0.02977344
,,,8.24000011e-009,  0.02735156
,,,8.28000011e-009,  0.02459375
,,,8.32000011e-009,  0.02178125
,,,8.36000011e-009,  0.01907031
,,,8.40000011e-009,  0.01646875
,,,8.44000011e-009,  0.01415625
,,,8.48000011e-009,  0.01223438
,,,8.52000011e-009,  0.01071875
,,,8.56000011e-009, 0.009617188
,,,8.60000011e-009, 0.008882813
,,,8.64000012e-009, 0.008351563
,,,8.68000012e-009,  0.00796875
,,,8.72000012e-009,  0.00759375
,,,8.76000012e-009,  0.00703125
,,,8.80000012e-009,   0.0061875
,,,8.84000012e-009,   0.0050625
,,,8.88000012e-009, 0.003507813
,,,8.92000012e-009, 0.001570313
,,,8.96000012e-009,-0.0005703125
,,,9.00000012e-009,-0.002960938
,,,9.04000012e-009,-0.005453125
,,,9.08000012e-009,   -0.007875
,,,9.12000012e-009, -0.01013281
,,,9.16000012e-009, -0.01221094
,,,9.20000012e-009, -0.01396875
,,,9.24000012e-009, -0.01539063
,,,9.28000012e-009,  -0.0164375
,,,9.32000012e-009, -0.01724219
,,,9.36000012e-009,    -0.01775
,,,9.40000013e-009, -0.01803906
,,,9.44000013e-009, -0.01819531
,,,9.48000013e-009, -0.01829688
,,,9.52000013e-009, -0.01844531
,,,9.56000013e-009, -0.01870313
,,,9.60000013e-009,   -0.019125
,,,9.64000013e-009, -0.01973438
,,,9.68000013e-009, -0.02052344
,,,9.72000013e-009, -0.02159375
,,,9.76000013e-009, -0.02285156
,,,9.80000013e-009,   -0.024125
,,,9.84000013e-009, -0.02542188
,,,9.88000013e-009, -0.02650781
,,,9.92000013e-009,   -0.027375
,,,9.96000013e-009,  -0.0279375
,,,1.00000001e-008, -0.02803906
,,,1.00400001e-008, -0.02778125
,,,1.00800001e-008, -0.02705469
,,,1.01200001e-008, -0.02608594
,,,1.01600001e-008, -0.02479688
,,,1.02000001e-008, -0.02336719
,,,1.02400001e-008, -0.02188281
,,,1.02800001e-008, -0.02038281
,,,1.03200001e-008, -0.01896875
,,,1.03600001e-008, -0.01764844
,,,1.04000001e-008, -0.01649219
,,,1.04400001e-008, -0.01551563
,,,1.04800001e-008, -0.01469531
,,,1.05200001e-008, -0.01407813
,,,1.05600001e-008, -0.01361719
,,,1.06000001e-008,    -0.01325
,,,1.06400001e-008,      -0.013
,,,1.06800001e-008, -0.01279688
,,,1.07200001e-008, -0.01240625
,,,1.07600001e-008, -0.01179688
,,,1.08000001e-008, -0.01100781
,,,1.08400001e-008,-0.009773438
,,,1.08800001e-008, -0.00828125
,,,1.09200001e-008,-0.006429688
,,,1.09600001e-008,-0.004335938
,,,1.10000001e-008,   -0.002125
,,,1.10400001e-008,3.90625e-005
,,,1.10800001e-008,   0.0021875
,,,1.11200001e-008, 0.004109375
,,,1.11600001e-008, 0.005804688
,,,1.12000001e-008,     0.00725
,,,1.12400002e-008,      0.0085
,,,1.12800002e-008, 0.009453125
,,,1.13200002e-008,  0.01024219
,,,1.13600002e-008,  0.01082031
,,,1.14000002e-008,  0.01135156
,,,1.14400002e-008,  0.01179688
,,,1.14800002e-008,  0.01215625
,,,1.15200002e-008,      0.0125
,,,1.15600002e-008,  0.01282031
,,,1.16000002e-008,     0.01325
,,,1.16400002e-008,  0.01371875
,,,1.16800002e-008,  0.01428125
,,,1.17200002e-008,  0.01498438
,,,1.17600002e-008,     0.01575
,,,1.18000002e-008,  0.01672656
,,,1.18400002e-008,  0.01778906
,,,1.18800002e-008,  0.01883594
,,,1.19200002e-008,  0.01989844
,,,1.19600002e-008,  0.02078125
,,,1.20000002e-008,  0.02158594
,,,1.20400002e-008,  0.02214063
,,,1.20800002e-008,      0.0225
,,,1.21200002e-008,    0.022625
,,,1.21600002e-008,   0.0225625
,,,1.22000002e-008,   0.0223125
,,,1.22400002e-008,  0.02189063
,,,1.22800002e-008,  0.02132813
,,,1.23200002e-008,   0.0206875
,,,1.23600002e-008,  0.01997656
,,,1.24000002e-008,  0.01920313
,,,1.24400002e-008,  0.01842188
,,,1.24800002e-008,  0.01766406
,,,1.25200002e-008,  0.01689844
,,,1.25600002e-008,  0.01617969
,,,1.26000002e-008,   0.0154375
,,,1.26400002e-008,  0.01482031
,,,1.26800002e-008,    0.014125
,,,1.27200002e-008,  0.01342969
,,,1.27600002e-008,  0.01265625
,,,1.28000002e-008,  0.01188281
,,,1.28400002e-008,  0.01098438
,,,1.28800002e-008,  0.01003125
,,,1.29200002e-008, 0.008953125
,,,1.29600002e-008, 0.007796875
,,,1.30000002e-008, 0.006640625
,,,1.30400002e-008,  0.00540625
,,,1.30800002e-008,  0.00415625
,,,1.31200002e-008, 0.002882813
,,,1.31600002e-008,  0.00165625
,,,1.32000002e-008,0.0005078125
,,,1.32400002e-008,-0.0006171875
,,,1.32800002e-008,-0.001648438
,,,1.33200002e-008,-0.002570313
,,,1.33600002e-008,-0.003445313
,,,1.34000002e-008,-0.004289063
,,,1.34400002e-008, -0.00503125
,,,1.34800002e-008,-0.005757813
,,,1.35200002e-008,-0.006453125
,,,1.35600002e-008,  -0.0071875
,,,1.36000002e-008, -0.00790625
,,,1.36400002e-008, -0.00859375
,,,1.36800002e-008,-0.009359375
,,,1.37200002e-008, -0.01017969
,,,1.37600002e-008,      -0.011
,,,1.38000002e-008, -0.01182813
,,,1.38400002e-008, -0.01264844
,,,1.38800002e-008, -0.01338281
,,,1.39200002e-008, -0.01409375
,,,1.39600002e-008, -0.01464844
,,,1.40000002e-008, -0.01517969
,,,1.40400002e-008, -0.01560156
,,,1.40800002e-008, -0.01597656
,,,1.41200002e-008, -0.01639844
,,,1.41600002e-008, -0.01669531
,,,1.42000002e-008, -0.01702344
,,,1.42400002e-008,  -0.0173125
,,,1.42800002e-008, -0.01757813
,,,1.43200002e-008, -0.01779688
,,,1.43600002e-008, -0.01790625
,,,1.44000002e-008, -0.01798438
,,,1.44400002e-008, -0.01792969
,,,1.44800002e-008, -0.01790625
,,,1.45200002e-008, -0.01782813
,,,1.45600002e-008, -0.01779688
,,,1.46000002e-008, -0.01776563
,,,1.46400002e-008, -0.01771094
,,,1.46800002e-008, -0.01759375
,,,1.47200002e-008, -0.01747656
,,,1.47600002e-008, -0.01727344
,,,1.48000002e-008, -0.01692969
,,,1.48400002e-008, -0.01646094
,,,1.48800002e-008,   -0.015875
,,,1.49200002e-008, -0.01521875
,,,1.49600002e-008, -0.01450781
,,,1.50000002e-008, -0.01376563
,,,1.50400002e-008, -0.01294531
,,,1.50800002e-008, -0.01216406
,,,1.51200002e-008, -0.01140625
,,,1.51600002e-008, -0.01051563
,,,1.52000002e-008,-0.009765625
,,,1.52400002e-008,-0.008921875
,,,1.52800002e-008, -0.00809375
,,,1.53200002e-008, -0.00734375
,,,1.53600002e-008,-0.006554688
,,,1.54000002e-008,-0.005820313
,,,1.54400002e-008,-0.005070313
,,,1.54800002e-008,  -0.0043125
,,,1.55200002e-008,-0.003578125
,,,1.55600002e-008,-0.002765625
,,,1.56000002e-008,-0.001953125
,,,1.56400002e-008,-0.001046875
,,,1.56800002e-008,-0.0001328125
,,,1.57200002e-008,0.0008515625
,,,1.57600002e-008, 0.001859375
,,,1.58000002e-008, 0.002929688
,,,1.58400002e-008, 0.004023438
,,,1.58800002e-008,  0.00515625
,,,1.59200002e-008, 0.006226563
,,,1.59600002e-008,  0.00728125
,,,1.60000002e-008, 0.008203125
,,,1.60400002e-008,    0.009125
,,,1.60800002e-008, 0.009828125
,,,1.61200002e-008,  0.01041406
,,,1.61600002e-008,  0.01089844
,,,1.62000002e-008,  0.01126563
,,,1.62400002e-008,  0.01159375
,,,1.62800002e-008,  0.01178906
,,,1.63200002e-008,  0.01203906
,,,1.63600002e-008,  0.01224219
,,,1.64000002e-008,  0.01242969
,,,1.64400002e-008,  0.01264844
,,,1.64800002e-008,  0.01285156
,,,1.65200002e-008,    0.013125
,,,1.65600002e-008,  0.01338281
,,,1.66000002e-008,  0.01369531
,,,1.66400002e-008,   0.0140625
,,,1.66800002e-008,  0.01442969
,,,1.67200002e-008,  0.01478906
,,,1.67600002e-008,  0.01517188
,,,1.68000002e-008,  0.01544531
,,,1.68400002e-008,  0.01566406
,,,1.68800002e-008,  0.01576563
,,,1.69200002e-008,  0.01571094
,,,1.69600002e-008,  0.01557813
,,,1.70000002e-008,  0.01532031
,,,1.70400002e-008,  0.01495313
,,,1.70800002e-008,  0.01453906
,,,1.71200002e-008,  0.01408594
,,,1.71600002e-008,  0.01359375
,,,1.72000002e-008,  0.01305469
,,,1.72400002e-008,  0.01251563
,,,1.72800002e-008,  0.01196094
,,,1.73200002e-008,   0.0114375
,,,1.73600002e-008,    0.010875
,,,1.74000002e-008,  0.01035156
,,,1.74400002e-008, 0.009835938
,,,1.74800002e-008, 0.009304688
,,,1.75200002e-008,     0.00875
,,,1.75600002e-008, 0.008242188
,,,1.76000002e-008, 0.007671875
,,,1.76400002e-008, 0.007023438
,,,1.76800002e-008, 0.006429688
,,,1.77200002e-008,   0.0058125
,,,1.77600002e-008, 0.005140625
,,,1.78000002e-008, 0.004460938
,,,1.78400002e-008, 0.003804688
,,,1.78800002e-008, 0.003007813
,,,1.79200002e-008,     0.00225
,,,1.79600002e-008, 0.001476563
,,,1.80000002e-008, 0.000578125
,,,1.80400002e-008,  -0.0003125
,,,1.80800002e-008,-0.001210938
,,,1.81200002e-008, -0.00215625
,,,1.81600002e-008,      -0.003
,,,1.82000002e-008,-0.003851563
,,,1.82400002e-008,-0.004609375
,,,1.82800002e-008,    -0.00525
,,,1.83200002e-008,-0.005804688
,,,1.83600002e-008,-0.006335938
,,,1.84000002e-008,    -0.00675
,,,1.84400002e-008,   -0.007125
,,,1.84800002e-008,  -0.0074375
,,,1.85200002e-008,-0.007742188
,,,1.85600002e-008,-0.008046875
,,,1.86000002e-008, -0.00834375
,,,1.86400002e-008,-0.008640625
,,,1.86800002e-008,-0.008992188
,,,1.87200002e-008,-0.009398438
,,,1.87600003e-008,-0.009789063
,,,1.88000003e-008, -0.01024219
,,,1.88400003e-008, -0.01069531
,,,1.88800003e-008,   -0.011125
,,,1.89200003e-008, -0.01155469
,,,1.89600003e-008, -0.01185156
,,,1.90000003e-008, -0.01217969
,,,1.90400003e-008, -0.01240625
,,,1.90800003e-008, -0.01257813
,,,1.91200003e-008,    -0.01275
,,,1.91600003e-008, -0.01290625
,,,1.92000003e-008, -0.01307813
,,,1.92400003e-008, -0.01322656
,,,1.92800003e-008, -0.01334375
,,,1.93200003e-008, -0.01350781
,,,1.93600003e-008, -0.01360938
,,,1.94000003e-008, -0.01377344
,,,1.94400003e-008, -0.01379688
,,,1.94800003e-008, -0.01378906
,,,1.95200003e-008, -0.01372656
,,,1.95600003e-008, -0.01365625
,,,1.96000003e-008, -0.01350781
,,,1.96400003e-008, -0.01339063
,,,1.96800003e-008,  -0.0131875
,,,1.97200003e-008, -0.01292969
,,,1.97600003e-008, -0.01264063
,,,1.98000003e-008,    -0.01225
,,,1.98400003e-008, -0.01178125
,,,1.98800003e-008, -0.01122656
,,,1.99200003e-008, -0.01058594
,,,1.99600003e-008,-0.009914063
,,,2.00000003e-008,-0.009109375
,,,2.00400003e-008,-0.008289063
,,,2.00800003e-008,-0.007414063
,,,2.01200003e-008,-0.006554688
,,,2.01600003e-008,-0.005765625
,,,2.02000003e-008,-0.004976563
,,,2.02400003e-008,-0.004265625
,,,2.02800003e-008,-0.003601563
,,,2.03200003e-008,-0.003007813
,,,2.03600003e-008,-0.002421875
,,,2.04000003e-008,   -0.001875
,,,2.04400003e-008,-0.001367188
,,,2.04800003e-008,-0.0008671875
,,,2.05200003e-008,-0.000421875
,,,2.05600003e-008,  9.375e-005
,,,2.06000003e-008,0.0006015625
,,,2.06400003e-008, 0.001164063
,,,2.06800003e-008, 0.001640625
,,,2.07200003e-008, 0.002234375
,,,2.07600003e-008, 0.002773438
,,,2.08000003e-008,  0.00334375
,,,2.08400003e-008, 0.003921875
,,,2.08800003e-008, 0.004492188
,,,2.09200003e-008, 0.004992188
,,,2.09600003e-008,   0.0055625
,,,2.10000003e-008, 0.006070313
,,,2.10400003e-008,  0.00659375
,,,2.10800003e-008, 0.007054688
,,,2.11200003e-008, 0.007476563
,,,2.11600003e-008, 0.007796875
,,,2.12000003e-008,  0.00803125
,,,2.12400003e-008, 0.008195313
,,,2.12800003e-008, 0.008273438
,,,2.13200003e-008, 0.008335938
,,,2.13600003e-008, 0.008421875
,,,2.14000003e-008, 0.008476563
,,,2.14400003e-008, 0.008585938
,,,2.14800003e-008, 0.008835938
,,,2.15200003e-008, 0.009039063
,,,2.15600003e-008, 0.009289063
,,,2.16000003e-008, 0.009585938
,,,2.16400003e-008, 0.009851563
,,,2.16800003e-008,        0.01
,,,2.17200003e-008,  0.01017969
,,,2.17600003e-008,  0.01021094
,,,2.18000003e-008,  0.01021875
,,,2.18400003e-008,  0.01014844
,,,2.18800003e-008, 0.009984375
,,,2.19200003e-008, 0.009796875
,,,2.19600003e-008,   0.0095625
,,,2.20000003e-008, 0.009265625
,,,2.20400003e-008, 0.009078125
,,,2.20800003e-008, 0.008804688
,,,2.21200003e-008,    0.008625
,,,2.21600003e-008, 0.008570313
,,,2.22000003e-008, 0.008507813
,,,2.22400003e-008, 0.008546875
,,,2.22800003e-008, 0.008664063
,,,2.23200003e-008, 0.008835938
,,,2.23600003e-008, 0.009054688
,,,2.24000003e-008, 0.009320313
,,,2.24400003e-008, 0.009601563
,,,2.24800003e-008, 0.009890625
,,,2.25200003e-008,  0.01008594
,,,2.25600003e-008,  0.01021094
,,,2.26000003e-008,  0.01017969
,,,2.26400003e-008, 0.009984375
,,,2.26800003e-008, 0.009617188
,,,2.27200003e-008, 0.008984375
,,,2.27600003e-008, 0.008148438
,,,2.28000003e-008, 0.007132813
,,,2.28400003e-008,       0.006
,,,2.28800003e-008,     0.00475
,,,2.29200003e-008, 0.003492188
,,,2.29600003e-008,   0.0023125
,,,2.30000003e-008, 0.001179688
,,,2.30400003e-008,0.0001484375
,,,2.30800003e-008,-0.0007578125
,,,2.31200003e-008,-0.001539063
,,,2.31600003e-008,  -0.0021875
,,,2.32000003e-008,-0.002703125
,,,2.32400003e-008,-0.003109375
,,,2.32800003e-008,-0.003382813
,,,2.33200003e-008, -0.00359375
,,,2.33600003e-008,-0.003765625
,,,2.34000003e-008,   -0.003875
,,,2.34400003e-008,-0.003929688
,,,2.34800003e-008,-0.004085938
,,,2.35200003e-008, -0.00434375
,,,2.35600003e-008,-0.004609375
,,,2.36000003e-008,-0.004992188
,,,2.36400003e-008,-0.005453125
,,,2.36800003e-008, -0.00590625
,,,2.37200003e-008,   -0.006375
,,,2.37600003e-008,-0.006828125
,,,2.38000003e-008,-0.007273438
,,,2.38400003e-008,-0.007632813
,,,2.38800003e-008,  -0.0079375
,,,2.39200003e-008,  -0.0081875
,,,2.39600003e-008,-0.008296875
,,,2.40000003e-008,-0.008265625
,,,2.40400003e-008,-0.008242188
,,,2.40800003e-008,-0.008085938
,,,2.41200003e-008,-0.007851563
,,,2.41600003e-008,-0.007578125
,,,2.42000003e-008,-0.007367188
,,,2.42400003e-008,-0.007164063
,,,2.42800003e-008,-0.007117188
,,,2.43200003e-008,-0.007109375
,,,2.43600003e-008,    -0.00725
,,,2.44000003e-008,-0.007421875
,,,2.44400003e-008, -0.00765625
,,,2.44800003e-008,      -0.008
,,,2.45200003e-008,-0.008359375
,,,2.45600003e-008,-0.008757813
,,,2.46000003e-008, -0.00915625
,,,2.46400003e-008,  -0.0095625
,,,2.46800003e-008,-0.009882813
,,,2.47200003e-008, -0.01021094
,,,2.47600003e-008, -0.01042969
,,,2.48000003e-008, -0.01057813
,,,2.48400003e-008, -0.01066406
,,,2.48800003e-008, -0.01059375
,,,2.49200003e-008, -0.01052344
,,,2.49600003e-008, -0.01035938
,,,2.50000003e-008, -0.01014844
,,,2.50400003e-008,-0.009757813
,,,2.50800003e-008,-0.009382813
,,,2.51200003e-008,-0.008992188
,,,2.51600003e-008,-0.008617188
,,,2.52000003e-008,-0.008132813
,,,2.52400003e-008,  -0.0078125
,,,2.52800003e-008,-0.007429688
,,,2.53200003e-008,-0.007078125
,,,2.53600003e-008,-0.006734375
,,,2.54000003e-008,-0.006414063
,,,2.54400003e-008,-0.005992188
,,,2.54800003e-008,-0.005554688
,,,2.55200003e-008, -0.00509375
,,,2.55600003e-008,-0.004554688
,,,2.56000003e-008,-0.004085938
,,,2.56400003e-008,-0.003617188
,,,2.56800003e-008,-0.003148438
,,,2.57200003e-008,-0.002695313
,,,2.57600003e-008,-0.002320313
,,,2.58000003e-008,-0.001898438
,,,2.58400003e-008,-0.001507813
,,,2.58800003e-008,-0.001023438
,,,2.59200003e-008,  -0.0005625
,,,2.59600003e-008,-1.5625e-005
,,,2.60000003e-008,0.0006015625
,,,2.60400003e-008, 0.001140625
,,,2.60800003e-008, 0.001734375
,,,2.61200003e-008, 0.002351563
,,,2.61600003e-008,       0.003
,,,2.62000003e-008, 0.003679688
,,,2.62400004e-008, 0.004328125
,,,2.62800004e-008, 0.005078125
,,,2.63200004e-008,  0.00584375
,,,2.63600004e-008, 0.006570313
,,,2.64000004e-008, 0.007273438
,,,2.64400004e-008, 0.007898438
,,,2.64800004e-008, 0.008445313
,,,2.65200004e-008,  0.00890625
,,,2.65600004e-008, 0.009265625
,,,2.66000004e-008, 0.009453125
,,,2.66400004e-008, 0.009664063
,,,2.66800004e-008, 0.009734375
,,,2.67200004e-008, 0.009765625
,,,2.67600004e-008, 0.009773438
,,,2.68000004e-008, 0.009710938
,,,2.68400004e-008,    0.009625
,,,2.68800004e-008, 0.009507813
,,,2.69200004e-008, 0.009398438
,,,2.69600004e-008, 0.009289063
,,,2.70000004e-008,   0.0091875
,,,2.70400004e-008, 0.009078125
,,,2.70800004e-008, 0.009015625
,,,2.71200004e-008, 0.008960938
,,,2.71600004e-008, 0.008882813
,,,2.72000004e-008, 0.008828125
,,,2.72400004e-008,  0.00871875
,,,2.72800004e-008, 0.008679688
,,,2.73200004e-008, 0.008554688
,,,2.73600004e-008, 0.008476563
,,,2.74000004e-008, 0.008351563
,,,2.74400004e-008,     0.00825
,,,2.74800004e-008, 0.008132813
,,,2.75200004e-008, 0.008078125
,,,2.75600004e-008, 0.008007813
,,,2.76000004e-008, 0.007882813
,,,2.76400004e-008, 0.007789063
,,,2.76800004e-008, 0.007640625
,,,2.77200004e-008, 0.007398438
,,,2.77600004e-008, 0.007132813
,,,2.78000004e-008, 0.006765625
,,,2.78400004e-008, 0.006289063
,,,2.78800004e-008, 0.005804688
,,,2.79200004e-008, 0.005289063
,,,2.79600004e-008, 0.004664063
,,,2.80000004e-008, 0.004132813
,,,2.80400004e-008,      0.0035
,,,2.80800004e-008, 0.002945313
,,,2.81200004e-008, 0.002382813
,,,2.81600004e-008, 0.001804688
,,,2.82000004e-008, 0.001226563
,,,2.82400004e-008,    0.000625
,,,2.82800004e-008,  9.375e-005
,,,2.83200004e-008,-0.000484375
,,,2.83600004e-008,-0.001007813
,,,2.84000004e-008, -0.00146875
,,,2.84400004e-008,-0.001867188
,,,2.84800004e-008,-0.002257813
,,,2.85200004e-008,-0.002585938
,,,2.85600004e-008,-0.002882813
,,,2.86000004e-008,-0.003171875
,,,2.86400004e-008,-0.003460938
,,,2.86800004e-008,-0.003789063
,,,2.87200004e-008,-0.004078125
,,,2.87600004e-008,   -0.004375
,,,2.88000004e-008,-0.004640625
,,,2.88400004e-008,-0.004914063
,,,2.88800004e-008,-0.005171875
,,,2.89200004e-008,-0.005414063
,,,2.89600004e-008,-0.005632813
,,,2.90000004e-008,-0.005851563
,,,2.90400004e-008,-0.006046875
,,,2.90800004e-008,-0.006289063
,,,2.91200004e-008,-0.006460938
,,,2.91600004e-008,-0.006539063
,,,2.92000004e-008,-0.006609375
,,,2.92400004e-008,   -0.006625
,,,2.92800004e-008,-0.006554688
,,,2.93200004e-008,-0.006460938
,,,2.93600004e-008,-0.006382813
,,,2.94000004e-008,-0.006296875
,,,2.94400004e-008,-0.006289063
,,,2.94800004e-008,-0.006273438
,,,2.95200004e-008,  -0.0063125
,,,2.95600004e-008,-0.006390625
,,,2.96000004e-008,-0.006453125
,,,2.96400004e-008,-0.006515625
,,,2.96800004e-008,  -0.0065625
,,,2.97200004e-008,-0.006617188
,,,2.97600004e-008,-0.006632813
,,,2.98000004e-008,-0.006742188
,,,2.98400004e-008,-0.006773438
,,,2.98800004e-008,-0.006828125
,,,2.99200004e-008,-0.006851563
,,,2.99600004e-008,-0.006820313
,,,3.00000004e-008,-0.006804688
,,,3.00400004e-008,-0.006695313
,,,3.00800004e-008,-0.006554688
,,,3.01200004e-008,  -0.0064375
,,,3.01600004e-008, -0.00634375
,,,3.02000004e-008,-0.006234375
,,,3.02400004e-008,-0.006210938
,,,3.02800004e-008, -0.00621875
,,,3.03200004e-008,-0.006226563
,,,3.03600004e-008,-0.006296875
,,,3.04000004e-008, -0.00634375
,,,3.04400004e-008,-0.006429688
,,,3.04800004e-008,-0.006335938
,,,3.05200004e-008,-0.006289063
,,,3.05600004e-008, -0.00615625
,,,3.06000004e-008,-0.005867188
,,,3.06400004e-008,-0.005570313
,,,3.06800004e-008,-0.005132813
,,,3.07200004e-008,-0.004773438
,,,3.07600004e-008,  -0.0043125
,,,3.08000004e-008,   -0.003875
,,,3.08400004e-008,-0.003414063
,,,3.08800004e-008,-0.002984375
,,,3.09200004e-008,  -0.0025625
,,,3.09600004e-008,-0.002203125
,,,3.10000004e-008,-0.001867188
,,,3.10400004e-008,-0.001554688
,,,3.10800004e-008,-0.001257813
,,,3.11200004e-008,-0.0009609375
,,,3.11600004e-008,-0.0007265625
,,,3.12000004e-008,-0.0004453125
,,,3.12400004e-008,-0.0002265625
,,,3.12800004e-008,  3.125e-005
,,,3.13200004e-008,0.0003046875
,,,3.13600004e-008,0.0005390625
,,,3.14000004e-008,0.0008359375
,,,3.14400004e-008,  0.00115625
,,,3.14800004e-008, 0.001546875
,,,3.15200004e-008, 0.002015625
,,,3.15600004e-008, 0.002453125
,,,3.16000004e-008, 0.002898438
,,,3.16400004e-008, 0.003382813
,,,3.16800004e-008, 0.003796875
,,,3.17200004e-008, 0.004179688
,,,3.17600004e-008,  0.00446875
,,,3.18000004e-008,     0.00475
,,,3.18400004e-008, 0.004890625
,,,3.18800004e-008, 0.005046875
,,,3.19200004e-008, 0.005109375
,,,3.19600004e-008, 0.005195313
,,,3.20000004e-008, 0.005203125
,,,3.20400004e-008, 0.005304688
,,,3.20800004e-008, 0.005476563
,,,3.21200004e-008, 0.005632813
,,,3.21600004e-008, 0.005898438
,,,3.22000004e-008,    0.006125
,,,3.22400004e-008, 0.006453125
,,,3.22800004e-008, 0.006726563
,,,3.23200004e-008,  0.00696875
,,,3.23600004e-008, 0.007203125
,,,3.24000004e-008, 0.007359375
,,,3.24400004e-008, 0.007554688
,,,3.24800004e-008, 0.007710938
,,,3.25200004e-008, 0.007867188
,,,3.25600004e-008, 0.007914063
,,,3.26000004e-008,  0.00796875
,,,3.26400004e-008,  0.00796875
,,,3.26800004e-008, 0.007882813
,,,3.27200004e-008, 0.007757813
,,,3.27600004e-008, 0.007515625
,,,3.28000004e-008, 0.007304688
,,,3.28400004e-008, 0.007039063
,,,3.28800004e-008, 0.006820313
,,,3.29200004e-008,    0.006625
,,,3.29600004e-008, 0.006429688
,,,3.30000004e-008, 0.006320313
,,,3.30400004e-008, 0.006148438
,,,3.30800004e-008,  0.00603125
,,,3.31200004e-008, 0.005804688
,,,3.31600004e-008, 0.005546875
,,,3.32000004e-008,  0.00515625
,,,3.32400004e-008, 0.004820313
,,,3.32800004e-008, 0.004382813
,,,3.33200004e-008, 0.003914063
,,,3.33600004e-008,  0.00346875
,,,3.34000004e-008, 0.002921875
,,,3.34400004e-008, 0.002414063
,,,3.34800004e-008,   0.0019375
,,,3.35200004e-008,  0.00140625
,,,3.35600004e-008,0.0008828125
,,,3.36000004e-008,  0.00046875
,,,3.36400004e-008,5.46875e-005
,,,3.36800004e-008,-0.000265625
,,,3.37200005e-008,-0.000515625
,,,3.37600005e-008, -0.00065625
,,,3.38000005e-008,-0.0008046875
,,,3.38400005e-008,-0.0008359375
,,,3.38800005e-008, -0.00090625
,,,3.39200005e-008, -0.00103125
,,,3.39600005e-008,-0.001148438
,,,3.40000005e-008,-0.001320313
,,,3.40400005e-008, -0.00159375
,,,3.40800005e-008,-0.001953125
,,,3.41200005e-008,-0.002328125
,,,3.41600005e-008,-0.002695313
,,,3.42000005e-008,   -0.003125
,,,3.42400005e-008,-0.003617188
,,,3.42800005e-008,-0.004070313
,,,3.43200005e-008, -0.00440625
,,,3.43600005e-008,-0.004820313
,,,3.44000005e-008,-0.005148438
,,,3.44400005e-008, -0.00540625
,,,3.44800005e-008,-0.005617188
,,,3.45200005e-008,-0.005789063
,,,3.45600005e-008,-0.005820313
,,,3.46000005e-008,-0.005890625
,,,3.46400005e-008,-0.005835938
,,,3.46800005e-008,  -0.0058125
,,,3.47200005e-008, -0.00571875
,,,3.47600005e-008,-0.005695313
,,,3.48000005e-008,    -0.00575
,,,3.48400005e-008,-0.005773438
,,,3.48800005e-008,-0.005773438
,,,3.49200005e-008,  -0.0058125
,,,3.49600005e-008,-0.005859375
,,,3.50000005e-008,-0.005914063
,,,3.50400005e-008,-0.005890625
,,,3.50800005e-008,-0.005890625
,,,3.51200005e-008,-0.005867188
,,,3.51600005e-008,-0.005851563
,,,3.52000005e-008,-0.005859375
,,,3.52400005e-008,   -0.005875
,,,3.52800005e-008,-0.005914063
,,,3.53200005e-008,-0.005851563
,,,3.53600005e-008,-0.005773438
,,,3.54000005e-008,-0.005679688
,,,3.54400005e-008,-0.005546875
,,,3.54800005e-008,-0.005367188
,,,3.55200005e-008,-0.005234375
,,,3.55600005e-008, -0.00503125
,,,3.56000005e-008,-0.004882813
,,,3.56400005e-008,    -0.00475
,,,3.56800005e-008,-0.004601563
,,,3.57200005e-008, -0.00453125
,,,3.57600005e-008,-0.004445313
,,,3.58000005e-008,   -0.004375
,,,3.58400005e-008,-0.004328125
,,,3.58800005e-008,-0.004226563
,,,3.59200005e-008, -0.00409375
,,,3.59600005e-008,-0.003960938
,,,3.60000005e-008,-0.003851563
,,,3.60400005e-008,-0.003648438
,,,3.60800005e-008,-0.003445313
,,,3.61200005e-008,-0.003226563
,,,3.61600005e-008,-0.002929688
,,,3.62000005e-008,-0.002664063
,,,3.62400005e-008,-0.002359375
,,,3.62800005e-008,-0.002054688
,,,3.63200005e-008,-0.001710938
,,,3.63600005e-008,-0.001421875
,,,3.64000005e-008,-0.001148438
,,,3.64400005e-008, -0.00090625
,,,3.64800005e-008,    -0.00075
,,,3.65200005e-008,-0.000546875
,,,3.65600005e-008,-0.0003984375
,,,3.66000005e-008,-0.0002109375
,,,3.66400005e-008,-7.8125e-006
,,,3.66800005e-008, 0.000203125
,,,3.67200005e-008,  0.00046875
,,,3.67600005e-008,0.0006953125
,,,3.68000005e-008,0.0009453125
,,,3.68400005e-008, 0.001195313
,,,3.68800005e-008, 0.001390625
,,,3.69200005e-008, 0.001632813
,,,3.69600005e-008,   0.0018125
,,,3.70000005e-008,   0.0020625
,,,3.70400005e-008, 0.002273438
,,,3.70800005e-008, 0.002484375
,,,3.71200005e-008, 0.002695313
,,,3.71600005e-008,   0.0029375
,,,3.72000005e-008, 0.003171875
,,,3.72400005e-008,    0.003375
,,,3.72800005e-008, 0.003585938
,,,3.73200005e-008, 0.003710938
,,,3.73600005e-008, 0.003742188
,,,3.74000005e-008, 0.003890625
,,,3.74400005e-008, 0.003898438
,,,3.74800005e-008, 0.003890625
,,,3.75200005e-008, 0.003929688
,,,3.75600005e-008, 0.003929688
,,,3.76000005e-008, 0.003945313
,,,3.76400005e-008, 0.004023438
,,,3.76800005e-008, 0.004070313
,,,3.77200005e-008, 0.004226563
,,,3.77600005e-008, 0.004335938
,,,3.78000005e-008, 0.004414063
,,,3.78400005e-008, 0.004507813
,,,3.78800005e-008,  0.00459375
,,,3.79200005e-008, 0.004539063
,,,3.79600005e-008, 0.004554688
,,,3.80000005e-008, 0.004539063
,,,3.80400005e-008, 0.004398438
,,,3.80800005e-008, 0.004320313
,,,3.81200005e-008, 0.004179688
,,,3.81600005e-008, 0.004046875
,,,3.82000005e-008,    0.003875
,,,3.82400005e-008,   0.0036875
,,,3.82800005e-008, 0.003523438
,,,3.83200005e-008, 0.003289063
,,,3.83600005e-008, 0.003117188
,,,3.84000005e-008, 0.002929688
,,,3.84400005e-008, 0.002742188
,,,3.84800005e-008,    0.002625
,,,3.85200005e-008,      0.0025
,,,3.85600005e-008, 0.002460938
,,,3.86000005e-008, 0.002359375
,,,3.86400005e-008, 0.002289063
,,,3.86800005e-008, 0.002195313
,,,3.87200005e-008, 0.002109375
,,,3.87600005e-008, 0.001945313
,,,3.88000005e-008, 0.001742188
,,,3.88400005e-008, 0.001546875
,,,3.88800005e-008,    0.001375
,,,3.89200005e-008,    0.001125
,,,3.89600005e-008,  0.00090625
,,,3.90000005e-008, 0.000765625
,,,3.90400005e-008,0.0006015625
,,,3.90800005e-008,   0.0004375
,,,3.91200005e-008,0.0003359375
,,,3.91600005e-008,0.0002421875
,,,3.92000005e-008,3.90625e-005
,,,3.92400005e-008, -3.125e-005
,,,3.92800005e-008,-0.0002265625
,,,3.93200005e-008,-0.0003671875
,,,3.93600005e-008,-0.0004765625
,,,3.94000005e-008, -0.00059375
,,,3.94400005e-008,-0.000765625
,,,3.94800005e-008,-0.0008515625
,,,3.95200005e-008,-0.000921875
,,,3.95600005e-008,-0.001023438
,,,3.96000005e-008,-0.001117188
,,,3.96400005e-008,-0.001234375
,,,3.96800005e-008, -0.00134375
,,,3.97200005e-008,-0.001515625
,,,3.97600005e-008,   -0.001625
,,,3.98000005e-008,-0.001804688
,,,3.98400005e-008,-0.001953125
,,,3.98800005e-008,-0.002117188
,,,3.99200005e-008,-0.002257813
,,,3.99600005e-008,-0.002390625
,,,4.00000005e-008,-0.002515625
,,,4.00400005e-008,-0.002609375
,,,4.00800005e-008,-0.002703125
,,,4.01200005e-008,-0.002796875
,,,4.01600005e-008,-0.002820313
,,,4.02000005e-008,-0.002898438
,,,4.02400005e-008,  -0.0029375
,,,4.02800005e-008,-0.002960938
,,,4.03200005e-008,-0.003007813
,,,4.03600005e-008,  -0.0030625
,,,4.04000005e-008, -0.00315625
,,,4.04400005e-008,-0.003265625
,,,4.04800005e-008,-0.003289063
,,,4.05200005e-008,-0.003359375
,,,4.05600005e-008,-0.003421875
,,,4.06000005e-008,-0.003445313
,,,4.06400005e-008,     -0.0035
,,,4.06800005e-008,-0.003515625
,,,4.07200005e-008,-0.003507813
,,,4.07600005e-008,-0.003515625
,,,4.08000005e-008,-0.003546875
,,,4.08400005e-008,-0.003601563
,,,4.08800005e-008,  -0.0035625
,,,4.09200005e-008,-0.003484375
,,,4.09600005e-008,-0.003429688
,,,4.10000005e-008,-0.003335938
,,,4.10400005e-008,-0.003234375
,,,4.10800005e-008,-0.003085938
,,,4.11200005e-008,-0.003070313
,,,4.11600005e-008,-0.003015625
,,,4.12000006e-008,-0.003054688
,,,4.12400006e-008,-0.003046875
,,,4.12800006e-008,-0.003101563
,,,4.13200006e-008,   -0.003125
,,,4.13600006e-008,-0.003164063
,,,4.14000006e-008,-0.003101563
,,,4.14400006e-008, -0.00303125
,,,4.14800006e-008,-0.002945313
,,,4.15200006e-008,-0.002804688
,,,4.15600006e-008,-0.002664063
,,,4.16000006e-008,-0.002515625
,,,4.16400006e-008,-0.002414063
,,,4.16800006e-008,  -0.0021875
,,,4.17200006e-008, -0.00209375
,,,4.17600006e-008,  -0.0019375
,,,4.18000006e-008,-0.001851563
,,,4.18400006e-008,-0.001726563
,,,4.18800006e-008,-0.001648438
,,,4.19200006e-008, -0.00159375
,,,4.19600006e-008, -0.00153125
,,,4.20000006e-008,-0.001523438
,,,4.20400006e-008,-0.001453125
,,,4.20800006e-008, -0.00140625
,,,4.21200006e-008,-0.001320313
,,,4.21600006e-008,-0.001226563
,,,4.22000006e-008,-0.001070313
,,,4.22400006e-008,-0.000953125
,,,4.22800006e-008,-0.000828125
,,,4.23200006e-008,-0.000703125
,,,4.23600006e-008,-0.0005859375
,,,4.24000006e-008,     -0.0005
,,,4.24400006e-008,-0.0004296875
,,,4.24800006e-008,-0.0002890625
,,,4.25200006e-008,-0.000171875
,,,4.25600006e-008,-3.90625e-005
,,,4.26000006e-008,    0.000125
,,,4.26400006e-008,0.0002890625
,,,4.26800006e-008,0.0004140625
,,,4.27200006e-008, 0.000515625
,,,4.27600006e-008,0.0006015625
,,,4.28000006e-008, 0.000703125
,,,4.28400006e-008,0.0007890625
,,,4.28800006e-008,0.0008359375
,,,4.29200006e-008,0.0009296875
,,,4.29600006e-008, 0.001054688
,,,4.30000006e-008,   0.0011875
,,,4.30400006e-008, 0.001382813
,,,4.30800006e-008,      0.0015
,,,4.31200006e-008, 0.001695313
,,,4.31600006e-008, 0.001851563
,,,4.32000006e-008, 0.001953125
,,,4.32400006e-008,  0.00209375
,,,4.32800006e-008, 0.002117188
,,,4.33200006e-008, 0.002179688
,,,4.33600006e-008, 0.002203125
,,,4.34000006e-008, 0.002210938
,,,4.34400006e-008, 0.002265625
,,,4.34800006e-008,     0.00225
,,,4.35200006e-008,   0.0023125
,,,4.35600006e-008, 0.002382813
,,,4.36000006e-008, 0.002421875
,,,4.36400006e-008, 0.002390625
,,,4.36800006e-008, 0.002414063
,,,4.37200006e-008, 0.002421875
,,,4.37600006e-008,    0.002375
,,,4.38000006e-008, 0.002296875
,,,4.38400006e-008, 0.002289063
,,,4.38800006e-008, 0.002289063
,,,4.39200006e-008, 0.002359375
,,,4.39600006e-008, 0.002390625
,,,4.40000006e-008,   0.0024375
,,,4.40400006e-008, 0.002476563
,,,4.40800006e-008, 0.002523438
,,,4.41200006e-008,  0.00253125
,,,4.41600006e-008, 0.002523438
,,,4.42000006e-008,   0.0024375
,,,4.42400006e-008, 0.002414063
,,,4.42800006e-008, 0.002335938
,,,4.43200006e-008,     0.00225
,,,4.43600006e-008, 0.002109375
,,,4.44000006e-008,  0.00196875
,,,4.44400006e-008,    0.001875
,,,4.44800006e-008, 0.001742188
,,,4.45200006e-008, 0.001601563
,,,4.45600006e-008,  0.00153125
,,,4.46000006e-008, 0.001492188
,,,4.46400006e-008, 0.001414063
,,,4.46800006e-008, 0.001398438
,,,4.47200006e-008, 0.001351563
,,,4.47600006e-008,   0.0013125
,,,4.48000006e-008, 0.001210938
,,,4.48400006e-008,  0.00115625
,,,4.48800006e-008, 0.001015625
,,,4.49200006e-008,0.0009140625
,,,4.49600006e-008, 0.000734375
,,,4.50000006e-008,0.0006171875
,,,4.50400006e-008, 0.000390625
,,,4.50800006e-008, 0.000171875
,,,4.51200006e-008,-7.03125e-005
,,,4.51600006e-008,-0.0002890625
,,,4.52000006e-008,-0.000484375
,,,4.52400006e-008, -0.00071875
,,,4.52800006e-008,-0.0009140625
,,,4.53200006e-008,-0.001070313
,,,4.53600006e-008,-0.001179688
,,,4.54000006e-008, -0.00121875
,,,4.54400006e-008,-0.001226563
,,,4.54800006e-008,-0.001242188
,,,4.55200006e-008,-0.001289063
,,,4.55600006e-008,-0.001328125
,,,4.56000006e-008,-0.001320313
,,,4.56400006e-008,   -0.001375
,,,4.56800006e-008,-0.001390625
,,,4.57200006e-008, -0.00146875
,,,4.57600006e-008,-0.001539063
,,,4.58000006e-008, -0.00159375
,,,4.58400006e-008,-0.001601563
,,,4.58800006e-008,-0.001664063
,,,4.59200006e-008, -0.00171875
,,,4.59600006e-008,-0.001789063
,,,4.60000006e-008,-0.001921875
,,,4.60400006e-008,-0.001976563
,,,4.60800006e-008, -0.00209375
,,,4.61200006e-008, -0.00221875
,,,4.61600006e-008, -0.00234375
,,,4.62000006e-008,  -0.0024375
,,,4.62400006e-008,-0.002515625
,,,4.62800006e-008,   -0.002625
,,,4.63200006e-008,  -0.0026875
,,,4.63600006e-008,-0.002734375
,,,4.64000006e-008,-0.002820313
,,,4.64400006e-008, -0.00284375
,,,4.64800006e-008,-0.002867188
,,,4.65200006e-008,-0.002859375
,,,4.65600006e-008,-0.002828125
,,,4.66000006e-008,-0.002804688
,,,4.66400006e-008,-0.002742188
,,,4.66800006e-008,-0.002671875
,,,4.67200006e-008,-0.002671875
,,,4.67600006e-008, -0.00265625
,,,4.68000006e-008,-0.002695313
,,,4.68400006e-008,-0.002742188
,,,4.68800006e-008,-0.002789063
,,,4.69200006e-008,-0.002859375
,,,4.69600006e-008,  -0.0028125
,,,4.70000006e-008,    -0.00275
,,,4.70400006e-008,   -0.002625
,,,4.70800006e-008,-0.002460938
,,,4.71200006e-008,-0.002351563
,,,4.71600006e-008,-0.002195313
,,,4.72000006e-008,  -0.0020625
,,,4.72400006e-008,-0.002039063
,,,4.72800006e-008, -0.00203125
,,,4.73200006e-008, -0.00209375
,,,4.73600006e-008,-0.002195313
,,,4.74000006e-008,  -0.0021875
,,,4.74400006e-008,-0.002226563
,,,4.74800006e-008,-0.002273438
,,,4.75200006e-008,-0.002242188
,,,4.75600006e-008,-0.002234375
,,,4.76000006e-008,-0.002140625
,,,4.76400006e-008,  -0.0020625
,,,4.76800006e-008,      -0.002
,,,4.77200006e-008,-0.001851563
,,,4.77600006e-008,-0.001695313
,,,4.78000006e-008,-0.001601563
,,,4.78400006e-008,-0.001453125
,,,4.78800006e-008,-0.001296875
,,,4.79200006e-008,-0.001085938
,,,4.79600006e-008,-0.000953125
,,,4.80000006e-008,-0.0008359375
,,,4.80400006e-008,  -0.0006875
,,,4.80800006e-008,-0.0005859375
,,,4.81200006e-008,     -0.0005
,,,4.81600006e-008,-0.0004296875
,,,4.82000006e-008,-0.0003203125
,,,4.82400006e-008,-0.0002109375
,,,4.82800006e-008,-7.8125e-005
,,,4.83200006e-008,0.0001015625
,,,4.83600006e-008,     0.00025
,,,4.84000006e-008,0.0004296875
,,,4.84400006e-008,0.0005703125
,,,4.84800006e-008, 0.000734375
,,,4.85200006e-008,   0.0008125
,,,4.85600006e-008,0.0009296875
,,,4.86000006e-008, 0.001046875
,,,4.86400006e-008, 0.001132813
,,,4.86800006e-008, 0.001226563
,,,4.87200007e-008, 0.001335938
,,,4.87600007e-008,   0.0014375
,,,4.88000007e-008, 0.001515625
,,,4.88400007e-008, 0.001554688
,,,4.88800007e-008,   0.0015625
,,,4.89200007e-008, 0.001546875
,,,4.89600007e-008, 0.001546875
,,,4.90000007e-008,  0.00146875
,,,4.90400007e-008, 0.001429688
,,,4.90800007e-008, 0.001429688
,,,4.91200007e-008, 0.001429688
,,,4.91600007e-008, 0.001507813
,,,4.92000007e-008, 0.001578125
,,,4.92400007e-008, 0.001632813
,,,4.92800007e-008,     0.00175
,,,4.93200007e-008, 0.001828125
,,,4.93600007e-008, 0.001898438
,,,4.94000007e-008, 0.001929688
,,,4.94400007e-008, 0.002039063
,,,4.94800007e-008, 0.002054688
,,,4.95200007e-008, 0.002101563
,,,4.95600007e-008, 0.002101563
,,,4.96000007e-008,  0.00209375
,,,4.96400007e-008, 0.002078125
,,,4.96800007e-008, 0.002015625
,,,4.97200007e-008,  0.00196875
,,,4.97600007e-008,  0.00190625
,,,4.98000007e-008, 0.001804688
,,,4.98400007e-008, 0.001703125
,,,4.98800007e-008,    0.001625
,,,4.99200007e-008, 0.001554688
,,,4.99600007e-008, 0.001492188
,,,5.00000007e-008, 0.001429688
,,,5.00400007e-008, 0.001359375
,,,5.00800007e-008, 0.001359375
,,,5.01200007e-008, 0.001320313
,,,5.01600007e-008, 0.001296875
,,,5.02000007e-008, 0.001265625
,,,5.02400007e-008, 0.001257813
,,,5.02800007e-008, 0.001234375
,,,5.03200007e-008, 0.001210938
,,,5.03600007e-008, 0.001195313
,,,5.04000007e-008, 0.001195313
,,,5.04400007e-008, 0.001257813
,,,5.04800007e-008, 0.001234375
,,,5.05200007e-008, 0.001242188
,,,5.05600007e-008, 0.001148438
,,,5.06000007e-008, 0.001070313
,,,5.06400007e-008,0.0009296875
,,,5.06800007e-008,  0.00078125
,,,5.07200007e-008,0.0005703125
,,,5.07600007e-008,0.0004140625
,,,5.08000007e-008,0.0002734375
,,,5.08400007e-008,0.0001328125
,,,5.08800007e-008, 4.6875e-005
,,,5.09200007e-008, 7.8125e-006
,,,5.09600007e-008, -3.125e-005
,,,5.10000007e-008, -9.375e-005
,,,5.10400007e-008,-5.46875e-005
,,,5.10800007e-008,-0.0001015625
,,,5.11200007e-008,-0.000109375
,,,5.11600007e-008,-0.000171875
,,,5.12000007e-008,-0.0002109375
,,,5.12400007e-008,-0.0003359375
,,,5.12800007e-008,-0.000421875
,,,5.13200007e-008,-0.0005703125
,,,5.13600007e-008,-0.0006796875
,,,5.14000007e-008,-0.0008203125
,,,5.14400007e-008,-0.0009296875
,,,5.14800007e-008, -0.00096875
,,,5.15200007e-008,-0.001015625
,,,5.15600007e-008,-0.001101563
,,,5.16000007e-008,-0.001164063
,,,5.16400007e-008,-0.001234375
,,,5.16800007e-008,-0.001359375
,,,5.17200007e-008,-0.001492188
,,,5.17600007e-008,-0.001578125
,,,5.18000007e-008,-0.001734375
,,,5.18400007e-008,-0.001867188
,,,5.18800007e-008, -0.00196875
,,,5.19200007e-008,-0.002023438
,,,5.19600007e-008,  -0.0020625
,,,5.20000007e-008,-0.002101563
,,,5.20400007e-008,-0.002078125
,,,5.20800007e-008,   -0.002125
,,,5.21200007e-008,-0.002164063
,,,5.21600007e-008,-0.002179688
,,,5.22000007e-008,-0.002171875
,,,5.22400007e-008,-0.002203125
,,,5.22800007e-008, -0.00221875
,,,5.23200007e-008,-0.002265625
,,,5.23600007e-008,-0.002289063
,,,5.24000007e-008, -0.00228125
,,,5.24400007e-008,-0.002328125
,,,5.24800007e-008,-0.002382813
,,,5.25200007e-008,-0.002429688
,,,5.25600007e-008,-0.002460938
,,,5.26000007e-008,-0.002515625
,,,5.26400007e-008,-0.002546875
,,,5.26800007e-008,-0.002570313
,,,5.27200007e-008,   -0.002625
,,,5.27600007e-008,-0.002640625
,,,5.28000007e-008,-0.002671875
,,,5.28400007e-008,-0.002671875
,,,5.28800007e-008,-0.002664063
,,,5.29200007e-008,-0.002570313
,,,5.29600007e-008,-0.002515625
,,,5.30000007e-008,-0.002351563
,,,5.30400007e-008,-0.002273438
,,,5.30800007e-008, -0.00215625
,,,5.31200007e-008,-0.002023438
,,,5.31600007e-008, -0.00184375
,,,5.32000007e-008, -0.00178125
,,,5.32400007e-008, -0.00165625
,,,5.32800007e-008,-0.001609375
,,,5.33200007e-008, -0.00153125
,,,5.33600007e-008,-0.001507813
,,,5.34000007e-008,-0.001414063
,,,5.34400007e-008,-0.001414063
,,,5.34800007e-008,   -0.001375
,,,5.35200007e-008,-0.001367188
,,,5.35600007e-008,-0.001359375
,,,5.36000007e-008, -0.00134375
,,,5.36400007e-008,-0.001273438
,,,5.36800007e-008,-0.001210938
,,,5.37200007e-008,-0.001140625
,,,5.37600007e-008,-0.0009765625
,,,5.38000007e-008, -0.00084375
,,,5.38400007e-008,-0.000640625
,,,5.38800007e-008,-0.000484375
,,,5.39200007e-008,-0.0003203125
,,,5.39600007e-008,-0.0001796875
,,,5.40000007e-008,-7.8125e-006
,,,5.40400007e-008,0.0001171875
,,,5.40800007e-008, 0.000234375
,,,5.41200007e-008,0.0003046875
,,,5.41600007e-008, 0.000390625
,,,5.42000007e-008,  0.00046875
,,,5.42400007e-008, 0.000515625
,,,5.42800007e-008,0.0005859375
,,,5.43200007e-008, 0.000609375
,,,5.43600007e-008,  0.00065625
,,,5.44000007e-008, 0.000703125
,,,5.44400007e-008, 0.000640625
,,,5.44800007e-008,0.0007109375
,,,5.45200007e-008, 0.000640625
,,,5.45600007e-008,  0.00065625
,,,5.46000007e-008,0.0006640625
,,,5.46400007e-008,0.0006796875
,,,5.46800007e-008,0.0007109375
,,,5.47200007e-008,  0.00078125
,,,5.47600007e-008,0.0008515625
,,,5.48000007e-008,0.0009609375
,,,5.48400007e-008,   0.0011875
,,,5.48800007e-008, 0.001335938
,,,5.49200007e-008,   0.0015625
,,,5.49600007e-008, 0.001671875
,,,5.50000007e-008, 0.001765625
,,,5.50400007e-008,  0.00178125
,,,5.50800007e-008, 0.001804688
,,,5.51200007e-008, 0.001695313
,,,5.51600007e-008,  0.00165625
,,,5.52000007e-008, 0.001554688
,,,5.52400007e-008,  0.00146875
,,,5.52800007e-008, 0.001445313
,,,5.53200007e-008, 0.001367188
,,,5.53600007e-008, 0.001335938
,,,5.54000007e-008, 0.001289063
,,,5.54400007e-008, 0.001296875
,,,5.54800007e-008, 0.001335938
,,,5.55200007e-008,    0.001375
,,,5.55600007e-008, 0.001421875
,,,5.56000007e-008, 0.001421875
,,,5.56400007e-008,  0.00140625
,,,5.56800007e-008, 0.001460938
,,,5.57200007e-008,   0.0014375
,,,5.57600007e-008,  0.00140625
,,,5.58000007e-008, 0.001351563
,,,5.58400007e-008, 0.001335938
,,,5.58800007e-008, 0.001320313
,,,5.59200007e-008, 0.001265625
,,,5.59600007e-008, 0.001257813
,,,5.60000007e-008, 0.001132813
,,,5.60400007e-008, 0.001148438
,,,5.60800007e-008, 0.001101563
,,,5.61200007e-008, 0.001085938
,,,5.61600007e-008,  0.00103125
,,,5.62000008e-008,0.0009921875
,,,5.62400008e-008,0.0009453125
,,,5.62800008e-008,    0.000875
,,,5.63200008e-008,     0.00075
,,,5.63600008e-008, 0.000640625
,,,5.64000008e-008, 0.000578125
,,,5.64400008e-008,0.0004609375
,,,5.64800008e-008,0.0004453125
,,,5.65200008e-008,0.0004453125
,,,5.65600008e-008, 0.000390625
,,,5.66000008e-008,  0.00034375
,,,5.66400008e-008,0.0003203125
,,,5.66800008e-008,0.0002421875
,,,5.67200008e-008,0.0001328125
,,,5.67600008e-008,-2.34375e-005
,,,5.68000008e-008,-0.0001484375
,,,5.68400008e-008,-0.0003203125
,,,5.68800008e-008,-0.0004140625
,,,5.69200008e-008,-0.0004921875
,,,5.69600008e-008,-0.000515625
,,,5.70000008e-008,-0.0005390625
,,,5.70400008e-008, -0.00053125
,,,5.70800008e-008,-0.0004921875
,,,5.71200008e-008, -0.00053125
,,,5.71600008e-008,-0.000546875
,,,5.72000008e-008,-0.0006796875
,,,5.72400008e-008,-0.0007578125
,,,5.72800008e-008,-0.0008984375
,,,5.73200008e-008,-0.001023438
,,,5.73600008e-008,-0.001054688
,,,5.74000008e-008,-0.001132813
,,,5.74400008e-008,-0.001140625
,,,5.74800008e-008,  -0.0011875
,,,5.75200008e-008,-0.001203125
,,,5.75600008e-008,    -0.00125
,,,5.76000008e-008,-0.001273438
,,,5.76400008e-008,-0.001367188
,,,5.76800008e-008,-0.001367188
,,,5.77200008e-008,-0.001515625
,,,5.77600008e-008,-0.001578125
,,,5.78000008e-008,-0.001703125
,,,5.78400008e-008,-0.001773438
,,,5.78800008e-008,-0.001890625
,,,5.79200008e-008,  -0.0019375
,,,5.79600008e-008,-0.001953125
,,,5.80000008e-008,-0.002007813
,,,5.80400008e-008,-0.002007813
,,,5.80800008e-008,-0.002007813
,,,5.81200008e-008,-0.001984375
,,,5.81600008e-008,-0.001898438
,,,5.82000008e-008,-0.001914063
,,,5.82400008e-008,-0.001914063
,,,5.82800008e-008,-0.001976563
,,,5.83200008e-008,-0.002015625
,,,5.83600008e-008,-0.002101563
,,,5.84000008e-008,-0.002140625
,,,5.84400008e-008,   -0.002125
,,,5.84800008e-008,-0.002140625
,,,5.85200008e-008,-0.002117188
,,,5.85600008e-008,  -0.0020625
,,,5.86000008e-008,-0.002039063
,,,5.86400008e-008,-0.001929688
,,,5.86800008e-008,  -0.0019375
,,,5.87200008e-008,  -0.0019375
,,,5.87600008e-008, -0.00196875
,,,5.88000008e-008,-0.002007813
,,,5.88400008e-008,-0.002015625
,,,5.88800008e-008,-0.001960938
,,,5.89200008e-008,-0.001828125
,,,5.89600008e-008,-0.001734375
,,,5.90000008e-008,-0.001609375
,,,5.90400008e-008,-0.001421875
,,,5.90800008e-008,-0.001367188
,,,5.91200008e-008,-0.001367188
,,,5.91600008e-008, -0.00134375
,,,5.92000008e-008,-0.001382813
,,,5.92400008e-008, -0.00146875
,,,5.92800008e-008,-0.001476563
,,,5.93200008e-008, -0.00146875
,,,5.93600008e-008,-0.001351563
,,,5.94000008e-008,-0.001164063
,,,5.94400008e-008,-0.001007813
,,,5.94800008e-008,-0.000921875
,,,5.95200008e-008,  -0.0008125
,,,5.95600008e-008,    -0.00075
,,,5.96000008e-008,-0.0006953125
,,,5.96400008e-008, -0.00065625
,,,5.96800008e-008,-0.0006640625
,,,5.97200008e-008,-0.000609375
,,,5.97600008e-008, -0.00053125
,,,5.98000008e-008,-0.0004609375
,,,5.98400008e-008,-0.0003515625
,,,5.98800008e-008,-0.0002109375
,,,5.99200008e-008,-0.0001328125
,,,5.99600008e-008,-4.6875e-005
,,,6.00000008e-008,3.90625e-005
,,,6.00400008e-008,0.0001171875
,,,6.00800008e-008,0.0001484375
,,,6.01200008e-008,     0.00025
,,,6.01600008e-008, 0.000328125
,,,6.02000008e-008,0.0003828125
,,,6.02400008e-008,0.0004765625
,,,6.02800008e-008, 0.000546875
,,,6.03200008e-008,0.0005859375
,,,6.03600008e-008,0.0006015625
,,,6.04000008e-008,  0.00059375
,,,6.04400008e-008,  0.00059375
,,,6.04800008e-008, 0.000578125
,,,6.05200008e-008, 0.000578125
,,,6.05600008e-008, 0.000609375
,,,6.06000008e-008,0.0006640625
,,,6.06400008e-008, 0.000671875
,,,6.06800008e-008,0.0007734375
,,,6.07200008e-008,0.0008671875
,,,6.07600008e-008, 0.001007813
,,,6.08000008e-008, 0.001132813
,,,6.08400008e-008,  0.00128125
,,,6.08800008e-008, 0.001359375
,,,6.09200008e-008,   0.0014375
,,,6.09600008e-008, 0.001507813
,,,6.10000008e-008, 0.001453125
,,,6.10400008e-008, 0.001429688
,,,6.10800008e-008,    0.001375
,,,6.11200008e-008, 0.001359375
,,,6.11600008e-008, 0.001296875
,,,6.12000008e-008, 0.001242188
,,,6.12400008e-008,  0.00121875
,,,6.12800008e-008, 0.001210938
,,,6.13200008e-008, 0.001195313
,,,6.13600008e-008,     0.00125
,,,6.14000008e-008,   0.0011875
,,,6.14400008e-008, 0.001195313
,,,6.14800008e-008, 0.001226563
,,,6.15200008e-008, 0.001226563
,,,6.15600008e-008, 0.001171875
,,,6.16000008e-008,  0.00115625
,,,6.16400008e-008, 0.001164063
,,,6.16800008e-008, 0.001140625
,,,6.17200008e-008, 0.001132813
,,,6.17600008e-008, 0.001117188
,,,6.18000008e-008, 0.001078125
,,,6.18400008e-008,  0.00103125
,,,6.18800008e-008,  0.00096875
,,,6.19200008e-008,0.0009453125
,,,6.19600008e-008, 0.000828125
,,,6.20000008e-008, 0.000765625
,,,6.20400008e-008,  0.00071875
,,,6.20800008e-008,  0.00065625
,,,6.21200008e-008, 0.000609375
,,,6.21600008e-008,   0.0005625
,,,6.22000008e-008,0.0005234375
,,,6.22400008e-008,0.0004609375
,,,6.22800008e-008,0.0004453125
,,,6.23200008e-008,0.0003984375
,,,6.23600008e-008,0.0003203125
,,,6.24000008e-008, 0.000265625
,,,6.24400008e-008,  0.00021875
,,,6.24800008e-008, 0.000203125
,,,6.25200008e-008, 0.000203125
,,,6.25600008e-008,0.0001796875
,,,6.26000008e-008, 0.000140625
,,,6.26400008e-008,0.0001328125
,,,6.26800008e-008,  3.125e-005
,,,6.27200008e-008,-7.8125e-005
,,,6.27600008e-008,-0.0002265625
,,,6.28000008e-008,  -0.0003125
,,,6.28400008e-008,-0.0004296875
,,,6.28800008e-008,-0.0005390625
,,,6.29200008e-008,-0.0006171875
,,,6.29600008e-008,  -0.0006875
,,,6.30000008e-008,-0.0007421875
,,,6.30400008e-008,  -0.0008125
,,,6.30800008e-008,-0.0008671875
,,,6.31200008e-008,  -0.0009375
,,,6.31600008e-008,-0.001007813
,,,6.32000008e-008, -0.00103125
,,,6.32400008e-008,-0.001078125
,,,6.32800008e-008,-0.001078125
,,,6.33200008e-008,-0.001109375
,,,6.33600008e-008,-0.001117188
,,,6.34000008e-008,-0.001148438
,,,6.34400008e-008,-0.001226563
,,,6.34800008e-008,-0.001320313
,,,6.35200008e-008,-0.001453125
,,,6.35600008e-008,  -0.0015625
,,,6.36000008e-008,   -0.001625
,,,6.36400008e-008,-0.001734375
,,,6.36800009e-008,-0.001757813
,,,6.37200009e-008,-0.001742188
,,,6.37600009e-008,-0.001703125
,,,6.38000009e-008,-0.001664063
,,,6.38400009e-008,   -0.001625
,,,6.38800009e-008,-0.001632813
,,,6.39200009e-008,-0.001617188
,,,6.39600009e-008,-0.001671875
,,,6.40000009e-008,-0.001695313
,,,6.40400009e-008,-0.001742188
,,,6.40800009e-008,-0.001765625
,,,6.41200009e-008,  -0.0018125
,,,6.41600009e-008,-0.001828125
,,,6.42000009e-008,-0.001851563
,,,6.42400009e-008,-0.001851563
,,,6.42800009e-008, -0.00184375
,,,6.43200009e-008,-0.001789063
,,,6.43600009e-008,-0.001757813
,,,6.44000009e-008,-0.001710938
,,,6.44400009e-008,-0.001671875
,,,6.44800009e-008,-0.001695313
,,,6.45200009e-008, -0.00165625
,,,6.45600009e-008,-0.001648438
,,,6.46000009e-008,-0.001726563
,,,6.46400009e-008,-0.001734375
,,,6.46800009e-008,-0.001726563
,,,6.47200009e-008,-0.001710938
,,,6.47600009e-008,-0.001671875
,,,6.48000009e-008,   -0.001625
,,,6.48400009e-008,-0.001507813
,,,6.48800009e-008,-0.001398438
,,,6.49200009e-008,-0.001320313
,,,6.49600009e-008,-0.001210938
,,,6.50000009e-008,-0.001054688
,,,6.50400009e-008,-0.001039063
,,,6.50800009e-008,      -0.001
,,,6.51200009e-008,-0.001023438
,,,6.51600009e-008,-0.001046875
,,,6.52000009e-008,-0.001023438
,,,6.52400009e-008,-0.001015625
,,,6.52800009e-008, -0.00096875
,,,6.53200009e-008,-0.0008671875
,,,6.53600009e-008,-0.0007734375
,,,6.54000009e-008,-0.0006796875
,,,6.54400009e-008,-0.0005703125
,,,6.54800009e-008,-0.0004296875
,,,6.55200009e-008,-0.000390625
,,,6.55600009e-008,-0.000328125
,,,6.56000009e-008,    -0.00025
,,,6.56400009e-008,-0.0001953125
,,,6.56800009e-008,-0.0001796875
,,,6.57200009e-008, -9.375e-005
,,,6.57600009e-008,           0
,,,6.58000009e-008,  9.375e-005
,,,6.58400009e-008,0.0001796875
,,,6.58800009e-008,  0.00028125
,,,6.59200009e-008,0.0003671875
,,,6.59600009e-008,0.0004453125
,,,6.60000009e-008,0.0004296875
,,,6.60400009e-008,0.0004453125
,,,6.60800009e-008,0.0004453125
,,,6.61200009e-008,0.0004921875
,,,6.61600009e-008, 0.000515625
,,,6.62000009e-008,0.0006171875
,,,6.62400009e-008,0.0006484375
,,,6.62800009e-008,0.0007734375
,,,6.63200009e-008,0.0008046875
,,,6.63600009e-008,0.0008671875
,,,6.64000009e-008, 0.000953125
,,,6.64400009e-008, 0.001015625
,,,6.64800009e-008, 0.001007813
,,,6.65200009e-008, 0.001078125
,,,6.65600009e-008, 0.001109375
,,,6.66000009e-008,    0.001125
,,,6.66400009e-008, 0.001171875
,,,6.66800009e-008,  0.00121875
,,,6.67200009e-008, 0.001210938
,,,6.67600009e-008,  0.00128125
,,,6.68000009e-008,     0.00125
,,,6.68400009e-008, 0.001265625
,,,6.68800009e-008, 0.001234375
,,,6.69200009e-008,  0.00121875
,,,6.69600009e-008, 0.001171875
,,,6.70000009e-008, 0.001117188
,,,6.70400009e-008, 0.001078125
,,,6.70800009e-008, 0.001078125
,,,6.71200009e-008, 0.001070313
,,,6.71600009e-008, 0.001078125
,,,6.72000009e-008, 0.001054688
,,,6.72400009e-008, 0.001078125
,,,6.72800009e-008,  0.00103125
,,,6.73200009e-008, 0.001054688
,,,6.73600009e-008, 0.001078125
,,,6.74000009e-008, 0.001023438
,,,6.74400009e-008,0.0009765625
,,,6.74800009e-008,0.0009453125
,,,6.75200009e-008,0.0008984375
,,,6.75600009e-008,0.0008828125
,,,6.76000009e-008,0.0008203125
,,,6.76400009e-008, 0.000859375
,,,6.76800009e-008,0.0008203125
,,,6.77200009e-008, 0.000765625
,,,6.77600009e-008,     0.00075
,,,6.78000009e-008,0.0007265625
,,,6.78400009e-008, 0.000609375
,,,6.78800009e-008,  0.00059375
,,,6.79200009e-008,0.0005390625
,,,6.79600009e-008,0.0004296875
,,,6.80000009e-008,0.0003359375
,,,6.80400009e-008,0.0003046875
,,,6.80800009e-008,  0.00028125
,,,6.81200009e-008,  0.00021875
,,,6.81600009e-008, 0.000171875
,,,6.82000009e-008, 0.000140625
,,,6.82400009e-008,5.46875e-005
,,,6.82800009e-008,-1.5625e-005
,,,6.83200009e-008,-0.0001171875
,,,6.83600009e-008,-0.0002421875
,,,6.84000009e-008,-0.0003046875
,,,6.84400009e-008,-0.0004296875
,,,6.84800009e-008,-0.0004921875
,,,6.85200009e-008,-0.0005234375
,,,6.85600009e-008,-0.000546875
,,,6.86000009e-008,-0.000640625
,,,6.86400009e-008,  -0.0006875
,,,6.86800009e-008,-0.000765625
,,,6.87200009e-008,   -0.000875
,,,6.87600009e-008,      -0.001
,,,6.88000009e-008,-0.001117188
,,,6.88400009e-008, -0.00121875
,,,6.88800009e-008,  -0.0013125
,,,6.89200009e-008,-0.001367188
,,,6.89600009e-008, -0.00140625
,,,6.90000009e-008,-0.001414063
,,,6.90400009e-008, -0.00140625
,,,6.90800009e-008,-0.001390625
,,,6.91200009e-008,-0.001414063
,,,6.91600009e-008,-0.001359375
,,,6.92000009e-008,-0.001328125
,,,6.92400009e-008,-0.001320313
,,,6.92800009e-008,-0.001304688
,,,6.93200009e-008, -0.00128125
,,,6.93600009e-008,-0.001273438
,,,6.94000009e-008,-0.001242188
,,,6.94400009e-008,-0.001257813
,,,6.94800009e-008,-0.001265625
,,,6.95200009e-008,-0.001304688
,,,6.95600009e-008,-0.001359375
,,,6.96000009e-008,-0.001421875
,,,6.96400009e-008,-0.001507813
,,,6.96800009e-008,-0.001570313
,,,6.97200009e-008,-0.001570313
,,,6.97600009e-008, -0.00159375
,,,6.98000009e-008,-0.001570313
,,,6.98400009e-008, -0.00159375
,,,6.98800009e-008,-0.001546875
,,,6.99200009e-008,-0.001546875
,,,6.99600009e-008,-0.001507813
,,,7.00000009e-008,-0.001492188
