"Record Length",2500,"Points",-2.99600004e-008,-0.001039063
"Sample Interval",4.00000005e-011,s,-2.99200004e-008,-0.001015625
"Trigger Point",749,"Samples",-2.98800004e-008,-0.001015625
"Trigger Time",           0,s,-2.98400004e-008,-0.0009453125
"",,,-2.98000004e-008,-0.000921875
"Horizontal Offset",-3.00000004e-008,s,-2.97600004e-008,-0.0009140625
,,,-2.97200004e-008,-0.000859375
,,,-2.96800004e-008,-0.000859375
,,,-2.96400004e-008,-0.0008828125
,,,-2.96000004e-008,-0.0009453125
,,,-2.95600004e-008,-0.0009296875
,,,-2.95200004e-008,      -0.001
,,,-2.94800004e-008,-0.001039063
,,,-2.94400004e-008,-0.001070313
,,,-2.94000004e-008,-0.001101563
,,,-2.93600004e-008,-0.001085938
,,,-2.93200004e-008,-0.001070313
,,,-2.92800004e-008,-0.001023438
,,,-2.92400004e-008,-0.001015625
,,,-2.92000004e-008,-0.0009609375
,,,-2.91600004e-008,-0.0009921875
,,,-2.91200004e-008,-0.001015625
,,,-2.90800004e-008,-0.001039063
,,,-2.90400004e-008,-0.001085938
,,,-2.90000004e-008,   -0.001125
,,,-2.89600004e-008,-0.001148438
,,,-2.89200004e-008, -0.00115625
,,,-2.88800004e-008,   -0.001125
,,,-2.88400004e-008,-0.001070313
,,,-2.88000004e-008,-0.001054688
,,,-2.87600004e-008,-0.001054688
,,,-2.87200004e-008,   -0.001125
,,,-2.86800004e-008, -0.00115625
,,,-2.86400004e-008, -0.00121875
,,,-2.86000004e-008,  -0.0013125
,,,-2.85600004e-008,-0.001398438
,,,-2.85200004e-008, -0.00140625
,,,-2.84800004e-008,-0.001414063
,,,-2.84400004e-008, -0.00134375
,,,-2.84000004e-008,-0.001367188
,,,-2.83600004e-008,-0.001257813
,,,-2.83200004e-008,-0.001242188
,,,-2.82800004e-008,-0.001226563
,,,-2.82400004e-008, -0.00121875
,,,-2.82000004e-008,    -0.00125
,,,-2.81600004e-008,-0.001242188
,,,-2.81200004e-008, -0.00128125
,,,-2.80800004e-008,-0.001296875
,,,-2.80400004e-008,    -0.00125
,,,-2.80000004e-008,-0.001234375
,,,-2.79600004e-008,-0.001210938
,,,-2.79200004e-008,-0.001109375
,,,-2.78800004e-008,-0.001117188
,,,-2.78400004e-008,-0.001078125
,,,-2.78000004e-008,-0.001054688
,,,-2.77600004e-008,-0.001046875
,,,-2.77200004e-008,-0.001070313
,,,-2.76800004e-008,-0.001007813
,,,-2.76400004e-008,-0.001078125
,,,-2.76000004e-008,-0.001039063
,,,-2.75600004e-008,-0.001007813
,,,-2.75200004e-008,-0.001039063
,,,-2.74800004e-008,-0.000921875
,,,-2.74400004e-008,-0.000921875
,,,-2.74000004e-008,-0.0008671875
,,,-2.73600004e-008,  -0.0008125
,,,-2.73200004e-008,-0.0008359375
,,,-2.72800004e-008,  -0.0008125
,,,-2.72400004e-008,-0.0008515625
,,,-2.72000004e-008,   -0.000875
,,,-2.71600004e-008,-0.000921875
,,,-2.71200004e-008,      -0.001
,,,-2.70800004e-008,      -0.001
,,,-2.70400004e-008, -0.00103125
,,,-2.70000004e-008,-0.001015625
,,,-2.69600004e-008,-0.001015625
,,,-2.69200004e-008,-0.000953125
,,,-2.68800004e-008,-0.0009296875
,,,-2.68400004e-008,-0.0008984375
,,,-2.68000004e-008,-0.000859375
,,,-2.67600004e-008,-0.0008515625
,,,-2.67200004e-008,-0.0008359375
,,,-2.66800004e-008,-0.000828125
,,,-2.66400004e-008,-0.0008515625
,,,-2.66000004e-008,-0.0008671875
,,,-2.65600004e-008,  -0.0009375
,,,-2.65200004e-008,-0.001015625
,,,-2.64800004e-008,-0.001046875
,,,-2.64400004e-008,-0.001070313
,,,-2.64000004e-008,-0.001070313
,,,-2.63600004e-008, -0.00109375
,,,-2.63200004e-008,  -0.0010625
,,,-2.62800004e-008,-0.001039063
,,,-2.62400004e-008, -0.00103125
,,,-2.62000003e-008,  -0.0010625
,,,-2.61600003e-008, -0.00109375
,,,-2.61200003e-008,-0.001101563
,,,-2.60800003e-008,   -0.001125
,,,-2.60400003e-008,-0.001109375
,,,-2.60000003e-008, -0.00109375
,,,-2.59600003e-008,  -0.0010625
,,,-2.59200003e-008,-0.001015625
,,,-2.58800003e-008,-0.0009765625
,,,-2.58400003e-008,-0.000953125
,,,-2.58000003e-008,-0.0009609375
,,,-2.57600003e-008, -0.00096875
,,,-2.57200003e-008,-0.001007813
,,,-2.56800003e-008, -0.00109375
,,,-2.56400003e-008,-0.001148438
,,,-2.56000003e-008,-0.001171875
,,,-2.55600003e-008,  -0.0011875
,,,-2.55200003e-008,-0.001101563
,,,-2.54800003e-008,-0.001039063
,,,-2.54400003e-008,-0.0009921875
,,,-2.54000003e-008,-0.000953125
,,,-2.53600003e-008, -0.00096875
,,,-2.53200003e-008,-0.001007813
,,,-2.52800003e-008,-0.001085938
,,,-2.52400003e-008,   -0.001125
,,,-2.52000003e-008,-0.001164063
,,,-2.51600003e-008,-0.001171875
,,,-2.51200003e-008,-0.001117188
,,,-2.50800003e-008,-0.001007813
,,,-2.50400003e-008,-0.000921875
,,,-2.50000003e-008,-0.000796875
,,,-2.49600003e-008,-0.0007578125
,,,-2.49200003e-008,-0.0007421875
,,,-2.48800003e-008,-0.0007421875
,,,-2.48400003e-008,-0.0008515625
,,,-2.48000003e-008, -0.00090625
,,,-2.47600003e-008,-0.000984375
,,,-2.47200003e-008,-0.001023438
,,,-2.46800003e-008,-0.001046875
,,,-2.46400003e-008,-0.001023438
,,,-2.46000003e-008,-0.000984375
,,,-2.45600003e-008, -0.00096875
,,,-2.45200003e-008,-0.0009453125
,,,-2.44800003e-008,-0.0009296875
,,,-2.44400003e-008,-0.0009296875
,,,-2.44000003e-008, -0.00096875
,,,-2.43600003e-008,-0.001007813
,,,-2.43200003e-008,-0.001054688
,,,-2.42800003e-008,-0.001085938
,,,-2.42400003e-008,-0.001109375
,,,-2.42000003e-008,-0.001140625
,,,-2.41600003e-008,   -0.001125
,,,-2.41200003e-008, -0.00121875
,,,-2.40800003e-008,-0.001226563
,,,-2.40400003e-008,    -0.00125
,,,-2.40000003e-008,-0.001234375
,,,-2.39600003e-008,-0.001234375
,,,-2.39200003e-008,-0.001179688
,,,-2.38800003e-008,   -0.001125
,,,-2.38400003e-008,  -0.0010625
,,,-2.38000003e-008,-0.001054688
,,,-2.37600003e-008,-0.001078125
,,,-2.37200003e-008,  -0.0010625
,,,-2.36800003e-008,   -0.001125
,,,-2.36400003e-008, -0.00115625
,,,-2.36000003e-008,  -0.0011875
,,,-2.35600003e-008,-0.001171875
,,,-2.35200003e-008, -0.00115625
,,,-2.34800003e-008, -0.00109375
,,,-2.34400003e-008,  -0.0010625
,,,-2.34000003e-008,-0.001039063
,,,-2.33600003e-008,-0.001070313
,,,-2.33200003e-008,-0.001085938
,,,-2.32800003e-008,-0.001101563
,,,-2.32400003e-008,-0.001117188
,,,-2.32000003e-008,-0.001117188
,,,-2.31600003e-008, -0.00109375
,,,-2.31200003e-008,-0.001046875
,,,-2.30800003e-008,-0.000984375
,,,-2.30400003e-008,-0.0009296875
,,,-2.30000003e-008,-0.0008828125
,,,-2.29600003e-008,   -0.000875
,,,-2.29200003e-008,-0.000890625
,,,-2.28800003e-008,-0.0009609375
,,,-2.28400003e-008,-0.001007813
,,,-2.28000003e-008,-0.001007813
,,,-2.27600003e-008,-0.001070313
,,,-2.27200003e-008, -0.00109375
,,,-2.26800003e-008,-0.001101563
,,,-2.26400003e-008,-0.001078125
,,,-2.26000003e-008, -0.00103125
,,,-2.25600003e-008,      -0.001
,,,-2.25200003e-008,-0.001015625
,,,-2.24800003e-008,-0.000984375
,,,-2.24400003e-008, -0.00096875
,,,-2.24000003e-008,-0.0009921875
,,,-2.23600003e-008,-0.0009453125
,,,-2.23200003e-008,-0.0009609375
,,,-2.22800003e-008,-0.0009453125
,,,-2.22400003e-008,-0.0009296875
,,,-2.22000003e-008,-0.0009296875
,,,-2.21600003e-008,-0.0009609375
,,,-2.21200003e-008,-0.0009921875
,,,-2.20800003e-008,-0.001039063
,,,-2.20400003e-008,-0.001085938
,,,-2.20000003e-008,-0.001179688
,,,-2.19600003e-008, -0.00115625
,,,-2.19200003e-008,  -0.0011875
,,,-2.18800003e-008,-0.001171875
,,,-2.18400003e-008,-0.001117188
,,,-2.18000003e-008,-0.001117188
,,,-2.17600003e-008, -0.00109375
,,,-2.17200003e-008,   -0.001125
,,,-2.16800003e-008,-0.001140625
,,,-2.16400003e-008,-0.001148438
,,,-2.16000003e-008,-0.001179688
,,,-2.15600003e-008,-0.001210938
,,,-2.15200003e-008,-0.001203125
,,,-2.14800003e-008,  -0.0011875
,,,-2.14400003e-008,-0.001195313
,,,-2.14000003e-008,-0.001179688
,,,-2.13600003e-008,-0.001171875
,,,-2.13200003e-008,-0.001203125
,,,-2.12800003e-008,-0.001210938
,,,-2.12400003e-008,-0.001226563
,,,-2.12000003e-008,-0.001265625
,,,-2.11600003e-008,-0.001296875
,,,-2.11200003e-008,-0.001296875
,,,-2.10800003e-008, -0.00128125
,,,-2.10400003e-008,-0.001242188
,,,-2.10000003e-008,-0.001179688
,,,-2.09600003e-008,-0.001117188
,,,-2.09200003e-008,-0.001015625
,,,-2.08800003e-008,      -0.001
,,,-2.08400003e-008,-0.0009765625
,,,-2.08000003e-008, -0.00096875
,,,-2.07600003e-008,-0.0009765625
,,,-2.07200003e-008,-0.001039063
,,,-2.06800003e-008,-0.001101563
,,,-2.06400003e-008,-0.001171875
,,,-2.06000003e-008,-0.001195313
,,,-2.05600003e-008,-0.001210938
,,,-2.05200003e-008,-0.001140625
,,,-2.04800003e-008, -0.00109375
,,,-2.04400003e-008,-0.001007813
,,,-2.04000003e-008,-0.0009296875
,,,-2.03600003e-008, -0.00090625
,,,-2.03200003e-008,   -0.000875
,,,-2.02800003e-008,   -0.000875
,,,-2.02400003e-008, -0.00084375
,,,-2.02000003e-008,-0.000890625
,,,-2.01600003e-008,-0.0008984375
,,,-2.01200003e-008,-0.0009140625
,,,-2.00800003e-008,-0.000921875
,,,-2.00400003e-008,-0.0009140625
,,,-2.00000003e-008,  -0.0009375
,,,-1.99600003e-008,-0.001015625
,,,-1.99200003e-008,-0.001039063
,,,-1.98800003e-008,-0.001078125
,,,-1.98400003e-008,-0.001132813
,,,-1.98000003e-008,-0.001195313
,,,-1.97600003e-008,-0.001195313
,,,-1.97200003e-008,-0.001148438
,,,-1.96800003e-008,-0.001109375
,,,-1.96400003e-008,-0.000984375
,,,-1.96000003e-008,-0.000953125
,,,-1.95600003e-008,-0.0008984375
,,,-1.95200003e-008,-0.000890625
,,,-1.94800003e-008,-0.000859375
,,,-1.94400003e-008,-0.0009296875
,,,-1.94000003e-008, -0.00096875
,,,-1.93600003e-008,-0.001015625
,,,-1.93200003e-008,   -0.001125
,,,-1.92800003e-008,-0.001117188
,,,-1.92400003e-008, -0.00115625
,,,-1.92000003e-008,-0.001132813
,,,-1.91600003e-008,-0.001117188
,,,-1.91200003e-008,-0.001085938
,,,-1.90800003e-008,      -0.001
,,,-1.90400003e-008, -0.00096875
,,,-1.90000003e-008,-0.0008984375
,,,-1.89600003e-008,-0.0008828125
,,,-1.89200003e-008,-0.000796875
,,,-1.88800003e-008,  -0.0006875
,,,-1.88400003e-008, -0.00071875
,,,-1.88000003e-008,-0.0006796875
,,,-1.87600003e-008,-0.0006640625
,,,-1.87200002e-008,-0.0006953125
,,,-1.86800002e-008,-0.0007265625
,,,-1.86400002e-008,    -0.00075
,,,-1.86000002e-008,-0.0007578125
,,,-1.85600002e-008,-0.0008671875
,,,-1.85200002e-008,  -0.0009375
,,,-1.84800002e-008,  -0.0009375
,,,-1.84400002e-008,-0.000984375
,,,-1.84000002e-008,  -0.0010625
,,,-1.83600002e-008,-0.001109375
,,,-1.83200002e-008,-0.001046875
,,,-1.82800002e-008,-0.001085938
,,,-1.82400002e-008,-0.001054688
,,,-1.82000002e-008, -0.00103125
,,,-1.81600002e-008,-0.001023438
,,,-1.81200002e-008, -0.00103125
,,,-1.80800002e-008,-0.001023438
,,,-1.80400002e-008,-0.001054688
,,,-1.80000002e-008,  -0.0010625
,,,-1.79600002e-008,-0.001109375
,,,-1.79200002e-008,   -0.001125
,,,-1.78800002e-008,-0.001101563
,,,-1.78400002e-008,-0.001039063
,,,-1.78000002e-008,-0.001046875
,,,-1.77600002e-008,-0.001023438
,,,-1.77200002e-008,-0.001015625
,,,-1.76800002e-008,-0.001015625
,,,-1.76400002e-008,-0.001046875
,,,-1.76000002e-008,-0.001078125
,,,-1.75600002e-008, -0.00109375
,,,-1.75200002e-008,-0.001132813
,,,-1.74800002e-008,-0.001140625
,,,-1.74400002e-008,-0.001101563
,,,-1.74000002e-008,-0.001070313
,,,-1.73600002e-008,-0.001054688
,,,-1.73200002e-008,-0.001039063
,,,-1.72800002e-008, -0.00103125
,,,-1.72400002e-008,-0.001070313
,,,-1.72000002e-008,-0.001117188
,,,-1.71600002e-008,-0.001140625
,,,-1.71200002e-008,  -0.0011875
,,,-1.70800002e-008,-0.001265625
,,,-1.70400002e-008, -0.00128125
,,,-1.70000002e-008,-0.001304688
,,,-1.69600002e-008,-0.001296875
,,,-1.69200002e-008,-0.001273438
,,,-1.68800002e-008,-0.001226563
,,,-1.68400002e-008,-0.001195313
,,,-1.68000002e-008,-0.001164063
,,,-1.67600002e-008,-0.001164063
,,,-1.67200002e-008,   -0.001125
,,,-1.66800002e-008,   -0.001125
,,,-1.66400002e-008,-0.001140625
,,,-1.66000002e-008,-0.001148438
,,,-1.65600002e-008,-0.001132813
,,,-1.65200002e-008,-0.001148438
,,,-1.64800002e-008, -0.00115625
,,,-1.64400002e-008,-0.001109375
,,,-1.64000002e-008,-0.001039063
,,,-1.63600002e-008,-0.001015625
,,,-1.63200002e-008,-0.001007813
,,,-1.62800002e-008,-0.001015625
,,,-1.62400002e-008, -0.00103125
,,,-1.62000002e-008,-0.001039063
,,,-1.61600002e-008,  -0.0010625
,,,-1.61200002e-008, -0.00103125
,,,-1.60800002e-008,-0.001007813
,,,-1.60400002e-008,-0.0009765625
,,,-1.60000002e-008,-0.0009609375
,,,-1.59600002e-008,  -0.0009375
,,,-1.59200002e-008, -0.00096875
,,,-1.58800002e-008,-0.0009765625
,,,-1.58400002e-008,      -0.001
,,,-1.58000002e-008,-0.001054688
,,,-1.57600002e-008,   -0.001125
,,,-1.57200002e-008,-0.001164063
,,,-1.56800002e-008,-0.001203125
,,,-1.56400002e-008,-0.001179688
,,,-1.56000002e-008,-0.001179688
,,,-1.55600002e-008, -0.00121875
,,,-1.55200002e-008,-0.001171875
,,,-1.54800002e-008, -0.00121875
,,,-1.54400002e-008,-0.001242188
,,,-1.54000002e-008,    -0.00125
,,,-1.53600002e-008, -0.00128125
,,,-1.53200002e-008,-0.001242188
,,,-1.52800002e-008, -0.00128125
,,,-1.52400002e-008,-0.001179688
,,,-1.52000002e-008,-0.001164063
,,,-1.51600002e-008,-0.001109375
,,,-1.51200002e-008, -0.00109375
,,,-1.50800002e-008,-0.001054688
,,,-1.50400002e-008,-0.001007813
,,,-1.50000002e-008,-0.0009765625
,,,-1.49600002e-008,-0.0009609375
,,,-1.49200002e-008,-0.000953125
,,,-1.48800002e-008,-0.0009140625
,,,-1.48400002e-008,-0.0009140625
,,,-1.48000002e-008,  -0.0009375
,,,-1.47600002e-008,-0.0009296875
,,,-1.47200002e-008,-0.0009140625
,,,-1.46800002e-008,-0.0008671875
,,,-1.46400002e-008,-0.0008359375
,,,-1.46000002e-008,-0.000828125
,,,-1.45600002e-008,-0.0008359375
,,,-1.45200002e-008,-0.0009140625
,,,-1.44800002e-008,      -0.001
,,,-1.44400002e-008,-0.001109375
,,,-1.44000002e-008, -0.00121875
,,,-1.43600002e-008,-0.001257813
,,,-1.43200002e-008,-0.001273438
,,,-1.42800002e-008,    -0.00125
,,,-1.42400002e-008,-0.001085938
,,,-1.42000002e-008,-0.001015625
,,,-1.41600002e-008,-0.000859375
,,,-1.41200002e-008,-0.000828125
,,,-1.40800002e-008,-0.0007890625
,,,-1.40400002e-008,-0.0008515625
,,,-1.40000002e-008,-0.0009296875
,,,-1.39600002e-008,      -0.001
,,,-1.39200002e-008,   -0.001125
,,,-1.38800002e-008,-0.001164063
,,,-1.38400002e-008,  -0.0011875
,,,-1.38000002e-008,-0.001171875
,,,-1.37600002e-008,-0.001148438
,,,-1.37200002e-008,-0.001117188
,,,-1.36800002e-008,-0.001101563
,,,-1.36400002e-008, -0.00109375
,,,-1.36000002e-008,-0.001101563
,,,-1.35600002e-008,-0.001140625
,,,-1.35200002e-008,   -0.001125
,,,-1.34800002e-008, -0.00115625
,,,-1.34400002e-008,-0.001101563
,,,-1.34000002e-008, -0.00109375
,,,-1.33600002e-008,-0.001054688
,,,-1.33200002e-008,-0.0009921875
,,,-1.32800002e-008,-0.0009921875
,,,-1.32400002e-008,-0.0009609375
,,,-1.32000002e-008,-0.0009921875
,,,-1.31600002e-008, -0.00103125
,,,-1.31200002e-008,-0.001085938
,,,-1.30800002e-008,-0.001132813
,,,-1.30400002e-008,   -0.001125
,,,-1.30000002e-008, -0.00109375
,,,-1.29600002e-008,-0.001046875
,,,-1.29200002e-008,-0.000984375
,,,-1.28800002e-008, -0.00090625
,,,-1.28400002e-008,-0.0008515625
,,,-1.28000002e-008,-0.0007890625
,,,-1.27600002e-008,-0.0008046875
,,,-1.27200002e-008,-0.0007890625
,,,-1.26800002e-008,-0.0008203125
,,,-1.26400002e-008,-0.0008515625
,,,-1.26000002e-008,-0.000890625
,,,-1.25600002e-008, -0.00096875
,,,-1.25200002e-008,-0.001007813
,,,-1.24800002e-008, -0.00109375
,,,-1.24400002e-008,-0.001070313
,,,-1.24000002e-008,-0.001085938
,,,-1.23600002e-008, -0.00109375
,,,-1.23200002e-008, -0.00109375
,,,-1.22800002e-008,-0.001101563
,,,-1.22400002e-008, -0.00103125
,,,-1.22000002e-008,-0.0009921875
,,,-1.21600002e-008,-0.0009453125
,,,-1.21200002e-008,-0.000921875
,,,-1.20800002e-008, -0.00090625
,,,-1.20400002e-008,-0.0008828125
,,,-1.20000002e-008,-0.0008515625
,,,-1.19600002e-008,-0.000859375
,,,-1.19200002e-008,-0.000921875
,,,-1.18800002e-008, -0.00090625
,,,-1.18400002e-008,-0.0009140625
,,,-1.18000002e-008,-0.000921875
,,,-1.17600002e-008, -0.00096875
,,,-1.17200002e-008,-0.001015625
,,,-1.16800002e-008, -0.00103125
,,,-1.16400002e-008, -0.00109375
,,,-1.16000002e-008,-0.001203125
,,,-1.15600002e-008,-0.001226563
,,,-1.15200002e-008, -0.00128125
,,,-1.14800002e-008,-0.001242188
,,,-1.14400002e-008,-0.001226563
,,,-1.14000002e-008,  -0.0011875
,,,-1.13600002e-008,-0.001179688
,,,-1.13200002e-008,-0.001101563
,,,-1.12800002e-008,   -0.001125
,,,-1.12400002e-008, -0.00109375
,,,-1.12000001e-008,-0.001117188
,,,-1.11600001e-008,-0.001203125
,,,-1.11200001e-008,-0.001148438
,,,-1.10800001e-008,-0.001234375
,,,-1.10400001e-008,-0.001203125
,,,-1.10000001e-008,-0.001164063
,,,-1.09600001e-008,-0.001140625
,,,-1.09200001e-008,-0.001085938
,,,-1.08800001e-008,-0.001023438
,,,-1.08400001e-008,-0.0009765625
,,,-1.08000001e-008,  -0.0009375
,,,-1.07600001e-008,-0.0009453125
,,,-1.07200001e-008,      -0.001
,,,-1.06800001e-008,      -0.001
,,,-1.06400001e-008, -0.00109375
,,,-1.06000001e-008,-0.001117188
,,,-1.05600001e-008,-0.001179688
,,,-1.05200001e-008,-0.001195313
,,,-1.04800001e-008,-0.001171875
,,,-1.04400001e-008,-0.001109375
,,,-1.04000001e-008,-0.001078125
,,,-1.03600001e-008, -0.00103125
,,,-1.03200001e-008,-0.0009453125
,,,-1.02800001e-008,-0.0009296875
,,,-1.02400001e-008, -0.00090625
,,,-1.02000001e-008,-0.000953125
,,,-1.01600001e-008,-0.0009765625
,,,-1.01200001e-008,-0.001007813
,,,-1.00800001e-008, -0.00103125
,,,-1.00400001e-008, -0.00109375
,,,-1.00000001e-008,  -0.0010625
,,,-9.96000013e-009,-0.001039063
,,,-9.92000013e-009,-0.001015625
,,,-9.88000013e-009,-0.0009609375
,,,-9.84000013e-009, -0.00096875
,,,-9.80000013e-009,-0.000984375
,,,-9.76000013e-009,-0.001023438
,,,-9.72000013e-009, -0.00109375
,,,-9.68000013e-009,-0.001164063
,,,-9.64000013e-009,-0.001171875
,,,-9.60000013e-009,-0.001210938
,,,-9.56000013e-009,-0.001171875
,,,-9.52000013e-009,-0.001140625
,,,-9.48000013e-009,   -0.001125
,,,-9.44000013e-009,-0.001039063
,,,-9.40000013e-009, -0.00103125
,,,-9.36000012e-009,-0.001023438
,,,-9.32000012e-009,-0.001039063
,,,-9.28000012e-009,-0.001046875
,,,-9.24000012e-009,-0.001046875
,,,-9.20000012e-009, -0.00109375
,,,-9.16000012e-009,  -0.0010625
,,,-9.12000012e-009,-0.001085938
,,,-9.08000012e-009,      -0.001
,,,-9.04000012e-009,-0.0009609375
,,,-9.00000012e-009, -0.00096875
,,,-8.96000012e-009, -0.00096875
,,,-8.92000012e-009, -0.00096875
,,,-8.88000012e-009,-0.0009609375
,,,-8.84000012e-009,-0.0009921875
,,,-8.80000012e-009,-0.001007813
,,,-8.76000012e-009,-0.001054688
,,,-8.72000012e-009,-0.001046875
,,,-8.68000012e-009,-0.001054688
,,,-8.64000012e-009,      -0.001
,,,-8.60000011e-009,-0.001015625
,,,-8.56000011e-009,-0.0009921875
,,,-8.52000011e-009,-0.0009609375
,,,-8.48000011e-009,  -0.0009375
,,,-8.44000011e-009,-0.0009765625
,,,-8.40000011e-009,-0.0009453125
,,,-8.36000011e-009,-0.000953125
,,,-8.32000011e-009,-0.000984375
,,,-8.28000011e-009,-0.0009609375
,,,-8.24000011e-009,-0.001007813
,,,-8.20000011e-009, -0.00103125
,,,-8.16000011e-009,-0.001015625
,,,-8.12000011e-009,-0.001015625
,,,-8.08000011e-009,-0.0009609375
,,,-8.04000011e-009,-0.0009140625
,,,-8.00000011e-009,-0.0008515625
,,,-7.96000011e-009,-0.0008203125
,,,-7.92000011e-009,-0.0007890625
,,,-7.88000011e-009,-0.0007421875
,,,-7.8400001e-009,-0.0007734375
,,,-7.8000001e-009,-0.0008515625
,,,-7.7600001e-009,-0.0008828125
,,,-7.7200001e-009,-0.001007813
,,,-7.6800001e-009,-0.001046875
,,,-7.6400001e-009,-0.001101563
,,,-7.6000001e-009,-0.001132813
,,,-7.5600001e-009,-0.001085938
,,,-7.5200001e-009,-0.001039063
,,,-7.4800001e-009,-0.0009765625
,,,-7.4400001e-009,-0.000953125
,,,-7.4000001e-009,-0.0009140625
,,,-7.3600001e-009,  -0.0009375
,,,-7.3200001e-009,-0.000921875
,,,-7.2800001e-009,-0.0009609375
,,,-7.2400001e-009,-0.0009609375
,,,-7.2000001e-009,-0.0009609375
,,,-7.1600001e-009,      -0.001
,,,-7.1200001e-009, -0.00103125
,,,-7.08000009e-009,-0.001039063
,,,-7.04000009e-009,-0.001085938
,,,-7.00000009e-009,-0.001171875
,,,-6.96000009e-009,-0.001179688
,,,-6.92000009e-009,  -0.0011875
,,,-6.88000009e-009,-0.001140625
,,,-6.84000009e-009,-0.001070313
,,,-6.80000009e-009,-0.0009765625
,,,-6.76000009e-009,  -0.0009375
,,,-6.72000009e-009,   -0.000875
,,,-6.68000009e-009, -0.00084375
,,,-6.64000009e-009,-0.0008671875
,,,-6.60000009e-009,-0.0009140625
,,,-6.56000009e-009,-0.001023438
,,,-6.52000009e-009,-0.001070313
,,,-6.48000009e-009,-0.001101563
,,,-6.44000009e-009, -0.00103125
,,,-6.40000009e-009,-0.001046875
,,,-6.36000008e-009,-0.0009921875
,,,-6.32000008e-009,-0.0009921875
,,,-6.28000008e-009, -0.00096875
,,,-6.24000008e-009, -0.00096875
,,,-6.20000008e-009,-0.001085938
,,,-6.16000008e-009,-0.001109375
,,,-6.12000008e-009, -0.00115625
,,,-6.08000008e-009, -0.00121875
,,,-6.04000008e-009, -0.00121875
,,,-6.00000008e-009,-0.001179688
,,,-5.96000008e-009,-0.001117188
,,,-5.92000008e-009,-0.001039063
,,,-5.88000008e-009,-0.001007813
,,,-5.84000008e-009,-0.0009453125
,,,-5.80000008e-009, -0.00096875
,,,-5.76000008e-009,-0.0009765625
,,,-5.72000008e-009,-0.001039063
,,,-5.68000008e-009,  -0.0010625
,,,-5.64000008e-009,-0.001148438
,,,-5.60000007e-009,-0.001140625
,,,-5.56000007e-009, -0.00115625
,,,-5.52000007e-009,-0.001117188
,,,-5.48000007e-009,-0.001085938
,,,-5.44000007e-009,-0.001023438
,,,-5.40000007e-009, -0.00096875
,,,-5.36000007e-009,  -0.0009375
,,,-5.32000007e-009,-0.0009453125
,,,-5.28000007e-009,-0.0009609375
,,,-5.24000007e-009,-0.0009765625
,,,-5.20000007e-009,-0.001023438
,,,-5.16000007e-009,-0.001085938
,,,-5.12000007e-009,-0.001148438
,,,-5.08000007e-009,-0.001132813
,,,-5.04000007e-009, -0.00109375
,,,-5.00000007e-009,-0.001070313
,,,-4.96000007e-009, -0.00109375
,,,-4.92000007e-009,-0.001078125
,,,-4.88000007e-009,  -0.0010625
,,,-4.84000006e-009,   -0.001125
,,,-4.80000006e-009,  -0.0011875
,,,-4.76000006e-009,-0.001226563
,,,-4.72000006e-009,-0.001304688
,,,-4.68000006e-009,-0.001304688
,,,-4.64000006e-009,-0.001296875
,,,-4.60000006e-009,-0.001289063
,,,-4.56000006e-009, -0.00121875
,,,-4.52000006e-009, -0.00115625
,,,-4.48000006e-009,-0.001109375
,,,-4.44000006e-009,-0.001085938
,,,-4.40000006e-009,-0.001148438
,,,-4.36000006e-009,-0.001164063
,,,-4.32000006e-009,-0.001195313
,,,-4.28000006e-009,-0.001242188
,,,-4.24000006e-009,-0.001257813
,,,-4.20000006e-009,-0.001226563
,,,-4.16000006e-009, -0.00121875
,,,-4.12000006e-009, -0.00115625
,,,-4.08000005e-009,   -0.001125
,,,-4.04000005e-009,-0.001164063
,,,-4.00000005e-009, -0.00115625
,,,-3.96000005e-009, -0.00115625
,,,-3.92000005e-009,-0.001132813
,,,-3.88000005e-009,   -0.001125
,,,-3.84000005e-009,-0.001101563
,,,-3.80000005e-009,-0.001015625
,,,-3.76000005e-009,-0.000953125
,,,-3.72000005e-009,-0.0008984375
,,,-3.68000005e-009,-0.000859375
,,,-3.64000005e-009,-0.0008828125
,,,-3.60000005e-009,-0.0009609375
,,,-3.56000005e-009,-0.001023438
,,,-3.52000005e-009,-0.001148438
,,,-3.48000005e-009,-0.001226563
,,,-3.44000005e-009,-0.001289063
,,,-3.40000005e-009,-0.001296875
,,,-3.36000004e-009,-0.001273438
,,,-3.32000004e-009,  -0.0011875
,,,-3.28000004e-009,-0.001164063
,,,-3.24000004e-009, -0.00109375
,,,-3.20000004e-009,-0.001023438
,,,-3.16000004e-009,-0.001039063
,,,-3.12000004e-009,-0.0009921875
,,,-3.08000004e-009,-0.001007813
,,,-3.04000004e-009,-0.0009921875
,,,-3.00000004e-009,-0.001039063
,,,-2.96000004e-009, -0.00103125
,,,-2.92000004e-009,-0.001039063
,,,-2.88000004e-009, -0.00103125
,,,-2.84000004e-009,-0.001023438
,,,-2.80000004e-009, -0.00103125
,,,-2.76000004e-009,-0.001070313
,,,-2.72000004e-009,-0.001054688
,,,-2.68000004e-009,-0.001085938
,,,-2.64000004e-009,-0.001085938
,,,-2.60000003e-009,-0.001117188
,,,-2.56000003e-009, -0.00115625
,,,-2.52000003e-009,-0.001148438
,,,-2.48000003e-009,-0.001171875
,,,-2.44000003e-009,-0.001234375
,,,-2.40000003e-009,    -0.00125
,,,-2.36000003e-009,-0.001320313
,,,-2.32000003e-009,-0.001320313
,,,-2.28000003e-009,-0.001328125
,,,-2.24000003e-009,-0.001289063
,,,-2.20000003e-009,-0.001273438
,,,-2.16000003e-009,-0.001234375
,,,-2.12000003e-009,-0.001195313
,,,-2.08000003e-009,-0.001234375
,,,-2.04000003e-009,-0.001195313
,,,-2.00000003e-009,-0.001203125
,,,-1.96000003e-009, -0.00121875
,,,-1.92000003e-009,-0.001203125
,,,-1.88000003e-009,-0.001210938
,,,-1.84000002e-009,-0.001226563
,,,-1.80000002e-009,-0.001203125
,,,-1.76000002e-009,    -0.00125
,,,-1.72000002e-009,-0.001273438
,,,-1.68000002e-009,-0.001320313
,,,-1.64000002e-009, -0.00134375
,,,-1.60000002e-009,   -0.001375
,,,-1.56000002e-009,-0.001351563
,,,-1.52000002e-009, -0.00134375
,,,-1.48000002e-009,    -0.00125
,,,-1.44000002e-009,  -0.0011875
,,,-1.40000002e-009,-0.001109375
,,,-1.36000002e-009, -0.00109375
,,,-1.32000002e-009,-0.001101563
,,,-1.28000002e-009,-0.001023438
,,,-1.24000002e-009,-0.001039063
,,,-1.20000002e-009,-0.001054688
,,,-1.16000002e-009,  -0.0010625
,,,-1.12000001e-009, -0.00103125
,,,-1.08000001e-009,-0.0009609375
,,,-1.04000001e-009,-0.0009140625
,,,-1.00000001e-009, -0.00084375
,,,-9.60000013e-010,-0.0008359375
,,,-9.20000012e-010,-0.0008203125
,,,-8.80000012e-010,-0.000828125
,,,-8.40000011e-010, -0.00084375
,,,-8.00000011e-010,-0.000890625
,,,-7.6000001e-010,-0.0008515625
,,,-7.2000001e-010,-0.0008359375
,,,-6.80000009e-010,-0.0007578125
,,,-6.40000009e-010,-0.000734375
,,,-6.00000008e-010,-0.000734375
,,,-5.60000007e-010,-0.000765625
,,,-5.20000007e-010,-0.0008828125
,,,-4.80000006e-010,-0.0009765625
,,,-4.40000006e-010,-0.001226563
,,,-4.00000005e-010,-0.001398438
,,,-3.60000005e-010,-0.001609375
,,,-3.20000004e-010,-0.001820313
,,,-2.80000004e-010,-0.001914063
,,,-2.40000003e-010,      -0.002
,,,-2.00000003e-010,  -0.0020625
,,,-1.60000002e-010,-0.002140625
,,,-1.20000002e-010,-0.002132813
,,,-8.00000011e-011, -0.00215625
,,,-4.00000005e-011, -0.00215625
,,,           0,   -0.002125
,,,4.00000005e-011,-0.002023438
,,,8.00000011e-011,  -0.0019375
,,,1.20000002e-010,-0.001703125
,,,1.60000002e-010,-0.001445313
,,,2.00000003e-010,   -0.001125
,,,2.40000003e-010,-0.000734375
,,,2.80000004e-010, -0.00040625
,,,3.20000004e-010, -3.125e-005
,,,3.60000005e-010,0.0002578125
,,,4.00000005e-010, 0.000484375
,,,4.40000006e-010,0.0005703125
,,,4.80000006e-010,0.0004453125
,,,5.20000007e-010,0.0001171875
,,,5.60000007e-010,-0.000484375
,,,6.00000008e-010,-0.001359375
,,,6.40000009e-010,     -0.0025
,,,6.80000009e-010,   -0.003875
,,,7.2000001e-010,-0.005445313
,,,7.6000001e-010,-0.007109375
,,,8.00000011e-010,-0.008789063
,,,8.40000011e-010,   -0.010375
,,,8.80000012e-010, -0.01167188
,,,9.20000012e-010, -0.01260156
,,,9.60000013e-010, -0.01297656
,,,1.00000001e-009, -0.01271875
,,,1.04000001e-009, -0.01160938
,,,1.08000001e-009,-0.009585938
,,,1.12000001e-009,  -0.0065625
,,,1.16000002e-009, -0.00246875
,,,1.20000002e-009, 0.002757813
,,,1.24000002e-009, 0.009007813
,,,1.28000002e-009,  0.01610938
,,,1.32000002e-009,  0.02389063
,,,1.36000002e-009,  0.03199219
,,,1.40000002e-009,  0.04008594
,,,1.44000002e-009,  0.04767969
,,,1.48000002e-009,    0.054375
,,,1.52000002e-009,  0.05966407
,,,1.56000002e-009,   0.0631875
,,,1.60000002e-009,      0.0645
,,,1.64000002e-009,   0.0633125
,,,1.68000002e-009,  0.05939844
,,,1.72000002e-009,  0.05253906
,,,1.76000002e-009,  0.04278125
,,,1.80000002e-009,  0.03021875
,,,1.84000002e-009,  0.01503906
,,,1.88000003e-009, -0.00234375
,,,1.92000003e-009, -0.02133594
,,,1.96000003e-009, -0.04132031
,,,2.00000003e-009, -0.06153125
,,,2.04000003e-009,  -0.0811875
,,,2.08000003e-009,  -0.0993125
,,,2.12000003e-009,  -0.1150469
,,,2.16000003e-009,  -0.1277344
,,,2.20000003e-009,  -0.1365703
,,,2.24000003e-009,  -0.1411094
,,,2.28000003e-009,      -0.141
,,,2.32000003e-009,  -0.1360547
,,,2.36000003e-009,  -0.1263906
,,,2.40000003e-009,  -0.1124531
,,,2.44000003e-009, -0.09464844
,,,2.48000003e-009, -0.07378907
,,,2.52000003e-009, -0.05064063
,,,2.56000003e-009,  -0.0261875
,,,2.60000003e-009,-0.001515625
,,,2.64000004e-009,   0.0224375
,,,2.68000004e-009,  0.04471875
,,,2.72000004e-009,  0.06455469
,,,2.76000004e-009,   0.0811875
,,,2.80000004e-009,  0.09415625
,,,2.84000004e-009,   0.1030547
,,,2.88000004e-009,    0.107875
,,,2.92000004e-009,   0.1087031
,,,2.96000004e-009,   0.1059063
,,,3.00000004e-009,   0.1001406
,,,3.04000004e-009,  0.09196875
,,,3.08000004e-009,  0.08235938
,,,3.12000004e-009,   0.0719375
,,,3.16000004e-009,  0.06173438
,,,3.20000004e-009,  0.05230469
,,,3.24000004e-009,     0.04425
,,,3.28000004e-009,  0.03800781
,,,3.32000004e-009,    0.033625
,,,3.36000004e-009,  0.03120313
,,,3.40000005e-009,  0.03054688
,,,3.44000005e-009,  0.03136719
,,,3.48000005e-009,  0.03321094
,,,3.52000005e-009,  0.03535156
,,,3.56000005e-009,  0.03732031
,,,3.60000005e-009,   0.0385625
,,,3.64000005e-009,  0.03849219
,,,3.68000005e-009,  0.03678125
,,,3.72000005e-009,       0.033
,,,3.76000005e-009,  0.02719531
,,,3.80000005e-009,  0.01938281
,,,3.84000005e-009, 0.009796875
,,,3.88000005e-009,-0.001117188
,,,3.92000005e-009, -0.01288281
,,,3.96000005e-009, -0.02489844
,,,4.00000005e-009, -0.03655469
,,,4.04000005e-009, -0.04721875
,,,4.08000005e-009, -0.05632813
,,,4.12000006e-009, -0.06344532
,,,4.16000006e-009, -0.06839063
,,,4.20000006e-009, -0.07088282
,,,4.24000006e-009, -0.07109375
,,,4.28000006e-009, -0.06924219
,,,4.32000006e-009, -0.06564844
,,,4.36000006e-009, -0.06078125
,,,4.40000006e-009, -0.05523438
,,,4.44000006e-009, -0.04953906
,,,4.48000006e-009, -0.04421875
,,,4.52000006e-009, -0.03957813
,,,4.56000006e-009, -0.03616406
,,,4.60000006e-009, -0.03415625
,,,4.64000006e-009, -0.03355469
,,,4.68000006e-009, -0.03435938
,,,4.72000006e-009, -0.03625781
,,,4.76000006e-009, -0.03900781
,,,4.80000006e-009, -0.04209375
,,,4.84000006e-009, -0.04507031
,,,4.88000007e-009, -0.04740625
,,,4.92000007e-009, -0.04864844
,,,4.96000007e-009, -0.04842969
,,,5.00000007e-009, -0.04650781
,,,5.04000007e-009, -0.04277344
,,,5.08000007e-009, -0.03732031
,,,5.12000007e-009, -0.03040625
,,,5.16000007e-009, -0.02223438
,,,5.20000007e-009, -0.01341406
,,,5.24000007e-009,-0.004273438
,,,5.28000007e-009, 0.004695313
,,,5.32000007e-009,  0.01294531
,,,5.36000007e-009,  0.02010156
,,,5.40000007e-009,  0.02592188
,,,5.44000007e-009,  0.03019531
,,,5.48000007e-009,  0.03278125
,,,5.52000007e-009,  0.03371094
,,,5.56000007e-009,  0.03333594
,,,5.60000007e-009,  0.03182031
,,,5.64000008e-009,  0.02957813
,,,5.68000008e-009,  0.02699219
,,,5.72000008e-009,  0.02452344
,,,5.76000008e-009,   0.0225625
,,,5.80000008e-009,  0.02145313
,,,5.84000008e-009,  0.02142188
,,,5.88000008e-009,  0.02253125
,,,5.92000008e-009,     0.02475
,,,5.96000008e-009,   0.0279375
,,,6.00000008e-009,  0.03190625
,,,6.04000008e-009,  0.03627344
,,,6.08000008e-009,   0.0406875
,,,6.12000008e-009,  0.04469531
,,,6.16000008e-009,       0.048
,,,6.20000008e-009,  0.05032813
,,,6.24000008e-009,  0.05136719
,,,6.28000008e-009,  0.05109375
,,,6.32000008e-009,  0.04942188
,,,6.36000008e-009,  0.04654688
,,,6.40000009e-009,  0.04264063
,,,6.44000009e-009,  0.03797656
,,,6.48000009e-009,  0.03282813
,,,6.52000009e-009,  0.02754688
,,,6.56000009e-009,  0.02247656
,,,6.60000009e-009,  0.01783594
,,,6.64000009e-009,  0.01384375
,,,6.68000009e-009,  0.01073438
,,,6.72000009e-009, 0.008398438
,,,6.76000009e-009, 0.006945313
,,,6.80000009e-009,    0.006125
,,,6.84000009e-009, 0.005742188
,,,6.88000009e-009, 0.005664063
,,,6.92000009e-009, 0.005609375
,,,6.96000009e-009, 0.005289063
,,,7.00000009e-009,      0.0045
,,,7.04000009e-009, 0.003117188
,,,7.08000009e-009, 0.001078125
,,,7.1200001e-009,-0.001710938
,,,7.1600001e-009,-0.005101563
,,,7.2000001e-009, -0.00896875
,,,7.2400001e-009,  -0.0131875
,,,7.2800001e-009, -0.01746094
,,,7.3200001e-009, -0.02158594
,,,7.3600001e-009, -0.02529688
,,,7.4000001e-009, -0.02839063
,,,7.4400001e-009, -0.03066406
,,,7.4800001e-009, -0.03215625
,,,7.5200001e-009,  -0.0326875
,,,7.5600001e-009, -0.03244531
,,,7.6000001e-009, -0.03151563
,,,7.6400001e-009, -0.03005469
,,,7.6800001e-009, -0.02829688
,,,7.7200001e-009, -0.02646875
,,,7.7600001e-009, -0.02478125
,,,7.8000001e-009, -0.02342969
,,,7.8400001e-009, -0.02263281
,,,7.88000011e-009, -0.02239844
,,,7.92000011e-009, -0.02272656
,,,7.96000011e-009,  -0.0236875
,,,8.00000011e-009,   -0.025125
,,,8.04000011e-009,   -0.026875
,,,8.08000011e-009, -0.02880469
,,,8.12000011e-009, -0.03064844
,,,8.16000011e-009, -0.03221875
,,,8.20000011e-009, -0.03338281
,,,8.24000011e-009,   -0.033875
,,,8.28000011e-009, -0.03371875
,,,8.32000011e-009, -0.03280469
,,,8.36000011e-009,    -0.03125
,,,8.40000011e-009,  -0.0290625
,,,8.44000011e-009, -0.02646094
,,,8.48000011e-009, -0.02348438
,,,8.52000011e-009, -0.02041406
,,,8.56000011e-009, -0.01732031
,,,8.60000011e-009, -0.01453906
,,,8.64000012e-009, -0.01196094
,,,8.68000012e-009, -0.00984375
,,,8.72000012e-009,-0.008179688
,,,8.76000012e-009,-0.006992188
,,,8.80000012e-009,-0.006226563
,,,8.84000012e-009,-0.005726563
,,,8.88000012e-009,-0.005523438
,,,8.92000012e-009,-0.005351563
,,,8.96000012e-009,   -0.005125
,,,9.00000012e-009,-0.004671875
,,,9.04000012e-009,-0.003867188
,,,9.08000012e-009,-0.002585938
,,,9.12000012e-009, -0.00090625
,,,9.16000012e-009, 0.001210938
,,,9.20000012e-009, 0.003695313
,,,9.24000012e-009, 0.006429688
,,,9.28000012e-009, 0.009296875
,,,9.32000012e-009,    0.012125
,,,9.36000012e-009,  0.01480469
,,,9.40000013e-009,     0.01725
,,,9.44000013e-009,  0.01935156
,,,9.48000013e-009,  0.02100781
,,,9.52000013e-009,  0.02226563
,,,9.56000013e-009,  0.02304688
,,,9.60000013e-009,  0.02346875
,,,9.64000013e-009,  0.02348438
,,,9.68000013e-009,  0.02324219
,,,9.72000013e-009,     0.02275
,,,9.76000013e-009,  0.02222656
,,,9.80000013e-009,   0.0216875
,,,9.84000013e-009,  0.02142188
,,,9.88000013e-009,  0.02135156
,,,9.92000013e-009,  0.02154688
,,,9.96000013e-009,  0.02207031
,,,1.00000001e-008,  0.02285156
,,,1.00400001e-008,  0.02382813
,,,1.00800001e-008,  0.02484375
,,,1.01200001e-008,  0.02567969
,,,1.01600001e-008,  0.02639844
,,,1.02000001e-008,  0.02677344
,,,1.02400001e-008,  0.02676563
,,,1.02800001e-008,  0.02627344
,,,1.03200001e-008,  0.02547656
,,,1.03600001e-008,  0.02424219
,,,1.04000001e-008,  0.02264063
,,,1.04400001e-008,  0.02080469
,,,1.04800001e-008,  0.01874219
,,,1.05200001e-008,  0.01669531
,,,1.05600001e-008,  0.01457031
,,,1.06000001e-008,  0.01249219
,,,1.06400001e-008,  0.01058594
,,,1.06800001e-008, 0.008984375
,,,1.07200001e-008, 0.007539063
,,,1.07600001e-008, 0.006515625
,,,1.08000001e-008,   0.0056875
,,,1.08400001e-008,   0.0051875
,,,1.08800001e-008,    0.004875
,,,1.09200001e-008, 0.004601563
,,,1.09600001e-008, 0.004328125
,,,1.10000001e-008, 0.003851563
,,,1.10400001e-008, 0.003179688
,,,1.10800001e-008, 0.002148438
,,,1.11200001e-008,0.0007421875
,,,1.11600001e-008,-0.000984375
,,,1.12000001e-008,-0.002992188
,,,1.12400002e-008,-0.005210938
,,,1.12800002e-008,-0.007570313
,,,1.13200002e-008,-0.009898438
,,,1.13600002e-008, -0.01214063
,,,1.14000002e-008, -0.01426563
,,,1.14400002e-008, -0.01611719
,,,1.14800002e-008,    -0.01775
,,,1.15200002e-008, -0.01907031
,,,1.15600002e-008, -0.02009375
,,,1.16000002e-008, -0.02079688
,,,1.16400002e-008, -0.02125781
,,,1.16800002e-008, -0.02147656
,,,1.17200002e-008,     -0.0215
,,,1.17600002e-008, -0.02130469
,,,1.18000002e-008, -0.02107813
,,,1.18400002e-008,  -0.0208125
,,,1.18800002e-008, -0.02064063
,,,1.19200002e-008, -0.02060938
,,,1.19600002e-008, -0.02071875
,,,1.20000002e-008, -0.02111719
,,,1.20400002e-008, -0.02164063
,,,1.20800002e-008, -0.02239063
,,,1.21200002e-008, -0.02317969
,,,1.21600002e-008, -0.02395313
,,,1.22000002e-008,   -0.024625
,,,1.22400002e-008, -0.02502344
,,,1.22800002e-008,   -0.025125
,,,1.23200002e-008, -0.02483594
,,,1.23600002e-008,  -0.0241875
,,,1.24000002e-008, -0.02319531
,,,1.24400002e-008, -0.02199219
,,,1.24800002e-008, -0.02057031
,,,1.25200002e-008, -0.01917969
,,,1.25600002e-008, -0.01772656
,,,1.26000002e-008, -0.01634375
,,,1.26400002e-008, -0.01503906
,,,1.26800002e-008, -0.01385938
,,,1.27200002e-008, -0.01271875
,,,1.27600002e-008, -0.01171875
,,,1.28000002e-008, -0.01078906
,,,1.28400002e-008,-0.009976563
,,,1.28800002e-008,-0.009273438
,,,1.29200002e-008,   -0.008625
,,,1.29600002e-008,-0.008054688
,,,1.30000002e-008,-0.007539063
,,,1.30400002e-008,  -0.0069375
,,,1.30800002e-008,-0.006242188
,,,1.31200002e-008,  -0.0054375
,,,1.31600002e-008,-0.004351563
,,,1.32000002e-008,-0.003039063
,,,1.32400002e-008,-0.001585938
,,,1.32800002e-008,5.46875e-005
,,,1.33200002e-008, 0.001789063
,,,1.33600002e-008, 0.003523438
,,,1.34000002e-008, 0.005117188
,,,1.34400002e-008, 0.006609375
,,,1.34800002e-008,  0.00790625
,,,1.35200002e-008, 0.008976563
,,,1.35600002e-008, 0.009828125
,,,1.36000002e-008,  0.01045313
,,,1.36400002e-008,  0.01089844
,,,1.36800002e-008,  0.01115625
,,,1.37200002e-008,   0.0113125
,,,1.37600002e-008,  0.01135938
,,,1.38000002e-008,  0.01142969
,,,1.38400002e-008,  0.01160938
,,,1.38800002e-008,  0.01189844
,,,1.39200002e-008,  0.01230469
,,,1.39600002e-008,  0.01289063
,,,1.40000002e-008,  0.01364844
,,,1.40400002e-008,      0.0145
,,,1.40800002e-008,  0.01536719
,,,1.41200002e-008,  0.01626563
,,,1.41600002e-008,  0.01707813
,,,1.42000002e-008,  0.01773438
,,,1.42400002e-008,  0.01822656
,,,1.42800002e-008,  0.01846875
,,,1.43200002e-008,  0.01851563
,,,1.43600002e-008,  0.01835156
,,,1.44000002e-008,  0.01795313
,,,1.44400002e-008,  0.01739063
,,,1.44800002e-008,  0.01665625
,,,1.45200002e-008,  0.01584375
,,,1.45600002e-008,  0.01496094
,,,1.46000002e-008,  0.01407813
,,,1.46400002e-008,     0.01325
,,,1.46800002e-008,  0.01250781
,,,1.47200002e-008,  0.01184375
,,,1.47600002e-008,  0.01139063
,,,1.48000002e-008,   0.0110625
,,,1.48400002e-008,  0.01086719
,,,1.48800002e-008,  0.01071875
,,,1.49200002e-008,  0.01059375
,,,1.49600002e-008,  0.01047656
,,,1.50000002e-008,  0.01019531
,,,1.50400002e-008, 0.009820313
,,,1.50800002e-008, 0.009234375
,,,1.51200002e-008, 0.008492188
,,,1.51600002e-008,  0.00759375
,,,1.52000002e-008,  0.00659375
,,,1.52400002e-008, 0.005453125
,,,1.52800002e-008,  0.00428125
,,,1.53200002e-008, 0.003039063
,,,1.53600002e-008, 0.001835938
,,,1.54000002e-008,0.0006171875
,,,1.54400002e-008,-0.0004453125
,,,1.54800002e-008,-0.001492188
,,,1.55200002e-008,-0.002351563
,,,1.55600002e-008,-0.003140625
,,,1.56000002e-008,-0.003734375
,,,1.56400002e-008,  -0.0041875
,,,1.56800002e-008,-0.004570313
,,,1.57200002e-008,-0.004890625
,,,1.57600002e-008,  -0.0051875
,,,1.58000002e-008,   -0.005625
,,,1.58400002e-008,-0.006179688
,,,1.58800002e-008, -0.00684375
,,,1.59200002e-008,-0.007648438
,,,1.59600002e-008, -0.00865625
,,,1.60000002e-008,-0.009734375
,,,1.60400002e-008, -0.01097656
,,,1.60800002e-008, -0.01220313
,,,1.61200002e-008, -0.01336719
,,,1.61600002e-008, -0.01450781
,,,1.62000002e-008, -0.01548438
,,,1.62400002e-008, -0.01632031
,,,1.62800002e-008, -0.01694531
,,,1.63200002e-008, -0.01740625
,,,1.63600002e-008, -0.01774219
,,,1.64000002e-008, -0.01784375
,,,1.64400002e-008, -0.01782031
,,,1.64800002e-008, -0.01764844
,,,1.65200002e-008, -0.01733594
,,,1.65600002e-008, -0.01696094
,,,1.66000002e-008, -0.01659375
,,,1.66400002e-008, -0.01614844
,,,1.66800002e-008, -0.01579688
,,,1.67200002e-008, -0.01542188
,,,1.67600002e-008, -0.01514844
,,,1.68000002e-008, -0.01492969
,,,1.68400002e-008, -0.01482031
,,,1.68800002e-008,    -0.01475
,,,1.69200002e-008, -0.01474219
,,,1.69600002e-008, -0.01472656
,,,1.70000002e-008, -0.01463281
,,,1.70400002e-008, -0.01452344
,,,1.70800002e-008, -0.01419531
,,,1.71200002e-008, -0.01376563
,,,1.71600002e-008, -0.01319531
,,,1.72000002e-008, -0.01247656
,,,1.72400002e-008, -0.01160156
,,,1.72800002e-008, -0.01066406
,,,1.73200002e-008,-0.009664063
,,,1.73600002e-008,-0.008585938
,,,1.74000002e-008,-0.007554688
,,,1.74400002e-008,-0.006578125
,,,1.74800002e-008,-0.005640625
,,,1.75200002e-008,-0.004804688
,,,1.75600002e-008, -0.00415625
,,,1.76000002e-008,-0.003570313
,,,1.76400002e-008,-0.003070313
,,,1.76800002e-008,-0.002640625
,,,1.77200002e-008,-0.002203125
,,,1.77600002e-008, -0.00184375
,,,1.78000002e-008,-0.001421875
,,,1.78400002e-008,  -0.0009375
,,,1.78800002e-008,-0.0005078125
,,,1.79200002e-008,-1.5625e-005
,,,1.79600002e-008,0.0004921875
,,,1.80000002e-008,   0.0010625
,,,1.80400002e-008, 0.001703125
,,,1.80800002e-008,   0.0024375
,,,1.81200002e-008,  0.00328125
,,,1.81600002e-008, 0.004132813
,,,1.82000002e-008,   0.0050625
,,,1.82400002e-008,  0.00590625
,,,1.82800002e-008, 0.006820313
,,,1.83200002e-008, 0.007570313
,,,1.83600002e-008, 0.008234375
,,,1.84000002e-008, 0.008734375
,,,1.84400002e-008, 0.009140625
,,,1.84800002e-008, 0.009453125
,,,1.85200002e-008, 0.009648438
,,,1.85600002e-008, 0.009820313
,,,1.86000002e-008,  0.00996875
,,,1.86400002e-008,   0.0100625
,,,1.86800002e-008,  0.01013281
,,,1.87200002e-008,  0.01034375
,,,1.87600003e-008,  0.01051563
,,,1.88000003e-008,  0.01075781
,,,1.88400003e-008,       0.011
,,,1.88800003e-008,  0.01128906
,,,1.89200003e-008,  0.01158594
,,,1.89600003e-008,  0.01182031
,,,1.90000003e-008,  0.01197656
,,,1.90400003e-008,   0.0120625
,,,1.90800003e-008,  0.01203906
,,,1.91200003e-008,  0.01196094
,,,1.91600003e-008,  0.01180469
,,,1.92000003e-008,  0.01160156
,,,1.92400003e-008,  0.01132813
,,,1.92800003e-008,  0.01096875
,,,1.93200003e-008,      0.0105
,,,1.93600003e-008, 0.009992188
,,,1.94000003e-008,  0.00940625
,,,1.94400003e-008,  0.00878125
,,,1.94800003e-008, 0.008101563
,,,1.95200003e-008, 0.007390625
,,,1.95600003e-008,   0.0068125
,,,1.96000003e-008, 0.006257813
,,,1.96400003e-008,   0.0058125
,,,1.96800003e-008, 0.005445313
,,,1.97200003e-008, 0.005085938
,,,1.97600003e-008,  0.00478125
,,,1.98000003e-008, 0.004460938
,,,1.98400003e-008,  0.00409375
,,,1.98800003e-008,  0.00371875
,,,1.99200003e-008,   0.0033125
,,,1.99600003e-008,    0.002875
,,,2.00000003e-008, 0.002367188
,,,2.00400003e-008, 0.001859375
,,,2.00800003e-008, 0.001328125
,,,2.01200003e-008,0.0007578125
,,,2.01600003e-008, 0.000171875
,,,2.02000003e-008,-0.0004453125
,,,2.02400003e-008,   -0.001125
,,,2.02800003e-008,-0.001859375
,,,2.03200003e-008,-0.002632813
,,,2.03600003e-008,-0.003453125
,,,2.04000003e-008,    -0.00425
,,,2.04400003e-008,-0.004992188
,,,2.04800003e-008, -0.00571875
,,,2.05200003e-008,-0.006289063
,,,2.05600003e-008,-0.006773438
,,,2.06000003e-008,-0.007179688
,,,2.06400003e-008,     -0.0075
,,,2.06800003e-008,-0.007765625
,,,2.07200003e-008,-0.008039063
,,,2.07600003e-008,-0.008320313
,,,2.08000003e-008,-0.008664063
,,,2.08400003e-008, -0.00903125
,,,2.08800003e-008,-0.009515625
,,,2.09200003e-008,  -0.0099375
,,,2.09600003e-008, -0.01038281
,,,2.10000003e-008,   -0.010875
,,,2.10400003e-008, -0.01128906
,,,2.10800003e-008, -0.01161719
,,,2.11200003e-008, -0.01183594
,,,2.11600003e-008, -0.01198438
,,,2.12000003e-008, -0.01208594
,,,2.12400003e-008, -0.01207813
,,,2.12800003e-008,      -0.012
,,,2.13200003e-008, -0.01183594
,,,2.13600003e-008,   -0.011625
,,,2.14000003e-008, -0.01134375
,,,2.14400003e-008, -0.01096094
,,,2.14800003e-008, -0.01060156
,,,2.15200003e-008, -0.01015625
,,,2.15600003e-008, -0.00971875
,,,2.16000003e-008, -0.00928125
,,,2.16400003e-008,-0.008898438
,,,2.16800003e-008,-0.008539063
,,,2.17200003e-008,-0.008210938
,,,2.17600003e-008,-0.007867188
,,,2.18000003e-008,-0.007617188
,,,2.18400003e-008,-0.007351563
,,,2.18800003e-008,-0.007101563
,,,2.19200003e-008,-0.006882813
,,,2.19600003e-008,-0.006648438
,,,2.20000003e-008,-0.006453125
,,,2.20400003e-008,    -0.00625
,,,2.20800003e-008,-0.005992188
,,,2.21200003e-008,-0.005726563
,,,2.21600003e-008, -0.00540625
,,,2.22000003e-008,-0.005054688
,,,2.22400003e-008,-0.004695313
,,,2.22800003e-008,-0.004328125
,,,2.23200003e-008,-0.003945313
,,,2.23600003e-008,-0.003539063
,,,2.24000003e-008,-0.003171875
,,,2.24400003e-008,-0.002765625
,,,2.24800003e-008, -0.00234375
,,,2.25200003e-008,  -0.0019375
,,,2.25600003e-008,-0.001578125
,,,2.26000003e-008,-0.001195313
,,,2.26400003e-008,-0.0008359375
,,,2.26800003e-008, -0.00053125
,,,2.27200003e-008,-0.000234375
,,,2.27600003e-008,7.03125e-005
,,,2.28000003e-008,   0.0004375
,,,2.28400003e-008,  0.00078125
,,,2.28800003e-008, 0.001195313
,,,2.29200003e-008, 0.001664063
,,,2.29600003e-008, 0.002132813
,,,2.30000003e-008, 0.002570313
,,,2.30400003e-008, 0.003039063
,,,2.30800003e-008, 0.003398438
,,,2.31200003e-008, 0.003703125
,,,2.31600003e-008, 0.003882813
,,,2.32000003e-008, 0.003945313
,,,2.32400003e-008,   0.0039375
,,,2.32800003e-008, 0.003898438
,,,2.33200003e-008, 0.003835938
,,,2.33600003e-008, 0.003789063
,,,2.34000003e-008, 0.003742188
,,,2.34400003e-008,   0.0038125
,,,2.34800003e-008, 0.003851563
,,,2.35200003e-008, 0.004039063
,,,2.35600003e-008, 0.004320313
,,,2.36000003e-008,   0.0046875
,,,2.36400003e-008, 0.005140625
,,,2.36800003e-008, 0.005671875
,,,2.37200003e-008, 0.006289063
,,,2.37600003e-008, 0.006882813
,,,2.38000003e-008, 0.007546875
,,,2.38400003e-008, 0.008203125
,,,2.38800003e-008,     0.00875
,,,2.39200003e-008,  0.00921875
,,,2.39600003e-008, 0.009609375
,,,2.40000003e-008,  0.00978125
,,,2.40400003e-008, 0.009828125
,,,2.40800003e-008, 0.009664063
,,,2.41200003e-008,     0.00925
,,,2.41600003e-008,   0.0086875
,,,2.42000003e-008,    0.007875
,,,2.42400003e-008, 0.007046875
,,,2.42800003e-008,  0.00609375
,,,2.43200003e-008, 0.005164063
,,,2.43600003e-008, 0.004273438
,,,2.44000003e-008, 0.003492188
,,,2.44400003e-008, 0.002796875
,,,2.44800003e-008, 0.002242188
,,,2.45200003e-008, 0.001710938
,,,2.45600003e-008, 0.001265625
,,,2.46000003e-008,0.0008359375
,,,2.46400003e-008,   0.0005625
,,,2.46800003e-008, 0.000203125
,,,2.47200003e-008,-4.6875e-005
,,,2.47600003e-008,-0.0002890625
,,,2.48000003e-008,-0.0005078125
,,,2.48400003e-008,-0.000703125
,,,2.48800003e-008,-0.0008984375
,,,2.49200003e-008,-0.001132813
,,,2.49600003e-008,-0.001382813
,,,2.50000003e-008,-0.001679688
,,,2.50400003e-008,-0.002054688
,,,2.50800003e-008,-0.002367188
,,,2.51200003e-008,-0.002742188
,,,2.51600003e-008,-0.003023438
,,,2.52000003e-008,-0.003195313
,,,2.52400003e-008,  -0.0033125
,,,2.52800003e-008,-0.003273438
,,,2.53200003e-008,-0.003179688
,,,2.53600003e-008,-0.002960938
,,,2.54000003e-008,-0.002695313
,,,2.54400003e-008, -0.00240625
,,,2.54800003e-008, -0.00215625
,,,2.55200003e-008,-0.001945313
,,,2.55600003e-008,-0.001789063
,,,2.56000003e-008, -0.00171875
,,,2.56400003e-008,-0.001773438
,,,2.56800003e-008,-0.001914063
,,,2.57200003e-008,-0.002164063
,,,2.57600003e-008, -0.00246875
,,,2.58000003e-008,-0.002960938
,,,2.58400003e-008, -0.00346875
,,,2.58800003e-008,      -0.004
,,,2.59200003e-008,  -0.0045625
,,,2.59600003e-008, -0.00509375
,,,2.60000003e-008,-0.005578125
,,,2.60400003e-008,-0.005953125
,,,2.60800003e-008,-0.006179688
,,,2.61200003e-008,-0.006335938
,,,2.61600003e-008, -0.00634375
,,,2.62000003e-008, -0.00628125
,,,2.62400004e-008, -0.00615625
,,,2.62800004e-008,-0.006007813
,,,2.63200004e-008,-0.005835938
,,,2.63600004e-008, -0.00571875
,,,2.64000004e-008, -0.00565625
,,,2.64400004e-008,-0.005601563
,,,2.64800004e-008,-0.005601563
,,,2.65200004e-008,-0.005726563
,,,2.65600004e-008, -0.00584375
,,,2.66000004e-008,-0.006140625
,,,2.66400004e-008,-0.006429688
,,,2.66800004e-008, -0.00684375
,,,2.67200004e-008,-0.007242188
,,,2.67600004e-008,-0.007664063
,,,2.68000004e-008,-0.008015625
,,,2.68400004e-008,-0.008257813
,,,2.68800004e-008,-0.008414063
,,,2.69200004e-008,-0.008453125
,,,2.69600004e-008, -0.00834375
,,,2.70000004e-008,  -0.0080625
,,,2.70400004e-008,-0.007742188
,,,2.70800004e-008,-0.007320313
,,,2.71200004e-008,  -0.0068125
,,,2.71600004e-008,-0.006320313
,,,2.72000004e-008,-0.005835938
,,,2.72400004e-008,-0.005359375
,,,2.72800004e-008,-0.004835938
,,,2.73200004e-008,-0.004359375
,,,2.73600004e-008, -0.00384375
,,,2.74000004e-008,-0.003335938
,,,2.74400004e-008,-0.002820313
,,,2.74800004e-008,-0.002335938
,,,2.75200004e-008,-0.001804688
,,,2.75600004e-008,-0.001359375
,,,2.76000004e-008,   -0.000875
,,,2.76400004e-008,     -0.0005
,,,2.76800004e-008,-0.0001015625
,,,2.77200004e-008,0.0003046875
,,,2.77600004e-008,  0.00065625
,,,2.78000004e-008, 0.001023438
,,,2.78400004e-008,    0.001375
,,,2.78800004e-008,  0.00171875
,,,2.79200004e-008, 0.002046875
,,,2.79600004e-008, 0.002320313
,,,2.80000004e-008, 0.002617188
,,,2.80400004e-008, 0.002882813
,,,2.80800004e-008, 0.003085938
,,,2.81200004e-008, 0.003265625
,,,2.81600004e-008, 0.003453125
,,,2.82000004e-008, 0.003601563
,,,2.82400004e-008, 0.003859375
,,,2.82800004e-008,   0.0040625
,,,2.83200004e-008, 0.004257813
,,,2.83600004e-008, 0.004390625
,,,2.84000004e-008, 0.004507813
,,,2.84400004e-008, 0.004601563
,,,2.84800004e-008, 0.004664063
,,,2.85200004e-008, 0.004695313
,,,2.85600004e-008,     0.00475
,,,2.86000004e-008, 0.004710938
,,,2.86400004e-008, 0.004734375
,,,2.86800004e-008, 0.004734375
,,,2.87200004e-008,     0.00475
,,,2.87600004e-008, 0.004789063
,,,2.88000004e-008, 0.004804688
,,,2.88400004e-008, 0.004835938
,,,2.88800004e-008, 0.004835938
,,,2.89200004e-008, 0.004820313
,,,2.89600004e-008, 0.004789063
,,,2.90000004e-008, 0.004726563
,,,2.90400004e-008,   0.0046875
,,,2.90800004e-008, 0.004585938
,,,2.91200004e-008, 0.004429688
,,,2.91600004e-008,   0.0043125
,,,2.92000004e-008, 0.004148438
,,,2.92400004e-008, 0.003921875
,,,2.92800004e-008, 0.003679688
,,,2.93200004e-008, 0.003390625
,,,2.93600004e-008, 0.003070313
,,,2.94000004e-008, 0.002671875
,,,2.94400004e-008, 0.002273438
,,,2.94800004e-008, 0.001820313
,,,2.95200004e-008, 0.001367188
,,,2.95600004e-008,0.0008046875
,,,2.96000004e-008,0.0002890625
,,,2.96400004e-008, -0.00028125
,,,2.96800004e-008,-0.000796875
,,,2.97200004e-008,-0.001289063
,,,2.97600004e-008,  -0.0016875
,,,2.98000004e-008,-0.002085938
,,,2.98400004e-008,-0.002367188
,,,2.98800004e-008,-0.002585938
,,,2.99200004e-008,-0.002773438
,,,2.99600004e-008,-0.002898438
,,,3.00000004e-008,-0.003046875
,,,3.00400004e-008,   -0.003125
,,,3.00800004e-008,-0.003242188
,,,3.01200004e-008,-0.003398438
,,,3.01600004e-008,-0.003523438
,,,3.02000004e-008,-0.003695313
,,,3.02400004e-008,-0.003882813
,,,3.02800004e-008,  -0.0040625
,,,3.03200004e-008,  -0.0041875
,,,3.03600004e-008,-0.004273438
,,,3.04000004e-008,-0.004382813
,,,3.04400004e-008,-0.004398438
,,,3.04800004e-008,-0.004367188
,,,3.05200004e-008,-0.004367188
,,,3.05600004e-008,-0.004335938
,,,3.06000004e-008,-0.004328125
,,,3.06400004e-008,-0.004351563
,,,3.06800004e-008,-0.004320313
,,,3.07200004e-008, -0.00428125
,,,3.07600004e-008,-0.004242188
,,,3.08000004e-008, -0.00415625
,,,3.08400004e-008,-0.004015625
,,,3.08800004e-008,-0.003835938
,,,3.09200004e-008, -0.00359375
,,,3.09600004e-008,-0.003328125
,,,3.10000004e-008,-0.003078125
,,,3.10400004e-008,-0.002828125
,,,3.10800004e-008,-0.002601563
,,,3.11200004e-008,-0.002460938
,,,3.11600004e-008,-0.002304688
,,,3.12000004e-008,    -0.00225
,,,3.12400004e-008,    -0.00225
,,,3.12800004e-008,-0.002320313
,,,3.13200004e-008,-0.002359375
,,,3.13600004e-008,-0.002476563
,,,3.14000004e-008, -0.00259375
,,,3.14400004e-008,-0.002703125
,,,3.14800004e-008,-0.002804688
,,,3.15200004e-008,-0.002929688
,,,3.15600004e-008,-0.003015625
,,,3.16000004e-008,-0.003046875
,,,3.16400004e-008, -0.00315625
,,,3.16800004e-008,-0.003195313
,,,3.17200004e-008,-0.003304688
,,,3.17600004e-008,-0.003328125
,,,3.18000004e-008,-0.003335938
,,,3.18400004e-008,-0.003289063
,,,3.18800004e-008,-0.003234375
,,,3.19200004e-008,-0.003109375
,,,3.19600004e-008,      -0.003
,,,3.20000004e-008,-0.002859375
,,,3.20400004e-008,-0.002765625
,,,3.20800004e-008, -0.00265625
,,,3.21200004e-008,-0.002539063
,,,3.21600004e-008,-0.002484375
,,,3.22000004e-008,-0.002398438
,,,3.22400004e-008,-0.002289063
,,,3.22800004e-008,-0.002195313
,,,3.23200004e-008, -0.00209375
,,,3.23600004e-008,-0.001960938
,,,3.24000004e-008,-0.001890625
,,,3.24400004e-008,-0.001835938
,,,3.24800004e-008,-0.001742188
,,,3.25200004e-008, -0.00165625
,,,3.25600004e-008,-0.001585938
,,,3.26000004e-008,-0.001421875
,,,3.26400004e-008,-0.001234375
,,,3.26800004e-008,-0.001007813
,,,3.27200004e-008, -0.00071875
,,,3.27600004e-008,-0.0004921875
,,,3.28000004e-008,-0.000234375
,,,3.28400004e-008,-3.90625e-005
,,,3.28800004e-008,    0.000125
,,,3.29200004e-008,0.0002109375
,,,3.29600004e-008,0.0002578125
,,,3.30000004e-008,0.0003203125
,,,3.30400004e-008,  0.00040625
,,,3.30800004e-008, 0.000359375
,,,3.31200004e-008, 0.000359375
,,,3.31600004e-008,0.0003828125
,,,3.32000004e-008,0.0004453125
,,,3.32400004e-008,0.0004765625
,,,3.32800004e-008, 0.000546875
,,,3.33200004e-008,0.0006328125
,,,3.33600004e-008,0.0006953125
,,,3.34000004e-008,0.0008515625
,,,3.34400004e-008,  0.00090625
,,,3.34800004e-008, 0.001070313
,,,3.35200004e-008, 0.001179688
,,,3.35600004e-008, 0.001304688
,,,3.36000004e-008, 0.001453125
,,,3.36400004e-008,   0.0015625
,,,3.36800004e-008,    0.001625
,,,3.37200005e-008,   0.0016875
,,,3.37600005e-008,     0.00175
,,,3.38000005e-008, 0.001835938
,,,3.38400005e-008, 0.001898438
,,,3.38800005e-008, 0.001929688
,,,3.39200005e-008,       0.002
,,,3.39600005e-008, 0.002039063
,,,3.40000005e-008, 0.002085938
,,,3.40400005e-008, 0.002109375
,,,3.40800005e-008, 0.002101563
,,,3.41200005e-008, 0.002046875
,,,3.41600005e-008,       0.002
,,,3.42000005e-008, 0.001960938
,,,3.42400005e-008, 0.001867188
,,,3.42800005e-008, 0.001796875
,,,3.43200005e-008,  0.00171875
,,,3.43600005e-008,    0.001625
,,,3.44000005e-008, 0.001539063
,,,3.44400005e-008,   0.0014375
,,,3.44800005e-008,  0.00128125
,,,3.45200005e-008, 0.001140625
,,,3.45600005e-008,0.0008828125
,,,3.46000005e-008,    0.000625
,,,3.46400005e-008,0.0002578125
,,,3.46800005e-008,-8.59375e-005
,,,3.47200005e-008,-0.0003984375
,,,3.47600005e-008,-0.000671875
,,,3.48000005e-008,-0.000921875
,,,3.48400005e-008, -0.00115625
,,,3.48800005e-008,-0.001265625
,,,3.49200005e-008,  -0.0014375
,,,3.49600005e-008,-0.001539063
,,,3.50000005e-008,-0.001570313
,,,3.50400005e-008,-0.001640625
,,,3.50800005e-008,-0.001726563
,,,3.51200005e-008,-0.001789063
,,,3.51600005e-008,-0.001820313
,,,3.52000005e-008,-0.001867188
,,,3.52400005e-008,-0.001921875
,,,3.52800005e-008,-0.001960938
,,,3.53200005e-008,-0.002039063
,,,3.53600005e-008,-0.002117188
,,,3.54000005e-008,-0.002328125
,,,3.54400005e-008,-0.002484375
,,,3.54800005e-008, -0.00271875
,,,3.55200005e-008,-0.002921875
,,,3.55600005e-008,-0.003179688
,,,3.56000005e-008,-0.003382813
,,,3.56400005e-008,-0.003546875
,,,3.56800005e-008,-0.003578125
,,,3.57200005e-008,-0.003671875
,,,3.57600005e-008,-0.003695313
,,,3.58000005e-008, -0.00371875
,,,3.58400005e-008,-0.003632813
,,,3.58800005e-008,-0.003632813
,,,3.59200005e-008,-0.003523438
,,,3.59600005e-008,-0.003414063
,,,3.60000005e-008,-0.003304688
,,,3.60400005e-008,-0.003171875
,,,3.60800005e-008,-0.003039063
,,,3.61200005e-008, -0.00290625
,,,3.61600005e-008, -0.00284375
,,,3.62000005e-008, -0.00278125
,,,3.62400005e-008,    -0.00275
,,,3.62800005e-008,-0.002695313
,,,3.63200005e-008,-0.002703125
,,,3.63600005e-008,-0.002648438
,,,3.64000005e-008, -0.00253125
,,,3.64400005e-008,-0.002390625
,,,3.64800005e-008, -0.00228125
,,,3.65200005e-008,-0.002085938
,,,3.65600005e-008,-0.001992188
,,,3.66000005e-008,-0.001851563
,,,3.66400005e-008,-0.001742188
,,,3.66800005e-008,-0.001671875
,,,3.67200005e-008,-0.001679688
,,,3.67600005e-008, -0.00165625
,,,3.68000005e-008,-0.001679688
,,,3.68400005e-008,-0.001710938
,,,3.68800005e-008,-0.001734375
,,,3.69200005e-008,-0.001742188
,,,3.69600005e-008, -0.00178125
,,,3.70000005e-008, -0.00178125
,,,3.70400005e-008, -0.00178125
,,,3.70800005e-008,-0.001765625
,,,3.71200005e-008,-0.001703125
,,,3.71600005e-008,-0.001679688
,,,3.72000005e-008,-0.001601563
,,,3.72400005e-008,-0.001484375
,,,3.72800005e-008,-0.001421875
,,,3.73200005e-008,  -0.0013125
,,,3.73600005e-008,    -0.00125
,,,3.74000005e-008,-0.001195313
,,,3.74400005e-008, -0.00115625
,,,3.74800005e-008,-0.001101563
,,,3.75200005e-008,-0.001039063
,,,3.75600005e-008,-0.001007813
,,,3.76000005e-008,-0.0009296875
,,,3.76400005e-008,   -0.000875
,,,3.76800005e-008,-0.0008046875
,,,3.77200005e-008, -0.00071875
,,,3.77600005e-008,-0.0006484375
,,,3.78000005e-008,-0.0005703125
,,,3.78400005e-008,-0.0005078125
,,,3.78800005e-008,-0.0004453125
,,,3.79200005e-008,-0.0003671875
,,,3.79600005e-008, -0.00028125
,,,3.80000005e-008,-0.0001953125
,,,3.80400005e-008,-0.000109375
,,,3.80800005e-008,-7.8125e-006
,,,3.81200005e-008,    0.000125
,,,3.81600005e-008,0.0002265625
,,,3.82000005e-008, 0.000328125
,,,3.82400005e-008, 0.000453125
,,,3.82800005e-008,0.0004609375
,,,3.83200005e-008,  0.00053125
,,,3.83600005e-008,0.0005078125
,,,3.84000005e-008, 0.000515625
,,,3.84400005e-008,0.0005546875
,,,3.84800005e-008,0.0005703125
,,,3.85200005e-008,0.0005703125
,,,3.85600005e-008,0.0006015625
,,,3.86000005e-008,    0.000625
,,,3.86400005e-008,    0.000625
,,,3.86800005e-008,0.0006484375
,,,3.87200005e-008,    0.000625
,,,3.87600005e-008, 0.000578125
,,,3.88000005e-008, 0.000546875
,,,3.88400005e-008,0.0005390625
,,,3.88800005e-008,0.0004921875
,,,3.89200005e-008,0.0004609375
,,,3.89600005e-008, 0.000390625
,,,3.90000005e-008, 0.000421875
,,,3.90400005e-008,0.0003671875
,,,3.90800005e-008,0.0003046875
,,,3.91200005e-008,0.0002109375
,,,3.91600005e-008,    0.000125
,,,3.92000005e-008,           0
,,,3.92400005e-008,-0.0001484375
,,,3.92800005e-008,-0.0001953125
,,,3.93200005e-008,-0.0003359375
,,,3.93600005e-008,   -0.000375
,,,3.94000005e-008,-0.000421875
,,,3.94400005e-008,-0.000421875
,,,3.94800005e-008, -0.00040625
,,,3.95200005e-008,-0.0004921875
,,,3.95600005e-008,     -0.0005
,,,3.96000005e-008,-0.000546875
,,,3.96400005e-008,-0.0006328125
,,,3.96800005e-008,-0.000734375
,,,3.97200005e-008,-0.000796875
,,,3.97600005e-008,-0.0008671875
,,,3.98000005e-008,-0.0009296875
,,,3.98400005e-008,-0.0009765625
,,,3.98800005e-008,  -0.0010625
,,,3.99200005e-008,-0.001140625
,,,3.99600005e-008,-0.001195313
,,,4.00000005e-008,-0.001359375
,,,4.00400005e-008, -0.00153125
,,,4.00800005e-008,-0.001671875
,,,4.01200005e-008,-0.001882813
,,,4.01600005e-008,-0.002078125
,,,4.02000005e-008,-0.002203125
,,,4.02400005e-008,-0.002296875
,,,4.02800005e-008,-0.002398438
,,,4.03200005e-008,-0.002398438
,,,4.03600005e-008,-0.002421875
,,,4.04000005e-008,-0.002421875
,,,4.04400005e-008,-0.002421875
,,,4.04800005e-008,-0.002429688
,,,4.05200005e-008, -0.00246875
,,,4.05600005e-008, -0.00246875
,,,4.06000005e-008,     -0.0025
,,,4.06400005e-008,-0.002523438
,,,4.06800005e-008,-0.002539063
,,,4.07200005e-008,-0.002523438
,,,4.07600005e-008,-0.002546875
,,,4.08000005e-008,     -0.0025
,,,4.08400005e-008,-0.002507813
,,,4.08800005e-008,-0.002453125
,,,4.09200005e-008,-0.002476563
,,,4.09600005e-008,-0.002492188
,,,4.10000005e-008,-0.002484375
,,,4.10400005e-008,-0.002414063
,,,4.10800005e-008,-0.002367188
,,,4.11200005e-008,-0.002242188
,,,4.11600005e-008,-0.002078125
,,,4.12000006e-008, -0.00196875
,,,4.12400006e-008,-0.001796875
,,,4.12800006e-008,-0.001703125
,,,4.13200006e-008,-0.001617188
,,,4.13600006e-008,-0.001546875
,,,4.14000006e-008,-0.001507813
,,,4.14400006e-008,-0.001546875
,,,4.14800006e-008,-0.001570313
,,,4.15200006e-008,-0.001585938
,,,4.15600006e-008, -0.00153125
,,,4.16000006e-008,     -0.0015
,,,4.16400006e-008, -0.00140625
,,,4.16800006e-008,-0.001320313
,,,4.17200006e-008,-0.001210938
,,,4.17600006e-008,-0.001117188
,,,4.18000006e-008,  -0.0010625
,,,4.18400006e-008, -0.00103125
,,,4.18800006e-008,-0.001015625
,,,4.19200006e-008,-0.001007813
,,,4.19600006e-008,-0.0009765625
,,,4.20000006e-008,-0.0009609375
,,,4.20400006e-008,-0.0008671875
,,,4.20800006e-008,-0.000796875
,,,4.21200006e-008,-0.0007421875
,,,4.21600006e-008,   -0.000625
,,,4.22000006e-008,-0.0005703125
,,,4.22400006e-008,     -0.0005
,,,4.22800006e-008,-0.000453125
,,,4.23200006e-008,-0.0004296875
,,,4.23600006e-008,-0.0003515625
,,,4.24000006e-008,  -0.0003125
,,,4.24400006e-008,-0.000234375
,,,4.24800006e-008, -0.00015625
,,,4.25200006e-008,-0.0001015625
,,,4.25600006e-008,-8.59375e-005
,,,4.26000006e-008,-7.8125e-006
,,,4.26400006e-008,-4.6875e-005
,,,4.26800006e-008,-3.90625e-005
,,,4.27200006e-008,-8.59375e-005
,,,4.27600006e-008,-4.6875e-005
,,,4.28000006e-008,-8.59375e-005
,,,4.28400006e-008,-2.34375e-005
,,,4.28800006e-008,3.90625e-005
,,,4.29200006e-008, 0.000140625
,,,4.29600006e-008,0.0002109375
,,,4.30000006e-008,0.0003203125
,,,4.30400006e-008,0.0003359375
,,,4.30800006e-008,0.0003828125
,,,4.31200006e-008, 0.000359375
,,,4.31600006e-008,   0.0003125
,,,4.32000006e-008,0.0002578125
,,,4.32400006e-008, 0.000140625
,,,4.32800006e-008, 7.8125e-005
,,,4.33200006e-008, 1.5625e-005
,,,4.33600006e-008, -3.125e-005
,,,4.34000006e-008,-0.000140625
,,,4.34400006e-008,  -0.0001875
,,,4.34800006e-008,-0.0002421875
,,,4.35200006e-008,-0.0003359375
,,,4.35600006e-008,-0.0004140625
,,,4.36000006e-008,-0.0005234375
,,,4.36400006e-008,-0.0006640625
,,,4.36800006e-008,-0.000765625
,,,4.37200006e-008,-0.000828125
,,,4.37600006e-008,-0.0009296875
,,,4.38000006e-008,-0.000953125
,,,4.38400006e-008,-0.0009765625
,,,4.38800006e-008,-0.001070313
,,,4.39200006e-008,-0.001101563
,,,4.39600006e-008,-0.001179688
,,,4.40000006e-008,-0.001226563
,,,4.40400006e-008,  -0.0013125
,,,4.40800006e-008, -0.00134375
,,,4.41200006e-008, -0.00140625
,,,4.41600006e-008,-0.001421875
,,,4.42000006e-008, -0.00146875
,,,4.42400006e-008,-0.001421875
,,,4.42800006e-008,-0.001453125
,,,4.43200006e-008,-0.001453125
,,,4.43600006e-008,-0.001453125
,,,4.44000006e-008,-0.001507813
,,,4.44400006e-008, -0.00146875
,,,4.44800006e-008, -0.00146875
,,,4.45200006e-008,-0.001429688
,,,4.45600006e-008,-0.001445313
,,,4.46000006e-008,-0.001429688
,,,4.46400006e-008,-0.001453125
,,,4.46800006e-008,-0.001492188
,,,4.47200006e-008, -0.00159375
,,,4.47600006e-008,  -0.0016875
,,,4.48000006e-008, -0.00178125
,,,4.48400006e-008,-0.001882813
,,,4.48800006e-008,-0.001960938
,,,4.49200006e-008,      -0.002
,,,4.49600006e-008,-0.002015625
,,,4.50000006e-008,-0.002023438
,,,4.50400006e-008,-0.002007813
,,,4.50800006e-008,-0.002023438
,,,4.51200006e-008,-0.002023438
,,,4.51600006e-008,  -0.0020625
,,,4.52000006e-008,-0.002070313
,,,4.52400006e-008,-0.002085938
,,,4.52800006e-008, -0.00209375
,,,4.53200006e-008,-0.002070313
,,,4.53600006e-008,      -0.002
,,,4.54000006e-008,-0.001984375
,,,4.54400006e-008,-0.001960938
,,,4.54800006e-008,-0.001921875
,,,4.55200006e-008,-0.001898438
,,,4.55600006e-008,-0.001882813
,,,4.56000006e-008,-0.001851563
,,,4.56400006e-008,-0.001851563
,,,4.56800006e-008,-0.001851563
,,,4.57200006e-008,-0.001828125
,,,4.57600006e-008,-0.001851563
,,,4.58000006e-008,  -0.0018125
,,,4.58400006e-008,    -0.00175
,,,4.58800006e-008,  -0.0016875
,,,4.59200006e-008,-0.001539063
,,,4.59600006e-008,-0.001390625
,,,4.60000006e-008,-0.001257813
,,,4.60400006e-008,-0.001117188
,,,4.60800006e-008,-0.0009921875
,,,4.61200006e-008,-0.0008828125
,,,4.61600006e-008,-0.0008828125
,,,4.62000006e-008,   -0.000875
,,,4.62400006e-008,-0.0008828125
,,,4.62800006e-008,  -0.0009375
,,,4.63200006e-008,-0.0009765625
,,,4.63600006e-008,-0.0009765625
,,,4.64000006e-008,      -0.001
,,,4.64400006e-008,-0.000984375
,,,4.64800006e-008,-0.001007813
,,,4.65200006e-008,-0.000984375
,,,4.65600006e-008,-0.000953125
,,,4.66000006e-008,-0.000984375
,,,4.66400006e-008,-0.0009921875
,,,4.66800006e-008, -0.00103125
,,,4.67200006e-008,-0.001015625
,,,4.67600006e-008,-0.0009921875
,,,4.68000006e-008,-0.0008984375
,,,4.68400006e-008,-0.000859375
,,,4.68800006e-008,    -0.00075
,,,4.69200006e-008,-0.0006640625
,,,4.69600006e-008,-0.0005546875
,,,4.70000006e-008,-0.000484375
,,,4.70400006e-008, -0.00040625
,,,4.70800006e-008,-0.0003203125
,,,4.71200006e-008,-0.0002890625
,,,4.71600006e-008,-0.000203125
,,,4.72000006e-008,   -0.000125
,,,4.72400006e-008,-0.0001015625
,,,4.72800006e-008,-5.46875e-005
,,,4.73200006e-008,  3.125e-005
,,,4.73600006e-008, 1.5625e-005
,,,4.74000006e-008,-1.5625e-005
,,,4.74400006e-008,-0.0001015625
,,,4.74800006e-008,-0.0001953125
,,,4.75200006e-008,-0.0003046875
,,,4.75600006e-008,-0.0004140625
,,,4.76000006e-008,-0.0004609375
,,,4.76400006e-008,     -0.0005
,,,4.76800006e-008,-0.0005234375
,,,4.77200006e-008,-0.0004921875
,,,4.77600006e-008,-0.0004609375
,,,4.78000006e-008, -0.00040625
,,,4.78400006e-008,-0.000390625
,,,4.78800006e-008,-0.0003828125
,,,4.79200006e-008,  -0.0004375
,,,4.79600006e-008,-0.000453125
,,,4.80000006e-008,-0.000515625
,,,4.80400006e-008,-0.000484375
,,,4.80800006e-008,-0.000578125
,,,4.81200006e-008, -0.00053125
,,,4.81600006e-008,-0.000484375
,,,4.82000006e-008, -0.00046875
,,,4.82400006e-008,-0.000453125
,,,4.82800006e-008,-0.0004453125
,,,4.83200006e-008,  -0.0004375
,,,4.83600006e-008,-0.000484375
,,,4.84000006e-008,     -0.0005
,,,4.84400006e-008,-0.000515625
,,,4.84800006e-008,-0.0004921875
,,,4.85200006e-008,-0.000453125
,,,4.85600006e-008,-0.0005078125
,,,4.86000006e-008,-0.000453125
,,,4.86400006e-008,     -0.0005
,,,4.86800006e-008,-0.0005703125
,,,4.87200007e-008,-0.0006796875
,,,4.87600007e-008,-0.000796875
,,,4.88000007e-008,-0.000921875
,,,4.88400007e-008,-0.001070313
,,,4.88800007e-008,-0.001210938
,,,4.89200007e-008, -0.00128125
,,,4.89600007e-008, -0.00134375
,,,4.90000007e-008,-0.001414063
,,,4.90400007e-008,-0.001398438
,,,4.90800007e-008,-0.001492188
,,,4.91200007e-008,-0.001546875
,,,4.91600007e-008,-0.001640625
,,,4.92000007e-008, -0.00165625
,,,4.92400007e-008,-0.001703125
,,,4.92800007e-008, -0.00178125
,,,4.93200007e-008,    -0.00175
,,,4.93600007e-008, -0.00171875
,,,4.94000007e-008,-0.001664063
,,,4.94400007e-008,-0.001640625
,,,4.94800007e-008, -0.00159375
,,,4.95200007e-008,-0.001539063
,,,4.95600007e-008,-0.001515625
,,,4.96000007e-008,-0.001484375
,,,4.96400007e-008,-0.001429688
,,,4.96800007e-008,-0.001421875
,,,4.97200007e-008,-0.001390625
,,,4.97600007e-008,-0.001335938
,,,4.98000007e-008,-0.001289063
,,,4.98400007e-008,-0.001289063
,,,4.98800007e-008, -0.00128125
,,,4.99200007e-008,-0.001304688
,,,4.99600007e-008,-0.001304688
,,,5.00000007e-008, -0.00134375
,,,5.00400007e-008,-0.001382813
,,,5.00800007e-008,-0.001453125
,,,5.01200007e-008,-0.001484375
,,,5.01600007e-008,-0.001539063
,,,5.02000007e-008,-0.001546875
,,,5.02400007e-008, -0.00153125
,,,5.02800007e-008, -0.00153125
,,,5.03200007e-008, -0.00146875
,,,5.03600007e-008,-0.001460938
,,,5.04000007e-008,-0.001453125
,,,5.04400007e-008,-0.001460938
,,,5.04800007e-008, -0.00146875
,,,5.05200007e-008,-0.001492188
,,,5.05600007e-008,-0.001460938
,,,5.06000007e-008,     -0.0015
,,,5.06400007e-008,-0.001445313
,,,5.06800007e-008, -0.00140625
,,,5.07200007e-008,-0.001359375
,,,5.07600007e-008,  -0.0013125
,,,5.08000007e-008,-0.001296875
,,,5.08400007e-008,-0.001289063
,,,5.08800007e-008, -0.00121875
,,,5.09200007e-008,-0.001226563
,,,5.09600007e-008,  -0.0011875
,,,5.10000007e-008,-0.001164063
,,,5.10400007e-008,-0.001179688
,,,5.10800007e-008,-0.001117188
,,,5.11200007e-008,-0.001140625
,,,5.11600007e-008,  -0.0010625
,,,5.12000007e-008,-0.001078125
,,,5.12400007e-008,-0.001039063
,,,5.12800007e-008,-0.001054688
,,,5.13200007e-008, -0.00109375
,,,5.13600007e-008,   -0.001125
,,,5.14000007e-008,-0.001195313
,,,5.14400007e-008,-0.001203125
,,,5.14800007e-008, -0.00121875
,,,5.15200007e-008,    -0.00125
,,,5.15600007e-008,-0.001164063
,,,5.16000007e-008,-0.001078125
,,,5.16400007e-008,-0.000953125
,,,5.16800007e-008,-0.000828125
,,,5.17200007e-008,  -0.0006875
,,,5.17600007e-008,-0.0006484375
,,,5.18000007e-008,-0.000578125
,,,5.18400007e-008,-0.0005390625
,,,5.18800007e-008,-0.0005546875
,,,5.19200007e-008,  -0.0005625
,,,5.19600007e-008, -0.00059375
,,,5.20000007e-008,-0.0006015625
,,,5.20400007e-008,   -0.000625
,,,5.20800007e-008,-0.0006640625
,,,5.21200007e-008,-0.0007109375
,,,5.21600007e-008, -0.00078125
,,,5.22000007e-008,-0.0007890625
,,,5.22400007e-008, -0.00084375
,,,5.22800007e-008,  -0.0008125
,,,5.23200007e-008,-0.0007890625
,,,5.23600007e-008,-0.0007734375
,,,5.24000007e-008,-0.0007265625
,,,5.24400007e-008,-0.0006953125
,,,5.24800007e-008,-0.0007109375
,,,5.25200007e-008,-0.0007109375
,,,5.25600007e-008,-0.000703125
,,,5.26000007e-008, -0.00071875
,,,5.26400007e-008,  -0.0006875
,,,5.26800007e-008,-0.0006640625
,,,5.27200007e-008,-0.0006171875
,,,5.27600007e-008,-0.0005234375
,,,5.28000007e-008,-0.0004921875
,,,5.28400007e-008,-0.0004609375
,,,5.28800007e-008,-0.0004453125
,,,5.29200007e-008,-0.000453125
,,,5.29600007e-008,     -0.0005
,,,5.30000007e-008,-0.0005390625
,,,5.30400007e-008,  -0.0005625
,,,5.30800007e-008,-0.000640625
,,,5.31200007e-008, -0.00065625
,,,5.31600007e-008,-0.0007265625
,,,5.32000007e-008, -0.00078125
,,,5.32400007e-008,-0.0008359375
,,,5.32800007e-008,-0.000921875
,,,5.33200007e-008,-0.000984375
,,,5.33600007e-008,-0.0009921875
,,,5.34000007e-008,-0.001039063
,,,5.34400007e-008,-0.001070313
,,,5.34800007e-008,-0.001023438
,,,5.35200007e-008,-0.0009921875
,,,5.35600007e-008,-0.0009296875
,,,5.36000007e-008, -0.00090625
,,,5.36400007e-008,-0.0009140625
,,,5.36800007e-008,-0.0009296875
,,,5.37200007e-008,-0.000953125
,,,5.37600007e-008,-0.001039063
,,,5.38000007e-008,  -0.0010625
,,,5.38400007e-008,-0.001164063
,,,5.38800007e-008, -0.00128125
,,,5.39200007e-008,-0.001335938
,,,5.39600007e-008,-0.001382813
,,,5.40000007e-008, -0.00146875
,,,5.40400007e-008, -0.00153125
,,,5.40800007e-008, -0.00153125
,,,5.41200007e-008,  -0.0015625
,,,5.41600007e-008,-0.001601563
,,,5.42000007e-008,-0.001578125
,,,5.42400007e-008,-0.001632813
,,,5.42800007e-008, -0.00159375
,,,5.43200007e-008,-0.001554688
,,,5.43600007e-008,     -0.0015
,,,5.44000007e-008,-0.001445313
,,,5.44400007e-008,-0.001398438
,,,5.44800007e-008,-0.001367188
,,,5.45200007e-008, -0.00134375
,,,5.45600007e-008,  -0.0013125
,,,5.46000007e-008,-0.001335938
,,,5.46400007e-008,-0.001359375
,,,5.46800007e-008,-0.001359375
,,,5.47200007e-008,-0.001414063
,,,5.47600007e-008,-0.001421875
,,,5.48000007e-008,-0.001421875
,,,5.48400007e-008,-0.001421875
,,,5.48800007e-008,-0.001453125
,,,5.49200007e-008,-0.001484375
,,,5.49600007e-008,-0.001515625
,,,5.50000007e-008,-0.001570313
,,,5.50400007e-008,-0.001578125
,,,5.50800007e-008,-0.001546875
,,,5.51200007e-008,-0.001507813
,,,5.51600007e-008,-0.001398438
,,,5.52000007e-008,-0.001304688
,,,5.52400007e-008,-0.001195313
,,,5.52800007e-008,-0.001078125
,,,5.53200007e-008,-0.001046875
,,,5.53600007e-008,-0.001023438
,,,5.54000007e-008,-0.001054688
,,,5.54400007e-008,-0.001101563
,,,5.54800007e-008,-0.001117188
,,,5.55200007e-008,-0.001132813
,,,5.55600007e-008, -0.00115625
,,,5.56000007e-008,   -0.001125
,,,5.56400007e-008,-0.001140625
,,,5.56800007e-008,-0.001132813
,,,5.57200007e-008,  -0.0011875
,,,5.57600007e-008,-0.001210938
,,,5.58000007e-008,-0.001242188
,,,5.58400007e-008,-0.001289063
,,,5.58800007e-008,-0.001328125
,,,5.59200007e-008,-0.001335938
,,,5.59600007e-008,-0.001296875
,,,5.60000007e-008, -0.00128125
,,,5.60400007e-008, -0.00128125
,,,5.60800007e-008,-0.001203125
,,,5.61200007e-008,-0.001179688
,,,5.61600007e-008,-0.001171875
,,,5.62000008e-008, -0.00115625
,,,5.62400008e-008,-0.001132813
,,,5.62800008e-008,-0.001117188
,,,5.63200008e-008,-0.001085938
,,,5.63600008e-008,-0.001078125
,,,5.64000008e-008,-0.001078125
,,,5.64400008e-008,-0.001078125
,,,5.64800008e-008,-0.001085938
,,,5.65200008e-008,-0.001101563
,,,5.65600008e-008, -0.00109375
,,,5.66000008e-008,-0.001101563
,,,5.66400008e-008,-0.001140625
,,,5.66800008e-008,-0.001101563
,,,5.67200008e-008, -0.00103125
,,,5.67600008e-008,-0.001023438
,,,5.68000008e-008,-0.0009609375
,,,5.68400008e-008,-0.0008984375
,,,5.68800008e-008,-0.0008984375
,,,5.69200008e-008, -0.00084375
,,,5.69600008e-008,-0.0008203125
,,,5.70000008e-008,-0.0008046875
,,,5.70400008e-008,-0.000828125
,,,5.70800008e-008,-0.000765625
,,,5.71200008e-008,-0.000734375
,,,5.71600008e-008,-0.000703125
,,,5.72000008e-008,-0.0007421875
,,,5.72400008e-008,-0.0007734375
,,,5.72800008e-008,-0.0008359375
,,,5.73200008e-008,-0.0009140625
,,,5.73600008e-008,-0.001007813
,,,5.74000008e-008,-0.001085938
,,,5.74400008e-008,-0.001179688
,,,5.74800008e-008,-0.001171875
,,,5.75200008e-008,-0.001171875
,,,5.75600008e-008,-0.001117188
,,,5.76000008e-008,-0.001054688
,,,5.76400008e-008,-0.001007813
,,,5.76800008e-008,-0.000953125
,,,5.77200008e-008,-0.0009296875
,,,5.77600008e-008,-0.000890625
,,,5.78000008e-008, -0.00090625
,,,5.78400008e-008,-0.0008828125
,,,5.78800008e-008,-0.0009140625
,,,5.79200008e-008,-0.000890625
,,,5.79600008e-008,-0.0008828125
,,,5.80000008e-008,-0.0008984375
,,,5.80400008e-008,-0.000890625
,,,5.80800008e-008,-0.0009296875
,,,5.81200008e-008,-0.000953125
,,,5.81600008e-008,-0.001054688
,,,5.82000008e-008,-0.001117188
,,,5.82400008e-008,-0.001171875
,,,5.82800008e-008,-0.001195313
,,,5.83200008e-008,-0.001242188
,,,5.83600008e-008,-0.001226563
,,,5.84000008e-008, -0.00121875
,,,5.84400008e-008,-0.001242188
,,,5.84800008e-008,-0.001164063
,,,5.85200008e-008,-0.001195313
,,,5.85600008e-008, -0.00115625
,,,5.86000008e-008,-0.001132813
,,,5.86400008e-008,-0.001132813
,,,5.86800008e-008,-0.001132813
,,,5.87200008e-008,-0.001164063
,,,5.87600008e-008, -0.00115625
,,,5.88000008e-008,-0.001132813
,,,5.88400008e-008,-0.001109375
,,,5.88800008e-008,-0.001109375
,,,5.89200008e-008,-0.000984375
,,,5.89600008e-008,-0.000953125
,,,5.90000008e-008,-0.0008828125
,,,5.90400008e-008,-0.000828125
,,,5.90800008e-008, -0.00084375
,,,5.91200008e-008,-0.0008828125
,,,5.91600008e-008, -0.00090625
,,,5.92000008e-008,-0.0009765625
,,,5.92400008e-008,-0.001078125
,,,5.92800008e-008,   -0.001125
,,,5.93200008e-008,-0.001171875
,,,5.93600008e-008,-0.001132813
,,,5.94000008e-008,-0.001140625
,,,5.94400008e-008,-0.001117188
,,,5.94800008e-008,-0.001085938
,,,5.95200008e-008,-0.001070313
,,,5.95600008e-008,-0.001054688
,,,5.96000008e-008,  -0.0010625
,,,5.96400008e-008,-0.001109375
,,,5.96800008e-008,-0.001117188
,,,5.97200008e-008,-0.001101563
,,,5.97600008e-008,-0.001039063
,,,5.98000008e-008,-0.000984375
,,,5.98400008e-008,-0.000953125
,,,5.98800008e-008,-0.0008984375
,,,5.99200008e-008,-0.0008671875
,,,5.99600008e-008,-0.0008828125
,,,6.00000008e-008,-0.0008984375
,,,6.00400008e-008, -0.00096875
,,,6.00800008e-008, -0.00103125
,,,6.01200008e-008, -0.00109375
,,,6.01600008e-008,  -0.0011875
,,,6.02000008e-008, -0.00121875
,,,6.02400008e-008,-0.001242188
,,,6.02800008e-008,-0.001242188
,,,6.03200008e-008,-0.001203125
,,,6.03600008e-008,-0.001132813
,,,6.04000008e-008,-0.001078125
,,,6.04400008e-008,-0.001039063
,,,6.04800008e-008,-0.0009609375
,,,6.05200008e-008, -0.00090625
,,,6.05600008e-008,-0.000921875
,,,6.06000008e-008,  -0.0009375
,,,6.06400008e-008,      -0.001
,,,6.06800008e-008, -0.00103125
,,,6.07200008e-008,   -0.001125
,,,6.07600008e-008,-0.001164063
,,,6.08000008e-008,-0.001203125
,,,6.08400008e-008,-0.001226563
,,,6.08800008e-008,-0.001210938
,,,6.09200008e-008,-0.001203125
,,,6.09600008e-008,  -0.0011875
,,,6.10000008e-008, -0.00121875
,,,6.10400008e-008, -0.00115625
,,,6.10800008e-008,-0.001195313
,,,6.11200008e-008,-0.001117188
,,,6.11600008e-008,-0.001148438
,,,6.12000008e-008, -0.00115625
,,,6.12400008e-008, -0.00115625
,,,6.12800008e-008,-0.001132813
,,,6.13200008e-008,-0.001148438
,,,6.13600008e-008,   -0.001125
,,,6.14000008e-008,-0.001179688
,,,6.14400008e-008,-0.001195313
,,,6.14800008e-008,    -0.00125
,,,6.15200008e-008,  -0.0011875
,,,6.15600008e-008,  -0.0011875
,,,6.16000008e-008,-0.001132813
,,,6.16400008e-008,  -0.0010625
,,,6.16800008e-008, -0.00096875
,,,6.17200008e-008,-0.0009453125
,,,6.17600008e-008,-0.000921875
,,,6.18000008e-008,  -0.0009375
,,,6.18400008e-008, -0.00096875
,,,6.18800008e-008,-0.000984375
,,,6.19200008e-008,-0.001046875
,,,6.19600008e-008,-0.001007813
,,,6.20000008e-008,-0.001046875
,,,6.20400008e-008,-0.001023438
,,,6.20800008e-008,-0.001046875
,,,6.21200008e-008,-0.001039063
,,,6.21600008e-008,  -0.0010625
,,,6.22000008e-008,-0.001140625
,,,6.22400008e-008, -0.00115625
,,,6.22800008e-008,-0.001203125
,,,6.23200008e-008,-0.001273438
,,,6.23600008e-008,-0.001257813
,,,6.24000008e-008,-0.001304688
,,,6.24400008e-008,  -0.0013125
,,,6.24800008e-008,-0.001289063
,,,6.25200008e-008,  -0.0013125
,,,6.25600008e-008,    -0.00125
,,,6.26000008e-008,-0.001265625
,,,6.26400008e-008,-0.001242188
,,,6.26800008e-008,  -0.0011875
,,,6.27200008e-008,-0.001210938
,,,6.27600008e-008,-0.001171875
,,,6.28000008e-008,-0.001195313
,,,6.28400008e-008,-0.001171875
,,,6.28800008e-008,-0.001164063
,,,6.29200008e-008,-0.001203125
,,,6.29600008e-008,  -0.0011875
,,,6.30000008e-008,-0.001203125
,,,6.30400008e-008,-0.001210938
,,,6.30800008e-008,  -0.0011875
,,,6.31200008e-008,-0.001171875
,,,6.31600008e-008, -0.00115625
,,,6.32000008e-008,-0.001132813
,,,6.32400008e-008,-0.001140625
,,,6.32800008e-008,-0.001109375
,,,6.33200008e-008, -0.00109375
,,,6.33600008e-008,-0.001070313
,,,6.34000008e-008,-0.001070313
,,,6.34400008e-008,-0.001054688
,,,6.34800008e-008, -0.00109375
,,,6.35200008e-008,-0.001109375
,,,6.35600008e-008,-0.001101563
,,,6.36000008e-008,-0.001109375
,,,6.36400008e-008,-0.001140625
,,,6.36800009e-008,-0.001101563
,,,6.37200009e-008,  -0.0010625
,,,6.37600009e-008,-0.001039063
,,,6.38000009e-008,-0.001007813
,,,6.38400009e-008, -0.00096875
,,,6.38800009e-008,-0.000953125
,,,6.39200009e-008,-0.0008984375
,,,6.39600009e-008,-0.0009296875
,,,6.40000009e-008,   -0.000875
,,,6.40400009e-008,-0.0008515625
,,,6.40800009e-008,-0.000859375
,,,6.41200009e-008,-0.0008359375
,,,6.41600009e-008, -0.00078125
,,,6.42000009e-008,-0.0007421875
,,,6.42400009e-008, -0.00071875
,,,6.42800009e-008,-0.000703125
,,,6.43200009e-008,-0.0006640625
,,,6.43600009e-008,-0.000609375
,,,6.44000009e-008,-0.0006328125
,,,6.44400009e-008, -0.00059375
,,,6.44800009e-008,-0.0006328125
,,,6.45200009e-008, -0.00065625
,,,6.45600009e-008,-0.000765625
,,,6.46000009e-008, -0.00078125
,,,6.46400009e-008,-0.000859375
,,,6.46800009e-008,   -0.000875
,,,6.47200009e-008,-0.000828125
,,,6.47600009e-008,-0.000828125
,,,6.48000009e-008,-0.0007890625
,,,6.48400009e-008,-0.0007421875
,,,6.48800009e-008,-0.000796875
,,,6.49200009e-008,-0.0008046875
,,,6.49600009e-008,-0.0008671875
,,,6.50000009e-008,-0.000890625
,,,6.50400009e-008,-0.000921875
,,,6.50800009e-008,-0.000890625
,,,6.51200009e-008,   -0.000875
,,,6.51600009e-008, -0.00078125
,,,6.52000009e-008,-0.0007109375
,,,6.52400009e-008,-0.0006953125
,,,6.52800009e-008,-0.0007578125
,,,6.53200009e-008,-0.0007578125
,,,6.53600009e-008,-0.000921875
,,,6.54000009e-008,-0.001007813
,,,6.54400009e-008,-0.001085938
,,,6.54800009e-008,-0.001140625
,,,6.55200009e-008,-0.001132813
,,,6.55600009e-008,-0.001109375
,,,6.56000009e-008,  -0.0010625
,,,6.56400009e-008,      -0.001
,,,6.56800009e-008,-0.001023438
,,,6.57200009e-008,-0.001015625
,,,6.57600009e-008, -0.00103125
,,,6.58000009e-008,-0.001132813
,,,6.58400009e-008,-0.001109375
,,,6.58800009e-008, -0.00115625
,,,6.59200009e-008,-0.001226563
,,,6.59600009e-008,-0.001226563
,,,6.60000009e-008,-0.001234375
,,,6.60400009e-008,-0.001265625
,,,6.60800009e-008,-0.001328125
,,,6.61200009e-008,-0.001328125
,,,6.61600009e-008,-0.001335938
,,,6.62000009e-008,-0.001398438
,,,6.62400009e-008, -0.00140625
,,,6.62800009e-008,-0.001382813
,,,6.63200009e-008,-0.001382813
,,,6.63600009e-008,-0.001328125
,,,6.64000009e-008,-0.001328125
,,,6.64400009e-008,-0.001304688
,,,6.64800009e-008,-0.001335938
,,,6.65200009e-008, -0.00140625
,,,6.65600009e-008, -0.00146875
,,,6.66000009e-008,-0.001515625
,,,6.66400009e-008,-0.001523438
,,,6.66800009e-008,-0.001523438
,,,6.67200009e-008,-0.001554688
,,,6.67600009e-008,-0.001492188
,,,6.68000009e-008,-0.001492188
,,,6.68400009e-008,  -0.0014375
,,,6.68800009e-008,-0.001414063
,,,6.69200009e-008,-0.001421875
,,,6.69600009e-008,-0.001390625
,,,6.70000009e-008,-0.001398438
,,,6.70400009e-008, -0.00134375
,,,6.70800009e-008,-0.001320313
,,,6.71200009e-008,-0.001265625
,,,6.71600009e-008,-0.001242188
,,,6.72000009e-008,-0.001226563
,,,6.72400009e-008, -0.00121875
,,,6.72800009e-008,-0.001195313
,,,6.73200009e-008, -0.00121875
,,,6.73600009e-008,-0.001242188
,,,6.74000009e-008,-0.001257813
,,,6.74400009e-008, -0.00128125
,,,6.74800009e-008,-0.001273438
,,,6.75200009e-008,-0.001289063
,,,6.75600009e-008,-0.001273438
,,,6.76000009e-008,-0.001257813
,,,6.76400009e-008, -0.00121875
,,,6.76800009e-008, -0.00121875
,,,6.77200009e-008,-0.001179688
,,,6.77600009e-008, -0.00115625
,,,6.78000009e-008,-0.001148438
,,,6.78400009e-008,-0.001140625
,,,6.78800009e-008, -0.00115625
,,,6.79200009e-008,-0.001179688
,,,6.79600009e-008,  -0.0011875
,,,6.80000009e-008,-0.001242188
,,,6.80400009e-008,-0.001257813
,,,6.80800009e-008,-0.001320313
,,,6.81200009e-008,  -0.0013125
,,,6.81600009e-008,-0.001304688
,,,6.82000009e-008,-0.001328125
,,,6.82400009e-008,    -0.00125
,,,6.82800009e-008,-0.001132813
,,,6.83200009e-008,-0.001054688
,,,6.83600009e-008,      -0.001
,,,6.84000009e-008, -0.00090625
,,,6.84400009e-008,-0.0008359375
,,,6.84800009e-008,-0.0008671875
,,,6.85200009e-008,-0.000828125
,,,6.85600009e-008,-0.0008203125
,,,6.86000009e-008,-0.0008515625
,,,6.86400009e-008,-0.0008984375
,,,6.86800009e-008,   -0.000875
,,,6.87200009e-008,-0.000890625
,,,6.87600009e-008,-0.0007890625
,,,6.88000009e-008,-0.0007265625
,,,6.88400009e-008,-0.0007109375
,,,6.88800009e-008,-0.000640625
,,,6.89200009e-008,-0.000609375
,,,6.89600009e-008,-0.0006171875
,,,6.90000009e-008,-0.000609375
,,,6.90400009e-008,-0.0006328125
,,,6.90800009e-008,  -0.0006875
,,,6.91200009e-008,    -0.00075
,,,6.91600009e-008, -0.00078125
,,,6.92000009e-008,  -0.0008125
,,,6.92400009e-008, -0.00084375
,,,6.92800009e-008,   -0.000875
,,,6.93200009e-008,-0.0008359375
,,,6.93600009e-008,-0.0008671875
,,,6.94000009e-008,-0.0008828125
,,,6.94400009e-008, -0.00090625
,,,6.94800009e-008, -0.00096875
,,,6.95200009e-008,-0.0009140625
,,,6.95600009e-008,  -0.0009375
,,,6.96000009e-008,  -0.0009375
,,,6.96400009e-008,-0.0009140625
,,,6.96800009e-008,-0.0009140625
,,,6.97200009e-008,-0.0008828125
,,,6.97600009e-008,-0.0009140625
,,,6.98000009e-008,-0.0009296875
,,,6.98400009e-008,-0.000953125
,,,6.98800009e-008,-0.0009921875
,,,6.99200009e-008,-0.001007813
,,,6.99600009e-008,-0.001046875
,,,7.00000009e-008,-0.001101563
