"Record Length",2500,"Points",-2.99600004e-008,   0.0013125
"Sample Interval",4.00000005e-011,s,-2.99200004e-008, 0.001296875
"Trigger Point",749,"Samples",-2.98800004e-008,     0.00125
"Trigger Time",           0,s,-2.98400004e-008, 0.001296875
"",,,-2.98000004e-008,   0.0013125
"Horizontal Offset",-3.00000004e-008,s,-2.97600004e-008, 0.001335938
,,,-2.97200004e-008,  0.00134375
,,,-2.96800004e-008, 0.001289063
,,,-2.96400004e-008, 0.001210938
,,,-2.96000004e-008, 0.001164063
,,,-2.95600004e-008, 0.001109375
,,,-2.95200004e-008,  0.00109375
,,,-2.94800004e-008,  0.00109375
,,,-2.94400004e-008,    0.001125
,,,-2.94000004e-008, 0.001179688
,,,-2.93600004e-008,  0.00121875
,,,-2.93200004e-008, 0.001335938
,,,-2.92800004e-008, 0.001328125
,,,-2.92400004e-008,  0.00134375
,,,-2.92000004e-008, 0.001328125
,,,-2.91600004e-008, 0.001328125
,,,-2.91200004e-008, 0.001273438
,,,-2.90800004e-008, 0.001210938
,,,-2.90400004e-008, 0.001132813
,,,-2.90000004e-008, 0.001117188
,,,-2.89600004e-008, 0.001085938
,,,-2.89200004e-008, 0.001085938
,,,-2.88800004e-008, 0.001148438
,,,-2.88400004e-008, 0.001273438
,,,-2.88000004e-008, 0.001382813
,,,-2.87600004e-008, 0.001453125
,,,-2.87200004e-008, 0.001492188
,,,-2.86800004e-008,  0.00146875
,,,-2.86400004e-008, 0.001414063
,,,-2.86000004e-008, 0.001390625
,,,-2.85600004e-008, 0.001289063
,,,-2.85200004e-008,  0.00121875
,,,-2.84800004e-008, 0.001195313
,,,-2.84400004e-008, 0.001171875
,,,-2.84000004e-008, 0.001234375
,,,-2.83600004e-008, 0.001226563
,,,-2.83200004e-008, 0.001289063
,,,-2.82800004e-008, 0.001304688
,,,-2.82400004e-008, 0.001328125
,,,-2.82000004e-008, 0.001367188
,,,-2.81600004e-008, 0.001382813
,,,-2.81200004e-008,   0.0014375
,,,-2.80800004e-008, 0.001453125
,,,-2.80400004e-008, 0.001523438
,,,-2.80000004e-008, 0.001585938
,,,-2.79600004e-008, 0.001648438
,,,-2.79200004e-008, 0.001664063
,,,-2.78800004e-008,  0.00165625
,,,-2.78400004e-008, 0.001671875
,,,-2.78000004e-008,    0.001625
,,,-2.77600004e-008, 0.001546875
,,,-2.77200004e-008, 0.001484375
,,,-2.76800004e-008, 0.001390625
,,,-2.76400004e-008, 0.001351563
,,,-2.76000004e-008, 0.001335938
,,,-2.75600004e-008, 0.001367188
,,,-2.75200004e-008, 0.001351563
,,,-2.74800004e-008,    0.001375
,,,-2.74400004e-008, 0.001453125
,,,-2.74000004e-008, 0.001476563
,,,-2.73600004e-008, 0.001539063
,,,-2.73200004e-008,  0.00153125
,,,-2.72800004e-008,  0.00159375
,,,-2.72400004e-008, 0.001570313
,,,-2.72000004e-008,   0.0015625
,,,-2.71600004e-008, 0.001539063
,,,-2.71200004e-008, 0.001476563
,,,-2.70800004e-008, 0.001429688
,,,-2.70400004e-008,    0.001375
,,,-2.70000004e-008,   0.0013125
,,,-2.69600004e-008, 0.001289063
,,,-2.69200004e-008, 0.001296875
,,,-2.68800004e-008, 0.001296875
,,,-2.68400004e-008, 0.001351563
,,,-2.68000004e-008, 0.001453125
,,,-2.67600004e-008,  0.00146875
,,,-2.67200004e-008, 0.001476563
,,,-2.66800004e-008, 0.001429688
,,,-2.66400004e-008, 0.001414063
,,,-2.66000004e-008,    0.001375
,,,-2.65600004e-008, 0.001296875
,,,-2.65200004e-008, 0.001257813
,,,-2.64800004e-008, 0.001203125
,,,-2.64400004e-008,     0.00125
,,,-2.64000004e-008, 0.001257813
,,,-2.63600004e-008,  0.00134375
,,,-2.63200004e-008, 0.001382813
,,,-2.62800004e-008, 0.001421875
,,,-2.62400004e-008, 0.001421875
,,,-2.62000003e-008, 0.001382813
,,,-2.61600003e-008, 0.001351563
,,,-2.61200003e-008, 0.001257813
,,,-2.60800003e-008, 0.001257813
,,,-2.60400003e-008, 0.001226563
,,,-2.60000003e-008,  0.00128125
,,,-2.59600003e-008, 0.001257813
,,,-2.59200003e-008, 0.001335938
,,,-2.58800003e-008, 0.001351563
,,,-2.58400003e-008, 0.001359375
,,,-2.58000003e-008,  0.00134375
,,,-2.57600003e-008, 0.001328125
,,,-2.57200003e-008, 0.001304688
,,,-2.56800003e-008, 0.001273438
,,,-2.56400003e-008, 0.001257813
,,,-2.56000003e-008, 0.001273438
,,,-2.55600003e-008, 0.001296875
,,,-2.55200003e-008, 0.001367188
,,,-2.54800003e-008,    0.001375
,,,-2.54400003e-008, 0.001382813
,,,-2.54000003e-008,   0.0014375
,,,-2.53600003e-008, 0.001367188
,,,-2.53200003e-008, 0.001320313
,,,-2.52800003e-008, 0.001242188
,,,-2.52400003e-008, 0.001132813
,,,-2.52000003e-008, 0.001085938
,,,-2.51600003e-008, 0.001007813
,,,-2.51200003e-008, 0.001007813
,,,-2.50800003e-008,0.0009765625
,,,-2.50400003e-008,   0.0010625
,,,-2.50000003e-008, 0.001085938
,,,-2.49600003e-008,    0.001125
,,,-2.49200003e-008, 0.001179688
,,,-2.48800003e-008,  0.00121875
,,,-2.48400003e-008,  0.00121875
,,,-2.48000003e-008, 0.001273438
,,,-2.47600003e-008, 0.001226563
,,,-2.47200003e-008, 0.001171875
,,,-2.46800003e-008, 0.001140625
,,,-2.46400003e-008, 0.001117188
,,,-2.46000003e-008, 0.001140625
,,,-2.45600003e-008, 0.001226563
,,,-2.45200003e-008, 0.001242188
,,,-2.44800003e-008, 0.001320313
,,,-2.44400003e-008, 0.001367188
,,,-2.44000003e-008, 0.001492188
,,,-2.43600003e-008, 0.001515625
,,,-2.43200003e-008, 0.001570313
,,,-2.42800003e-008, 0.001617188
,,,-2.42400003e-008, 0.001648438
,,,-2.42000003e-008,  0.00165625
,,,-2.41600003e-008, 0.001710938
,,,-2.41200003e-008,  0.00171875
,,,-2.40800003e-008, 0.001710938
,,,-2.40400003e-008, 0.001703125
,,,-2.40000003e-008, 0.001648438
,,,-2.39600003e-008, 0.001617188
,,,-2.39200003e-008, 0.001515625
,,,-2.38800003e-008,   0.0014375
,,,-2.38400003e-008, 0.001414063
,,,-2.38000003e-008, 0.001382813
,,,-2.37600003e-008,  0.00140625
,,,-2.37200003e-008, 0.001398438
,,,-2.36800003e-008, 0.001367188
,,,-2.36400003e-008,  0.00134375
,,,-2.36000003e-008, 0.001414063
,,,-2.35600003e-008,    0.001375
,,,-2.35200003e-008, 0.001382813
,,,-2.34800003e-008, 0.001367188
,,,-2.34400003e-008, 0.001421875
,,,-2.34000003e-008, 0.001445313
,,,-2.33600003e-008, 0.001523438
,,,-2.33200003e-008, 0.001539063
,,,-2.32800003e-008, 0.001523438
,,,-2.32400003e-008, 0.001507813
,,,-2.32000003e-008, 0.001445313
,,,-2.31600003e-008, 0.001429688
,,,-2.31200003e-008, 0.001335938
,,,-2.30800003e-008, 0.001273438
,,,-2.30400003e-008,     0.00125
,,,-2.30000003e-008,  0.00121875
,,,-2.29600003e-008, 0.001296875
,,,-2.29200003e-008, 0.001320313
,,,-2.28800003e-008, 0.001359375
,,,-2.28400003e-008, 0.001398438
,,,-2.28000003e-008, 0.001453125
,,,-2.27600003e-008,   0.0014375
,,,-2.27200003e-008,    0.001375
,,,-2.26800003e-008,   0.0013125
,,,-2.26400003e-008, 0.001195313
,,,-2.26000003e-008, 0.001117188
,,,-2.25600003e-008, 0.001109375
,,,-2.25200003e-008, 0.001117188
,,,-2.24800003e-008, 0.001179688
,,,-2.24400003e-008, 0.001234375
,,,-2.24000003e-008, 0.001390625
,,,-2.23600003e-008, 0.001429688
,,,-2.23200003e-008, 0.001453125
,,,-2.22800003e-008, 0.001492188
,,,-2.22400003e-008, 0.001390625
,,,-2.22000003e-008, 0.001304688
,,,-2.21600003e-008, 0.001226563
,,,-2.21200003e-008, 0.001164063
,,,-2.20800003e-008, 0.001148438
,,,-2.20400003e-008, 0.001109375
,,,-2.20000003e-008, 0.001109375
,,,-2.19600003e-008, 0.001179688
,,,-2.19200003e-008, 0.001242188
,,,-2.18800003e-008,  0.00128125
,,,-2.18400003e-008, 0.001289063
,,,-2.18000003e-008, 0.001296875
,,,-2.17600003e-008,     0.00125
,,,-2.17200003e-008,   0.0011875
,,,-2.16800003e-008,    0.001125
,,,-2.16400003e-008, 0.001109375
,,,-2.16000003e-008, 0.001054688
,,,-2.15600003e-008,   0.0010625
,,,-2.15200003e-008,  0.00109375
,,,-2.14800003e-008,   0.0011875
,,,-2.14400003e-008, 0.001226563
,,,-2.14000003e-008, 0.001289063
,,,-2.13600003e-008,  0.00128125
,,,-2.13200003e-008, 0.001289063
,,,-2.12800003e-008, 0.001296875
,,,-2.12400003e-008, 0.001226563
,,,-2.12000003e-008,   0.0011875
,,,-2.11600003e-008,    0.001125
,,,-2.11200003e-008, 0.001171875
,,,-2.10800003e-008, 0.001140625
,,,-2.10400003e-008,   0.0011875
,,,-2.10000003e-008, 0.001265625
,,,-2.09600003e-008,  0.00128125
,,,-2.09200003e-008, 0.001296875
,,,-2.08800003e-008, 0.001289063
,,,-2.08400003e-008, 0.001257813
,,,-2.08000003e-008, 0.001257813
,,,-2.07600003e-008,     0.00125
,,,-2.07200003e-008,     0.00125
,,,-2.06800003e-008,   0.0013125
,,,-2.06400003e-008,   0.0013125
,,,-2.06000003e-008,    0.001375
,,,-2.05600003e-008, 0.001367188
,,,-2.05200003e-008,  0.00140625
,,,-2.04800003e-008,    0.001375
,,,-2.04400003e-008, 0.001382813
,,,-2.04000003e-008, 0.001335938
,,,-2.03600003e-008, 0.001273438
,,,-2.03200003e-008, 0.001242188
,,,-2.02800003e-008, 0.001203125
,,,-2.02400003e-008, 0.001195313
,,,-2.02000003e-008,  0.00121875
,,,-2.01600003e-008, 0.001257813
,,,-2.01200003e-008, 0.001273438
,,,-2.00800003e-008, 0.001320313
,,,-2.00400003e-008,  0.00134375
,,,-2.00000003e-008, 0.001367188
,,,-1.99600003e-008, 0.001398438
,,,-1.99200003e-008, 0.001320313
,,,-1.98800003e-008, 0.001273438
,,,-1.98400003e-008,  0.00128125
,,,-1.98000003e-008, 0.001273438
,,,-1.97600003e-008, 0.001195313
,,,-1.97200003e-008, 0.001257813
,,,-1.96800003e-008, 0.001257813
,,,-1.96400003e-008, 0.001265625
,,,-1.96000003e-008, 0.001273438
,,,-1.95600003e-008, 0.001265625
,,,-1.95200003e-008,   0.0013125
,,,-1.94800003e-008, 0.001296875
,,,-1.94400003e-008, 0.001273438
,,,-1.94000003e-008, 0.001289063
,,,-1.93600003e-008, 0.001265625
,,,-1.93200003e-008, 0.001242188
,,,-1.92800003e-008, 0.001257813
,,,-1.92400003e-008, 0.001242188
,,,-1.92000003e-008, 0.001257813
,,,-1.91600003e-008,     0.00125
,,,-1.91200003e-008, 0.001257813
,,,-1.90800003e-008, 0.001265625
,,,-1.90400003e-008,     0.00125
,,,-1.90000003e-008, 0.001257813
,,,-1.89600003e-008, 0.001257813
,,,-1.89200003e-008, 0.001210938
,,,-1.88800003e-008, 0.001203125
,,,-1.88400003e-008,   0.0011875
,,,-1.88000003e-008,   0.0011875
,,,-1.87600003e-008, 0.001210938
,,,-1.87200002e-008, 0.001195313
,,,-1.86800002e-008, 0.001226563
,,,-1.86400002e-008, 0.001203125
,,,-1.86000002e-008, 0.001203125
,,,-1.85600002e-008, 0.001148438
,,,-1.85200002e-008, 0.001164063
,,,-1.84800002e-008, 0.001132813
,,,-1.84400002e-008, 0.001117188
,,,-1.84000002e-008, 0.001148438
,,,-1.83600002e-008,  0.00115625
,,,-1.83200002e-008, 0.001226563
,,,-1.82800002e-008, 0.001226563
,,,-1.82400002e-008, 0.001234375
,,,-1.82000002e-008,     0.00125
,,,-1.81600002e-008, 0.001273438
,,,-1.81200002e-008,  0.00128125
,,,-1.80800002e-008, 0.001210938
,,,-1.80400002e-008,  0.00121875
,,,-1.80000002e-008, 0.001226563
,,,-1.79600002e-008, 0.001234375
,,,-1.79200002e-008,  0.00134375
,,,-1.78800002e-008,    0.001375
,,,-1.78400002e-008, 0.001421875
,,,-1.78000002e-008, 0.001554688
,,,-1.77600002e-008,  0.00159375
,,,-1.77200002e-008,  0.00159375
,,,-1.76800002e-008, 0.001578125
,,,-1.76400002e-008, 0.001484375
,,,-1.76000002e-008, 0.001445313
,,,-1.75600002e-008,    0.001375
,,,-1.75200002e-008, 0.001296875
,,,-1.74800002e-008, 0.001273438
,,,-1.74400002e-008, 0.001273438
,,,-1.74000002e-008, 0.001328125
,,,-1.73600002e-008, 0.001398438
,,,-1.73200002e-008, 0.001429688
,,,-1.72800002e-008, 0.001453125
,,,-1.72400002e-008, 0.001453125
,,,-1.72000002e-008, 0.001390625
,,,-1.71600002e-008, 0.001328125
,,,-1.71200002e-008, 0.001234375
,,,-1.70800002e-008, 0.001148438
,,,-1.70400002e-008,  0.00109375
,,,-1.70000002e-008,   0.0010625
,,,-1.69600002e-008, 0.001109375
,,,-1.69200002e-008, 0.001148438
,,,-1.68800002e-008, 0.001210938
,,,-1.68400002e-008, 0.001265625
,,,-1.68000002e-008,  0.00128125
,,,-1.67600002e-008, 0.001296875
,,,-1.67200002e-008, 0.001234375
,,,-1.66800002e-008, 0.001203125
,,,-1.66400002e-008, 0.001078125
,,,-1.66000002e-008, 0.001070313
,,,-1.65600002e-008, 0.001023438
,,,-1.65200002e-008, 0.001078125
,,,-1.64800002e-008, 0.001179688
,,,-1.64400002e-008,  0.00128125
,,,-1.64000002e-008, 0.001414063
,,,-1.63600002e-008,      0.0015
,,,-1.63200002e-008,  0.00153125
,,,-1.62800002e-008,  0.00153125
,,,-1.62400002e-008, 0.001445313
,,,-1.62000002e-008, 0.001390625
,,,-1.61600002e-008,   0.0013125
,,,-1.61200002e-008, 0.001226563
,,,-1.60800002e-008, 0.001203125
,,,-1.60400002e-008, 0.001242188
,,,-1.60000002e-008, 0.001296875
,,,-1.59600002e-008, 0.001429688
,,,-1.59200002e-008, 0.001507813
,,,-1.58800002e-008,   0.0015625
,,,-1.58400002e-008,   0.0015625
,,,-1.58000002e-008, 0.001523438
,,,-1.57600002e-008, 0.001429688
,,,-1.57200002e-008, 0.001398438
,,,-1.56800002e-008, 0.001242188
,,,-1.56400002e-008, 0.001226563
,,,-1.56000002e-008, 0.001210938
,,,-1.55600002e-008, 0.001234375
,,,-1.55200002e-008, 0.001273438
,,,-1.54800002e-008, 0.001320313
,,,-1.54400002e-008, 0.001296875
,,,-1.54000002e-008, 0.001335938
,,,-1.53600002e-008,   0.0013125
,,,-1.53200002e-008, 0.001289063
,,,-1.52800002e-008, 0.001273438
,,,-1.52400002e-008,  0.00128125
,,,-1.52000002e-008, 0.001304688
,,,-1.51600002e-008, 0.001296875
,,,-1.51200002e-008, 0.001328125
,,,-1.50800002e-008,    0.001375
,,,-1.50400002e-008, 0.001390625
,,,-1.50000002e-008, 0.001429688
,,,-1.49600002e-008, 0.001429688
,,,-1.49200002e-008, 0.001492188
,,,-1.48800002e-008,  0.00146875
,,,-1.48400002e-008,  0.00146875
,,,-1.48000002e-008,  0.00146875
,,,-1.47600002e-008, 0.001460938
,,,-1.47200002e-008, 0.001414063
,,,-1.46800002e-008, 0.001398438
,,,-1.46400002e-008, 0.001359375
,,,-1.46000002e-008, 0.001367188
,,,-1.45600002e-008, 0.001304688
,,,-1.45200002e-008,    0.001375
,,,-1.44800002e-008, 0.001328125
,,,-1.44400002e-008, 0.001367188
,,,-1.44000002e-008,    0.001375
,,,-1.43600002e-008, 0.001351563
,,,-1.43200002e-008, 0.001351563
,,,-1.42800002e-008, 0.001359375
,,,-1.42400002e-008,  0.00134375
,,,-1.42000002e-008, 0.001304688
,,,-1.41600002e-008,   0.0013125
,,,-1.41200002e-008, 0.001335938
,,,-1.40800002e-008, 0.001382813
,,,-1.40400002e-008, 0.001398438
,,,-1.40000002e-008, 0.001421875
,,,-1.39600002e-008, 0.001390625
,,,-1.39200002e-008, 0.001359375
,,,-1.38800002e-008, 0.001367188
,,,-1.38400002e-008, 0.001289063
,,,-1.38000002e-008, 0.001289063
,,,-1.37600002e-008, 0.001226563
,,,-1.37200002e-008, 0.001242188
,,,-1.36800002e-008, 0.001289063
,,,-1.36400002e-008, 0.001289063
,,,-1.36000002e-008, 0.001351563
,,,-1.35600002e-008, 0.001398438
,,,-1.35200002e-008, 0.001398438
,,,-1.34800002e-008,   0.0014375
,,,-1.34400002e-008,   0.0014375
,,,-1.34000002e-008, 0.001429688
,,,-1.33600002e-008,  0.00140625
,,,-1.33200002e-008, 0.001367188
,,,-1.32800002e-008, 0.001359375
,,,-1.32400002e-008, 0.001328125
,,,-1.32000002e-008, 0.001320313
,,,-1.31600002e-008, 0.001328125
,,,-1.31200002e-008, 0.001265625
,,,-1.30800002e-008, 0.001195313
,,,-1.30400002e-008, 0.001164063
,,,-1.30000002e-008, 0.001164063
,,,-1.29600002e-008, 0.001101563
,,,-1.29200002e-008,  0.00115625
,,,-1.28800002e-008, 0.001148438
,,,-1.28400002e-008, 0.001210938
,,,-1.28000002e-008, 0.001257813
,,,-1.27600002e-008,  0.00128125
,,,-1.27200002e-008, 0.001304688
,,,-1.26800002e-008,   0.0013125
,,,-1.26400002e-008, 0.001226563
,,,-1.26000002e-008, 0.001226563
,,,-1.25600002e-008, 0.001132813
,,,-1.25200002e-008, 0.001078125
,,,-1.24800002e-008, 0.001078125
,,,-1.24400002e-008, 0.001085938
,,,-1.24000002e-008, 0.001132813
,,,-1.23600002e-008,   0.0011875
,,,-1.23200002e-008,  0.00128125
,,,-1.22800002e-008,   0.0013125
,,,-1.22400002e-008, 0.001382813
,,,-1.22000002e-008,  0.00140625
,,,-1.21600002e-008, 0.001429688
,,,-1.21200002e-008,   0.0014375
,,,-1.20800002e-008, 0.001429688
,,,-1.20400002e-008, 0.001445313
,,,-1.20000002e-008, 0.001421875
,,,-1.19600002e-008, 0.001414063
,,,-1.19200002e-008, 0.001398438
,,,-1.18800002e-008,  0.00134375
,,,-1.18400002e-008, 0.001335938
,,,-1.18000002e-008, 0.001265625
,,,-1.17600002e-008,  0.00128125
,,,-1.17200002e-008, 0.001265625
,,,-1.16800002e-008, 0.001273438
,,,-1.16400002e-008, 0.001296875
,,,-1.16000002e-008, 0.001398438
,,,-1.15600002e-008, 0.001453125
,,,-1.15200002e-008, 0.001484375
,,,-1.14800002e-008, 0.001492188
,,,-1.14400002e-008, 0.001460938
,,,-1.14000002e-008, 0.001421875
,,,-1.13600002e-008, 0.001367188
,,,-1.13200002e-008, 0.001335938
,,,-1.12800002e-008, 0.001335938
,,,-1.12400002e-008, 0.001328125
,,,-1.12000001e-008,  0.00134375
,,,-1.11600001e-008, 0.001351563
,,,-1.11200001e-008, 0.001429688
,,,-1.10800001e-008, 0.001460938
,,,-1.10400001e-008,  0.00153125
,,,-1.10000001e-008, 0.001539063
,,,-1.09600001e-008, 0.001546875
,,,-1.09200001e-008,   0.0014375
,,,-1.08800001e-008, 0.001367188
,,,-1.08400001e-008,     0.00125
,,,-1.08000001e-008, 0.001179688
,,,-1.07600001e-008,  0.00109375
,,,-1.07200001e-008, 0.001039063
,,,-1.06800001e-008, 0.001015625
,,,-1.06400001e-008, 0.001015625
,,,-1.06000001e-008, 0.001085938
,,,-1.05600001e-008, 0.001148438
,,,-1.05200001e-008, 0.001226563
,,,-1.04800001e-008, 0.001304688
,,,-1.04400001e-008, 0.001320313
,,,-1.04000001e-008, 0.001367188
,,,-1.03600001e-008, 0.001382813
,,,-1.03200001e-008, 0.001382813
,,,-1.02800001e-008,  0.00134375
,,,-1.02400001e-008, 0.001320313
,,,-1.02000001e-008,   0.0013125
,,,-1.01600001e-008, 0.001304688
,,,-1.01200001e-008, 0.001304688
,,,-1.00800001e-008, 0.001320313
,,,-1.00400001e-008, 0.001265625
,,,-1.00000001e-008,  0.00128125
,,,-9.96000013e-009,  0.00128125
,,,-9.92000013e-009, 0.001296875
,,,-9.88000013e-009, 0.001304688
,,,-9.84000013e-009, 0.001320313
,,,-9.80000013e-009, 0.001320313
,,,-9.76000013e-009, 0.001328125
,,,-9.72000013e-009, 0.001351563
,,,-9.68000013e-009, 0.001289063
,,,-9.64000013e-009, 0.001265625
,,,-9.60000013e-009, 0.001289063
,,,-9.56000013e-009, 0.001304688
,,,-9.52000013e-009, 0.001320313
,,,-9.48000013e-009,  0.00134375
,,,-9.44000013e-009,  0.00140625
,,,-9.40000013e-009, 0.001421875
,,,-9.36000012e-009, 0.001414063
,,,-9.32000012e-009,   0.0014375
,,,-9.28000012e-009,   0.0014375
,,,-9.24000012e-009,  0.00140625
,,,-9.20000012e-009, 0.001429688
,,,-9.16000012e-009,  0.00146875
,,,-9.12000012e-009, 0.001453125
,,,-9.08000012e-009, 0.001460938
,,,-9.04000012e-009, 0.001507813
,,,-9.00000012e-009, 0.001476563
,,,-8.96000012e-009, 0.001492188
,,,-8.92000012e-009,   0.0014375
,,,-8.88000012e-009, 0.001382813
,,,-8.84000012e-009, 0.001320313
,,,-8.80000012e-009,   0.0013125
,,,-8.76000012e-009,   0.0013125
,,,-8.72000012e-009,  0.00134375
,,,-8.68000012e-009, 0.001335938
,,,-8.64000012e-009, 0.001359375
,,,-8.60000011e-009, 0.001421875
,,,-8.56000011e-009,   0.0014375
,,,-8.52000011e-009, 0.001414063
,,,-8.48000011e-009, 0.001390625
,,,-8.44000011e-009, 0.001367188
,,,-8.40000011e-009, 0.001296875
,,,-8.36000011e-009, 0.001226563
,,,-8.32000011e-009,  0.00121875
,,,-8.28000011e-009, 0.001148438
,,,-8.24000011e-009, 0.001148438
,,,-8.20000011e-009,   0.0011875
,,,-8.16000011e-009, 0.001234375
,,,-8.12000011e-009,   0.0013125
,,,-8.08000011e-009, 0.001367188
,,,-8.04000011e-009,   0.0014375
,,,-8.00000011e-009, 0.001484375
,,,-7.96000011e-009, 0.001476563
,,,-7.92000011e-009,  0.00146875
,,,-7.88000011e-009, 0.001421875
,,,-7.8400001e-009,    0.001375
,,,-7.8000001e-009,   0.0013125
,,,-7.7600001e-009, 0.001195313
,,,-7.7200001e-009, 0.001171875
,,,-7.6800001e-009, 0.001078125
,,,-7.6400001e-009,  0.00103125
,,,-7.6000001e-009, 0.001007813
,,,-7.5600001e-009,0.0009765625
,,,-7.5200001e-009,0.0009765625
,,,-7.4800001e-009, 0.001054688
,,,-7.4400001e-009, 0.001101563
,,,-7.4000001e-009, 0.001179688
,,,-7.3600001e-009,  0.00121875
,,,-7.3200001e-009, 0.001273438
,,,-7.2800001e-009, 0.001289063
,,,-7.2400001e-009, 0.001304688
,,,-7.2000001e-009, 0.001328125
,,,-7.1600001e-009,   0.0013125
,,,-7.1200001e-009, 0.001351563
,,,-7.08000009e-009,  0.00140625
,,,-7.04000009e-009,    0.001375
,,,-7.00000009e-009, 0.001429688
,,,-6.96000009e-009, 0.001398438
,,,-6.92000009e-009, 0.001359375
,,,-6.88000009e-009, 0.001359375
,,,-6.84000009e-009,   0.0013125
,,,-6.80000009e-009, 0.001296875
,,,-6.76000009e-009, 0.001273438
,,,-6.72000009e-009, 0.001289063
,,,-6.68000009e-009, 0.001242188
,,,-6.64000009e-009, 0.001289063
,,,-6.60000009e-009,  0.00128125
,,,-6.56000009e-009, 0.001296875
,,,-6.52000009e-009, 0.001296875
,,,-6.48000009e-009,  0.00134375
,,,-6.44000009e-009, 0.001335938
,,,-6.40000009e-009, 0.001398438
,,,-6.36000008e-009, 0.001390625
,,,-6.32000008e-009, 0.001421875
,,,-6.28000008e-009, 0.001429688
,,,-6.24000008e-009, 0.001445313
,,,-6.20000008e-009, 0.001398438
,,,-6.16000008e-009,  0.00134375
,,,-6.12000008e-009,  0.00128125
,,,-6.08000008e-009,  0.00121875
,,,-6.04000008e-009, 0.001148438
,,,-6.00000008e-009, 0.001148438
,,,-5.96000008e-009,  0.00115625
,,,-5.92000008e-009, 0.001210938
,,,-5.88000008e-009,     0.00125
,,,-5.84000008e-009,  0.00134375
,,,-5.80000008e-009, 0.001421875
,,,-5.76000008e-009,  0.00146875
,,,-5.72000008e-009, 0.001453125
,,,-5.68000008e-009, 0.001460938
,,,-5.64000008e-009, 0.001421875
,,,-5.60000007e-009,  0.00140625
,,,-5.56000007e-009,  0.00134375
,,,-5.52000007e-009,   0.0013125
,,,-5.48000007e-009, 0.001273438
,,,-5.44000007e-009, 0.001226563
,,,-5.40000007e-009, 0.001203125
,,,-5.36000007e-009, 0.001203125
,,,-5.32000007e-009, 0.001242188
,,,-5.28000007e-009, 0.001257813
,,,-5.24000007e-009, 0.001265625
,,,-5.20000007e-009, 0.001257813
,,,-5.16000007e-009, 0.001265625
,,,-5.12000007e-009, 0.001257813
,,,-5.08000007e-009, 0.001234375
,,,-5.04000007e-009, 0.001203125
,,,-5.00000007e-009,  0.00115625
,,,-4.96000007e-009, 0.001117188
,,,-4.92000007e-009, 0.001078125
,,,-4.88000007e-009, 0.001085938
,,,-4.84000006e-009, 0.001117188
,,,-4.80000006e-009,  0.00115625
,,,-4.76000006e-009,   0.0011875
,,,-4.72000006e-009,  0.00128125
,,,-4.68000006e-009, 0.001328125
,,,-4.64000006e-009,   0.0013125
,,,-4.60000006e-009,  0.00134375
,,,-4.56000006e-009, 0.001335938
,,,-4.52000006e-009, 0.001335938
,,,-4.48000006e-009, 0.001351563
,,,-4.44000006e-009, 0.001296875
,,,-4.40000006e-009,  0.00128125
,,,-4.36000006e-009, 0.001234375
,,,-4.32000006e-009,  0.00121875
,,,-4.28000006e-009, 0.001203125
,,,-4.24000006e-009, 0.001210938
,,,-4.20000006e-009, 0.001203125
,,,-4.16000006e-009, 0.001242188
,,,-4.12000006e-009, 0.001328125
,,,-4.08000005e-009,  0.00134375
,,,-4.04000005e-009, 0.001429688
,,,-4.00000005e-009, 0.001445313
,,,-3.96000005e-009, 0.001476563
,,,-3.92000005e-009, 0.001445313
,,,-3.88000005e-009, 0.001390625
,,,-3.84000005e-009, 0.001328125
,,,-3.80000005e-009, 0.001296875
,,,-3.76000005e-009,   0.0011875
,,,-3.72000005e-009, 0.001203125
,,,-3.68000005e-009,  0.00115625
,,,-3.64000005e-009, 0.001171875
,,,-3.60000005e-009, 0.001140625
,,,-3.56000005e-009, 0.001117188
,,,-3.52000005e-009, 0.001164063
,,,-3.48000005e-009, 0.001171875
,,,-3.44000005e-009,  0.00121875
,,,-3.40000005e-009, 0.001234375
,,,-3.36000004e-009, 0.001242188
,,,-3.32000004e-009, 0.001273438
,,,-3.28000004e-009, 0.001273438
,,,-3.24000004e-009, 0.001304688
,,,-3.20000004e-009,   0.0013125
,,,-3.16000004e-009, 0.001359375
,,,-3.12000004e-009, 0.001335938
,,,-3.08000004e-009,  0.00134375
,,,-3.04000004e-009, 0.001335938
,,,-3.00000004e-009, 0.001304688
,,,-2.96000004e-009,  0.00128125
,,,-2.92000004e-009, 0.001273438
,,,-2.88000004e-009, 0.001257813
,,,-2.84000004e-009, 0.001257813
,,,-2.80000004e-009, 0.001296875
,,,-2.76000004e-009, 0.001289063
,,,-2.72000004e-009,  0.00128125
,,,-2.68000004e-009,  0.00121875
,,,-2.64000004e-009, 0.001179688
,,,-2.60000003e-009, 0.001171875
,,,-2.56000003e-009, 0.001140625
,,,-2.52000003e-009, 0.001179688
,,,-2.48000003e-009, 0.001195313
,,,-2.44000003e-009, 0.001242188
,,,-2.40000003e-009, 0.001367188
,,,-2.36000003e-009, 0.001414063
,,,-2.32000003e-009, 0.001507813
,,,-2.28000003e-009, 0.001523438
,,,-2.24000003e-009,      0.0015
,,,-2.20000003e-009, 0.001484375
,,,-2.16000003e-009, 0.001390625
,,,-2.12000003e-009, 0.001335938
,,,-2.08000003e-009, 0.001257813
,,,-2.04000003e-009, 0.001234375
,,,-2.00000003e-009,     0.00125
,,,-1.96000003e-009, 0.001289063
,,,-1.92000003e-009, 0.001351563
,,,-1.88000003e-009, 0.001414063
,,,-1.84000002e-009, 0.001414063
,,,-1.80000002e-009,   0.0014375
,,,-1.76000002e-009, 0.001460938
,,,-1.72000002e-009, 0.001453125
,,,-1.68000002e-009, 0.001429688
,,,-1.64000002e-009, 0.001445313
,,,-1.60000002e-009, 0.001546875
,,,-1.56000002e-009, 0.001648438
,,,-1.52000002e-009, 0.001734375
,,,-1.48000002e-009, 0.001851563
,,,-1.44000002e-009, 0.002015625
,,,-1.40000002e-009, 0.002164063
,,,-1.36000002e-009,  0.00221875
,,,-1.32000002e-009, 0.002390625
,,,-1.28000002e-009, 0.002539063
,,,-1.24000002e-009, 0.002695313
,,,-1.20000002e-009, 0.002867188
,,,-1.16000002e-009, 0.003054688
,,,-1.12000001e-009, 0.003242188
,,,-1.08000001e-009, 0.003328125
,,,-1.04000001e-009, 0.003335938
,,,-1.00000001e-009,  0.00321875
,,,-9.60000013e-010, 0.002976563
,,,-9.20000012e-010, 0.002539063
,,,-8.80000012e-010, 0.001867188
,,,-8.40000011e-010, 0.001023438
,,,-8.00000011e-010,-0.0001328125
,,,-7.6000001e-010,-0.001476563
,,,-7.2000001e-010,-0.003101563
,,,-6.80000009e-010,-0.005007813
,,,-6.40000009e-010,-0.007140625
,,,-6.00000008e-010,-0.009453125
,,,-5.60000007e-010, -0.01188281
,,,-5.20000007e-010,  -0.0143125
,,,-4.80000006e-010, -0.01667969
,,,-4.40000006e-010, -0.01875781
,,,-4.00000005e-010,     -0.0205
,,,-3.60000005e-010,  -0.0216875
,,,-3.20000004e-010, -0.02217969
,,,-2.80000004e-010, -0.02183594
,,,-2.40000003e-010, -0.02049219
,,,-2.00000003e-010, -0.01796875
,,,-1.60000002e-010, -0.01421875
,,,-1.20000002e-010,-0.009046875
,,,-8.00000011e-011,     -0.0025
,,,-4.00000005e-011, 0.005390625
,,,           0,   0.0145625
,,,4.00000005e-011,  0.02474219
,,,8.00000011e-011,  0.03567969
,,,1.20000002e-010,  0.04694531
,,,1.60000002e-010,  0.05815625
,,,2.00000003e-010,  0.06882813
,,,2.40000003e-010,  0.07830469
,,,2.80000004e-010,  0.08628907
,,,3.20000004e-010,  0.09207032
,,,3.60000005e-010,  0.09516407
,,,4.00000005e-010,  0.09525782
,,,4.40000006e-010,  0.09188282
,,,4.80000006e-010,  0.08485157
,,,5.20000007e-010,   0.0740625
,,,5.60000007e-010,  0.05958594
,,,6.00000008e-010,  0.04178125
,,,6.40000009e-010,  0.02113281
,,,6.80000009e-010,-0.001828125
,,,7.2000001e-010, -0.02614063
,,,7.6000001e-010,  -0.0509375
,,,8.00000011e-010, -0.07532813
,,,8.40000011e-010, -0.09821094
,,,8.80000012e-010,    -0.11875
,,,9.20000012e-010,   -0.135875
,,,9.60000013e-010,  -0.1489063
,,,1.00000001e-009,  -0.1571484
,,,1.04000001e-009,  -0.1601328
,,,1.08000001e-009,  -0.1576484
,,,1.12000001e-009,  -0.1497188
,,,1.16000002e-009,  -0.1366328
,,,1.20000002e-009,  -0.1190781
,,,1.24000002e-009, -0.09776563
,,,1.28000002e-009, -0.07379688
,,,1.32000002e-009, -0.04829688
,,,1.36000002e-009, -0.02235156
,,,1.40000002e-009, 0.002648438
,,,1.44000002e-009,  0.02578906
,,,1.48000002e-009,  0.04608594
,,,1.52000002e-009,  0.06291407
,,,1.56000002e-009,  0.07571875
,,,1.60000002e-009,  0.08432032
,,,1.64000002e-009,  0.08879688
,,,1.68000002e-009,  0.08930469
,,,1.72000002e-009,  0.08633594
,,,1.76000002e-009,   0.0805625
,,,1.80000002e-009,  0.07288282
,,,1.84000002e-009,  0.06410938
,,,1.88000003e-009,  0.05516407
,,,1.92000003e-009,  0.04692188
,,,1.96000003e-009,    0.040125
,,,2.00000003e-009,  0.03538281
,,,2.04000003e-009,  0.03296875
,,,2.08000003e-009,  0.03310938
,,,2.12000003e-009,  0.03550781
,,,2.16000003e-009,  0.03983594
,,,2.20000003e-009,  0.04566406
,,,2.24000003e-009,  0.05219531
,,,2.28000003e-009,  0.05871875
,,,2.32000003e-009,  0.06447657
,,,2.36000003e-009,  0.06871875
,,,2.40000003e-009,  0.07086719
,,,2.44000003e-009,   0.0705625
,,,2.48000003e-009,      0.0675
,,,2.52000003e-009,  0.06159375
,,,2.56000003e-009,  0.05311719
,,,2.60000003e-009,  0.04246875
,,,2.64000004e-009,  0.03016406
,,,2.68000004e-009,  0.01692969
,,,2.72000004e-009, 0.003570313
,,,2.76000004e-009,-0.009265625
,,,2.80000004e-009, -0.02078906
,,,2.84000004e-009, -0.03050781
,,,2.88000004e-009, -0.03807031
,,,2.92000004e-009, -0.04313281
,,,2.96000004e-009, -0.04575781
,,,3.00000004e-009, -0.04607031
,,,3.04000004e-009, -0.04452344
,,,3.08000004e-009,   -0.041625
,,,3.12000004e-009, -0.03782813
,,,3.16000004e-009, -0.03379688
,,,3.20000004e-009, -0.03021094
,,,3.24000004e-009, -0.02751563
,,,3.28000004e-009, -0.02619531
,,,3.32000004e-009, -0.02645313
,,,3.36000004e-009, -0.02833594
,,,3.40000005e-009, -0.03178125
,,,3.44000005e-009,     -0.0365
,,,3.48000005e-009, -0.04209375
,,,3.52000005e-009, -0.04792188
,,,3.56000005e-009, -0.05358594
,,,3.60000005e-009, -0.05842188
,,,3.64000005e-009, -0.06195313
,,,3.68000005e-009, -0.06378125
,,,3.72000005e-009, -0.06374219
,,,3.76000005e-009, -0.06157032
,,,3.80000005e-009, -0.05740625
,,,3.84000005e-009, -0.05144531
,,,3.88000005e-009, -0.04408594
,,,3.92000005e-009, -0.03563281
,,,3.96000005e-009, -0.02674219
,,,4.00000005e-009, -0.01794531
,,,4.04000005e-009,-0.009757813
,,,4.08000005e-009,-0.002695313
,,,4.12000006e-009, 0.002984375
,,,4.16000006e-009, 0.007007813
,,,4.20000006e-009,    0.009375
,,,4.24000006e-009,  0.01014844
,,,4.28000006e-009,   0.0096875
,,,4.32000006e-009, 0.008273438
,,,4.36000006e-009, 0.006445313
,,,4.40000006e-009, 0.004671875
,,,4.44000006e-009,  0.00334375
,,,4.48000006e-009,    0.002875
,,,4.52000006e-009,  0.00346875
,,,4.56000006e-009, 0.005335938
,,,4.60000006e-009, 0.008460938
,,,4.64000006e-009,  0.01273438
,,,4.68000006e-009,  0.01807813
,,,4.72000006e-009,  0.02401563
,,,4.76000006e-009,  0.03025781
,,,4.80000006e-009,  0.03646875
,,,4.84000006e-009,  0.04210938
,,,4.88000007e-009,  0.04684375
,,,4.92000007e-009,  0.05038281
,,,4.96000007e-009,  0.05245313
,,,5.00000007e-009,  0.05303125
,,,5.04000007e-009,  0.05211719
,,,5.08000007e-009,  0.04996094
,,,5.12000007e-009,  0.04673438
,,,5.16000007e-009,  0.04285938
,,,5.20000007e-009,  0.03866406
,,,5.24000007e-009,  0.03457813
,,,5.28000007e-009,  0.03086719
,,,5.32000007e-009,  0.02784375
,,,5.36000007e-009,  0.02569531
,,,5.40000007e-009,  0.02448438
,,,5.44000007e-009,  0.02411719
,,,5.48000007e-009,  0.02448438
,,,5.52000007e-009,   0.0254375
,,,5.56000007e-009,  0.02648438
,,,5.60000007e-009,  0.02757813
,,,5.64000008e-009,  0.02823438
,,,5.68000008e-009,  0.02830469
,,,5.72000008e-009,  0.02758594
,,,5.76000008e-009,  0.02601563
,,,5.80000008e-009,  0.02346094
,,,5.84000008e-009,  0.02017969
,,,5.88000008e-009,  0.01617188
,,,5.92000008e-009,     0.01175
,,,5.96000008e-009, 0.007101563
,,,6.00000008e-009, 0.002445313
,,,6.04000008e-009,-0.001929688
,,,6.08000008e-009,-0.005765625
,,,6.12000008e-009,-0.008859375
,,,6.16000008e-009, -0.01107031
,,,6.20000008e-009, -0.01244531
,,,6.24000008e-009, -0.01296875
,,,6.28000008e-009, -0.01274219
,,,6.32000008e-009, -0.01200781
,,,6.36000008e-009, -0.01107031
,,,6.40000009e-009, -0.01010938
,,,6.44000009e-009,-0.009414063
,,,6.48000009e-009,-0.009226563
,,,6.52000009e-009,   -0.009625
,,,6.56000009e-009, -0.01075781
,,,6.60000009e-009, -0.01261719
,,,6.64000009e-009, -0.01504688
,,,6.68000009e-009, -0.01797656
,,,6.72000009e-009, -0.02111719
,,,6.76000009e-009, -0.02433594
,,,6.80000009e-009, -0.02732031
,,,6.84000009e-009, -0.02989063
,,,6.88000009e-009, -0.03196094
,,,6.92000009e-009,    -0.03325
,,,6.96000009e-009, -0.03374219
,,,7.00000009e-009, -0.03350781
,,,7.04000009e-009, -0.03248438
,,,7.08000009e-009, -0.03089063
,,,7.1200001e-009, -0.02885156
,,,7.1600001e-009, -0.02658594
,,,7.2000001e-009, -0.02424219
,,,7.2400001e-009, -0.02217969
,,,7.2800001e-009, -0.02041406
,,,7.3200001e-009, -0.01915625
,,,7.3600001e-009, -0.01842969
,,,7.4000001e-009, -0.01819531
,,,7.4400001e-009,  -0.0184375
,,,7.4800001e-009, -0.01902344
,,,7.5200001e-009, -0.01978906
,,,7.5600001e-009, -0.02048438
,,,7.6000001e-009,      -0.021
,,,7.6400001e-009, -0.02111719
,,,7.6800001e-009, -0.02069531
,,,7.7200001e-009, -0.01971875
,,,7.7600001e-009, -0.01800781
,,,7.8000001e-009, -0.01571875
,,,7.8400001e-009, -0.01292188
,,,7.88000011e-009,-0.009679688
,,,7.92000011e-009,-0.006203125
,,,7.96000011e-009,-0.002734375
,,,8.00000011e-009,0.0005859375
,,,8.04000011e-009,  0.00359375
,,,8.08000011e-009,    0.006125
,,,8.12000011e-009,  0.00809375
,,,8.16000011e-009,   0.0095625
,,,8.20000011e-009,  0.01054688
,,,8.24000011e-009,  0.01109375
,,,8.28000011e-009,  0.01132813
,,,8.32000011e-009,  0.01128906
,,,8.36000011e-009,  0.01121875
,,,8.40000011e-009,  0.01117969
,,,8.44000011e-009,     0.01125
,,,8.48000011e-009,  0.01160156
,,,8.52000011e-009,  0.01226563
,,,8.56000011e-009,  0.01324219
,,,8.60000011e-009,  0.01467969
,,,8.64000012e-009,    0.016375
,,,8.68000012e-009,  0.01835156
,,,8.72000012e-009,  0.02044531
,,,8.76000012e-009,  0.02252344
,,,8.80000012e-009,  0.02438281
,,,8.84000012e-009,  0.02600781
,,,8.88000012e-009,     0.02725
,,,8.92000012e-009,  0.02791406
,,,8.96000012e-009,  0.02810938
,,,9.00000012e-009,  0.02789844
,,,9.04000012e-009,     0.02725
,,,9.08000012e-009,  0.02632813
,,,9.12000012e-009,     0.02525
,,,9.16000012e-009,  0.02409375
,,,9.20000012e-009,  0.02295313
,,,9.24000012e-009,  0.02197656
,,,9.28000012e-009,  0.02117969
,,,9.32000012e-009,  0.02067969
,,,9.36000012e-009,  0.02035156
,,,9.40000013e-009,  0.02032813
,,,9.44000013e-009,  0.02051563
,,,9.48000013e-009,  0.02078125
,,,9.52000013e-009,  0.02108594
,,,9.56000013e-009,  0.02128125
,,,9.60000013e-009,  0.02132813
,,,9.64000013e-009,  0.02113281
,,,9.68000013e-009,  0.02057031
,,,9.72000013e-009,  0.01966406
,,,9.76000013e-009,  0.01832813
,,,9.80000013e-009,  0.01672656
,,,9.84000013e-009,  0.01480469
,,,9.88000013e-009,  0.01265625
,,,9.92000013e-009,  0.01042188
,,,9.96000013e-009, 0.008148438
,,,1.00000001e-008, 0.005992188
,,,1.00400001e-008, 0.003929688
,,,1.00800001e-008, 0.002179688
,,,1.01200001e-008,  0.00065625
,,,1.01600001e-008,  -0.0005625
,,,1.02000001e-008,-0.001476563
,,,1.02400001e-008,  -0.0021875
,,,1.02800001e-008,-0.002664063
,,,1.03200001e-008,  -0.0030625
,,,1.03600001e-008,-0.003445313
,,,1.04000001e-008,-0.003914063
,,,1.04400001e-008,-0.004460938
,,,1.04800001e-008,  -0.0051875
,,,1.05200001e-008, -0.00615625
,,,1.05600001e-008,-0.007273438
,,,1.06000001e-008,-0.008601563
,,,1.06400001e-008, -0.01009375
,,,1.06800001e-008,   -0.011625
,,,1.07200001e-008, -0.01324219
,,,1.07600001e-008,  -0.0146875
,,,1.08000001e-008, -0.01603906
,,,1.08400001e-008, -0.01713281
,,,1.08800001e-008, -0.01794531
,,,1.09200001e-008, -0.01854688
,,,1.09600001e-008, -0.01882813
,,,1.10000001e-008, -0.01896094
,,,1.10400001e-008, -0.01889844
,,,1.10800001e-008, -0.01867188
,,,1.11200001e-008, -0.01835156
,,,1.11600001e-008, -0.01797656
,,,1.12000001e-008, -0.01755469
,,,1.12400002e-008, -0.01710156
,,,1.12800002e-008, -0.01670313
,,,1.13200002e-008, -0.01635938
,,,1.13600002e-008, -0.01614844
,,,1.14000002e-008, -0.01613281
,,,1.14400002e-008, -0.01624219
,,,1.14800002e-008, -0.01654688
,,,1.15200002e-008, -0.01689844
,,,1.15600002e-008, -0.01719531
,,,1.16000002e-008, -0.01741406
,,,1.16400002e-008, -0.01736719
,,,1.16800002e-008, -0.01707031
,,,1.17200002e-008, -0.01646875
,,,1.17600002e-008, -0.01564063
,,,1.18000002e-008, -0.01458594
,,,1.18400002e-008, -0.01332031
,,,1.18800002e-008, -0.01203125
,,,1.19200002e-008, -0.01066406
,,,1.19600002e-008,-0.009320313
,,,1.20000002e-008,-0.007992188
,,,1.20400002e-008,-0.006765625
,,,1.20800002e-008,   -0.005625
,,,1.21200002e-008,     -0.0045
,,,1.21600002e-008,     -0.0035
,,,1.22000002e-008,-0.002578125
,,,1.22400002e-008,-0.001757813
,,,1.22800002e-008,-0.0009453125
,,,1.23200002e-008,-0.0001640625
,,,1.23600002e-008,    0.000625
,,,1.24000002e-008, 0.001398438
,,,1.24400002e-008, 0.002195313
,,,1.24800002e-008, 0.003015625
,,,1.25200002e-008, 0.003890625
,,,1.25600002e-008, 0.004796875
,,,1.26000002e-008,     0.00575
,,,1.26400002e-008, 0.006734375
,,,1.26800002e-008, 0.007726563
,,,1.27200002e-008, 0.008773438
,,,1.27600002e-008, 0.009789063
,,,1.28000002e-008,  0.01079688
,,,1.28400002e-008,  0.01171094
,,,1.28800002e-008,  0.01253125
,,,1.29200002e-008,  0.01317188
,,,1.29600002e-008,     0.01375
,,,1.30000002e-008,    0.014125
,,,1.30400002e-008,  0.01436719
,,,1.30800002e-008,  0.01453125
,,,1.31200002e-008,  0.01464844
,,,1.31600002e-008,  0.01476563
,,,1.32000002e-008,  0.01485938
,,,1.32400002e-008,  0.01501563
,,,1.32800002e-008,  0.01523438
,,,1.33200002e-008,      0.0155
,,,1.33600002e-008,  0.01582031
,,,1.34000002e-008,    0.016125
,,,1.34400002e-008,   0.0164375
,,,1.34800002e-008,  0.01667969
,,,1.35200002e-008,  0.01686719
,,,1.35600002e-008,       0.017
,,,1.36000002e-008,  0.01707813
,,,1.36400002e-008,  0.01708594
,,,1.36800002e-008,  0.01708594
,,,1.37200002e-008,  0.01694531
,,,1.37600002e-008,  0.01671875
,,,1.38000002e-008,  0.01638281
,,,1.38400002e-008,  0.01595313
,,,1.38800002e-008,  0.01538281
,,,1.39200002e-008,     0.01475
,,,1.39600002e-008,  0.01402344
,,,1.40000002e-008,  0.01332031
,,,1.40400002e-008,  0.01260938
,,,1.40800002e-008,  0.01204688
,,,1.41200002e-008,  0.01148438
,,,1.41600002e-008,  0.01105469
,,,1.42000002e-008,  0.01071094
,,,1.42400002e-008,    0.010375
,,,1.42800002e-008,  0.01003125
,,,1.43200002e-008,     0.00975
,,,1.43600002e-008, 0.009335938
,,,1.44000002e-008, 0.008914063
,,,1.44400002e-008, 0.008429688
,,,1.44800002e-008, 0.007890625
,,,1.45200002e-008, 0.007257813
,,,1.45600002e-008,  0.00653125
,,,1.46000002e-008, 0.005703125
,,,1.46400002e-008, 0.004789063
,,,1.46800002e-008, 0.003703125
,,,1.47200002e-008, 0.002617188
,,,1.47600002e-008,  0.00146875
,,,1.48000002e-008,0.0003046875
,,,1.48400002e-008,-0.0007734375
,,,1.48800002e-008,-0.001765625
,,,1.49200002e-008,-0.002742188
,,,1.49600002e-008, -0.00353125
,,,1.50000002e-008,-0.004265625
,,,1.50400002e-008,-0.004921875
,,,1.50800002e-008, -0.00546875
,,,1.51200002e-008,  -0.0060625
,,,1.51600002e-008,   -0.006625
,,,1.52000002e-008,-0.007148438
,,,1.52400002e-008, -0.00778125
,,,1.52800002e-008,-0.008460938
,,,1.53200002e-008,-0.009132813
,,,1.53600002e-008,-0.009867188
,,,1.54000002e-008, -0.01059375
,,,1.54400002e-008, -0.01130469
,,,1.54800002e-008, -0.01190625
,,,1.55200002e-008, -0.01244531
,,,1.55600002e-008, -0.01285156
,,,1.56000002e-008, -0.01307031
,,,1.56400002e-008, -0.01317969
,,,1.56800002e-008, -0.01316406
,,,1.57200002e-008, -0.01296875
,,,1.57600002e-008, -0.01264063
,,,1.58000002e-008, -0.01222656
,,,1.58400002e-008, -0.01173438
,,,1.58800002e-008, -0.01121094
,,,1.59200002e-008, -0.01067188
,,,1.59600002e-008,  -0.0101875
,,,1.60000002e-008,-0.009867188
,,,1.60400002e-008,-0.009617188
,,,1.60800002e-008,-0.009507813
,,,1.61200002e-008,-0.009570313
,,,1.61600002e-008,-0.009726563
,,,1.62000002e-008,-0.009945313
,,,1.62400002e-008, -0.01019531
,,,1.62800002e-008, -0.01035156
,,,1.63200002e-008, -0.01046094
,,,1.63600002e-008, -0.01039844
,,,1.64000002e-008, -0.01028906
,,,1.64400002e-008,-0.009953125
,,,1.64800002e-008, -0.00946875
,,,1.65200002e-008,-0.008898438
,,,1.65600002e-008,   -0.008125
,,,1.66000002e-008,-0.007320313
,,,1.66400002e-008,-0.006335938
,,,1.66800002e-008, -0.00540625
,,,1.67200002e-008, -0.00440625
,,,1.67600002e-008,-0.003414063
,,,1.68000002e-008,-0.002484375
,,,1.68400002e-008,-0.001640625
,,,1.68800002e-008,-0.0009609375
,,,1.69200002e-008,-0.000296875
,,,1.69600002e-008,0.0002109375
,,,1.70000002e-008, 0.000671875
,,,1.70400002e-008, 0.001023438
,,,1.70800002e-008, 0.001351563
,,,1.71200002e-008, 0.001695313
,,,1.71600002e-008, 0.002023438
,,,1.72000002e-008,  0.00240625
,,,1.72400002e-008, 0.002882813
,,,1.72800002e-008,  0.00340625
,,,1.73200002e-008, 0.004046875
,,,1.73600002e-008, 0.004773438
,,,1.74000002e-008, 0.005578125
,,,1.74400002e-008, 0.006460938
,,,1.74800002e-008, 0.007390625
,,,1.75200002e-008, 0.008289063
,,,1.75600002e-008, 0.009210938
,,,1.76000002e-008,  0.00996875
,,,1.76400002e-008,  0.01067969
,,,1.76800002e-008,  0.01119531
,,,1.77200002e-008,  0.01161719
,,,1.77600002e-008,  0.01183594
,,,1.78000002e-008,  0.01196875
,,,1.78400002e-008,  0.01200781
,,,1.78800002e-008,   0.0119375
,,,1.79200002e-008,  0.01179688
,,,1.79600002e-008,  0.01167188
,,,1.80000002e-008,  0.01153906
,,,1.80400002e-008,  0.01145313
,,,1.80800002e-008,  0.01139063
,,,1.81200002e-008,  0.01132813
,,,1.81600002e-008,  0.01140625
,,,1.82000002e-008,   0.0114375
,,,1.82400002e-008,  0.01153125
,,,1.82800002e-008,  0.01163281
,,,1.83200002e-008,  0.01176563
,,,1.83600002e-008,    0.011875
,,,1.84000002e-008,  0.01189063
,,,1.84400002e-008,  0.01190625
,,,1.84800002e-008,  0.01186719
,,,1.85200002e-008,  0.01171094
,,,1.85600002e-008,  0.01157031
,,,1.86000002e-008,  0.01135156
,,,1.86400002e-008,  0.01102344
,,,1.86800002e-008,  0.01071094
,,,1.87200002e-008,  0.01034375
,,,1.87600003e-008,  0.00990625
,,,1.88000003e-008, 0.009515625
,,,1.88400003e-008, 0.009085938
,,,1.88800003e-008,   0.0086875
,,,1.89200003e-008, 0.008289063
,,,1.89600003e-008,    0.007875
,,,1.90000003e-008,      0.0075
,,,1.90400003e-008, 0.007140625
,,,1.90800003e-008, 0.006742188
,,,1.91200003e-008, 0.006328125
,,,1.91600003e-008, 0.005929688
,,,1.92000003e-008, 0.005445313
,,,1.92400003e-008, 0.004921875
,,,1.92800003e-008,   0.0044375
,,,1.93200003e-008, 0.003867188
,,,1.93600003e-008,  0.00321875
,,,1.94000003e-008, 0.002554688
,,,1.94400003e-008, 0.001882813
,,,1.94800003e-008, 0.001179688
,,,1.95200003e-008,  0.00046875
,,,1.95600003e-008,-0.0002578125
,,,1.96000003e-008,-0.0009296875
,,,1.96400003e-008,   -0.001625
,,,1.96800003e-008,  -0.0023125
,,,1.97200003e-008,-0.002921875
,,,1.97600003e-008,-0.003460938
,,,1.98000003e-008,-0.003914063
,,,1.98400003e-008,-0.004335938
,,,1.98800003e-008, -0.00465625
,,,1.99200003e-008,-0.004835938
,,,1.99600003e-008,-0.005007813
,,,2.00000003e-008,-0.005101563
,,,2.00400003e-008,-0.005140625
,,,2.00800003e-008, -0.00521875
,,,2.01200003e-008,-0.005351563
,,,2.01600003e-008,-0.005492188
,,,2.02000003e-008, -0.00571875
,,,2.02400003e-008, -0.00590625
,,,2.02800003e-008,-0.006007813
,,,2.03200003e-008,-0.006117188
,,,2.03600003e-008,-0.006132813
,,,2.04000003e-008,-0.006054688
,,,2.04400003e-008,  -0.0059375
,,,2.04800003e-008,-0.005789063
,,,2.05200003e-008,-0.005703125
,,,2.05600003e-008,-0.005617188
,,,2.06000003e-008,-0.005585938
,,,2.06400003e-008,-0.005601563
,,,2.06800003e-008,-0.005601563
,,,2.07200003e-008,-0.005601563
,,,2.07600003e-008,-0.005539063
,,,2.08000003e-008,-0.005429688
,,,2.08400003e-008,    -0.00525
,,,2.08800003e-008, -0.00509375
,,,2.09200003e-008,  -0.0049375
,,,2.09600003e-008,-0.004820313
,,,2.10000003e-008,-0.004757813
,,,2.10400003e-008,-0.004820313
,,,2.10800003e-008,-0.004914063
,,,2.11200003e-008,-0.004976563
,,,2.11600003e-008, -0.00509375
,,,2.12000003e-008,-0.005132813
,,,2.12400003e-008,-0.005078125
,,,2.12800003e-008,-0.004945313
,,,2.13200003e-008,-0.004726563
,,,2.13600003e-008,-0.004335938
,,,2.14000003e-008,  -0.0039375
,,,2.14400003e-008,-0.003453125
,,,2.14800003e-008,-0.002945313
,,,2.15200003e-008,-0.002492188
,,,2.15600003e-008,-0.002039063
,,,2.16000003e-008,-0.001664063
,,,2.16400003e-008,-0.001351563
,,,2.16800003e-008, -0.00109375
,,,2.17200003e-008, -0.00090625
,,,2.17600003e-008,-0.0007578125
,,,2.18000003e-008,-0.0006796875
,,,2.18400003e-008,-0.000609375
,,,2.18800003e-008,   -0.000625
,,,2.19200003e-008,-0.0006171875
,,,2.19600003e-008, -0.00065625
,,,2.20000003e-008,-0.0006796875
,,,2.20400003e-008,-0.0008203125
,,,2.20800003e-008,-0.0008359375
,,,2.21200003e-008,-0.0008046875
,,,2.21600003e-008,-0.000703125
,,,2.22000003e-008,-0.0004453125
,,,2.22400003e-008,-4.6875e-005
,,,2.22800003e-008,   0.0005625
,,,2.23200003e-008, 0.001382813
,,,2.23600003e-008, 0.002414063
,,,2.24000003e-008, 0.003492188
,,,2.24400003e-008, 0.004695313
,,,2.24800003e-008,  0.00578125
,,,2.25200003e-008, 0.006882813
,,,2.25600003e-008, 0.007835938
,,,2.26000003e-008, 0.008679688
,,,2.26400003e-008, 0.009296875
,,,2.26800003e-008, 0.009828125
,,,2.27200003e-008,  0.01022656
,,,2.27600003e-008,   0.0104375
,,,2.28000003e-008,  0.01057813
,,,2.28400003e-008,  0.01050781
,,,2.28800003e-008,  0.01036719
,,,2.29200003e-008,  0.01013281
,,,2.29600003e-008, 0.009789063
,,,2.30000003e-008, 0.009328125
,,,2.30400003e-008, 0.008859375
,,,2.30800003e-008, 0.008351563
,,,2.31200003e-008,    0.007875
,,,2.31600003e-008,  0.00746875
,,,2.32000003e-008,    0.007125
,,,2.32400003e-008, 0.006867188
,,,2.32800003e-008, 0.006578125
,,,2.33200003e-008, 0.006398438
,,,2.33600003e-008,     0.00625
,,,2.34000003e-008, 0.006171875
,,,2.34400003e-008, 0.006054688
,,,2.34800003e-008, 0.005929688
,,,2.35200003e-008, 0.005859375
,,,2.35600003e-008, 0.005710938
,,,2.36000003e-008, 0.005632813
,,,2.36400003e-008,  0.00553125
,,,2.36800003e-008, 0.005328125
,,,2.37200003e-008, 0.005132813
,,,2.37600003e-008,  0.00490625
,,,2.38000003e-008,  0.00465625
,,,2.38400003e-008, 0.004445313
,,,2.38800003e-008, 0.004257813
,,,2.39200003e-008, 0.004054688
,,,2.39600003e-008, 0.003921875
,,,2.40000003e-008,    0.003875
,,,2.40400003e-008,    0.003875
,,,2.40800003e-008,   0.0039375
,,,2.41200003e-008,  0.00396875
,,,2.41600003e-008, 0.004078125
,,,2.42000003e-008, 0.004109375
,,,2.42400003e-008, 0.004078125
,,,2.42800003e-008,  0.00403125
,,,2.43200003e-008, 0.003960938
,,,2.43600003e-008, 0.003859375
,,,2.44000003e-008, 0.003710938
,,,2.44400003e-008, 0.003570313
,,,2.44800003e-008, 0.003382813
,,,2.45200003e-008, 0.003179688
,,,2.45600003e-008,       0.003
,,,2.46000003e-008, 0.002851563
,,,2.46400003e-008,   0.0026875
,,,2.46800003e-008,      0.0025
,,,2.47200003e-008, 0.002289063
,,,2.47600003e-008, 0.002023438
,,,2.48000003e-008,   0.0016875
,,,2.48400003e-008, 0.001289063
,,,2.48800003e-008,0.0008046875
,,,2.49200003e-008, 0.000265625
,,,2.49600003e-008,-0.000234375
,,,2.50000003e-008,-0.0008046875
,,,2.50400003e-008,-0.001296875
,,,2.50800003e-008,-0.001695313
,,,2.51200003e-008,      -0.002
,,,2.51600003e-008,-0.002210938
,,,2.52000003e-008,-0.002351563
,,,2.52400003e-008,-0.002460938
,,,2.52800003e-008, -0.00253125
,,,2.53200003e-008,-0.002703125
,,,2.53600003e-008,-0.002898438
,,,2.54000003e-008,-0.003171875
,,,2.54400003e-008,     -0.0035
,,,2.54800003e-008,-0.003726563
,,,2.55200003e-008, -0.00403125
,,,2.55600003e-008,-0.004210938
,,,2.56000003e-008,-0.004382813
,,,2.56400003e-008,-0.004476563
,,,2.56800003e-008, -0.00453125
,,,2.57200003e-008,-0.004703125
,,,2.57600003e-008,  -0.0048125
,,,2.58000003e-008,-0.005054688
,,,2.58400003e-008,-0.005382813
,,,2.58800003e-008,-0.005726563
,,,2.59200003e-008,-0.006085938
,,,2.59600003e-008, -0.00640625
,,,2.60000003e-008,-0.006640625
,,,2.60400003e-008,-0.006742188
,,,2.60800003e-008,-0.006710938
,,,2.61200003e-008,-0.006585938
,,,2.61600003e-008,  -0.0063125
,,,2.62000003e-008,-0.005984375
,,,2.62400004e-008,  -0.0055625
,,,2.62800004e-008, -0.00515625
,,,2.63200004e-008,-0.004679688
,,,2.63600004e-008, -0.00421875
,,,2.64000004e-008,  -0.0036875
,,,2.64400004e-008,-0.003195313
,,,2.64800004e-008,  -0.0026875
,,,2.65200004e-008,-0.002210938
,,,2.65600004e-008,-0.001757813
,,,2.66000004e-008,-0.001296875
,,,2.66400004e-008,-0.0008828125
,,,2.66800004e-008,-0.0004921875
,,,2.67200004e-008,-0.0001796875
,,,2.67600004e-008,  0.00015625
,,,2.68000004e-008,0.0004296875
,,,2.68400004e-008,0.0007265625
,,,2.68800004e-008, 0.000953125
,,,2.69200004e-008, 0.001179688
,,,2.69600004e-008, 0.001398438
,,,2.70000004e-008, 0.001585938
,,,2.70400004e-008, 0.001710938
,,,2.70800004e-008, 0.001820313
,,,2.71200004e-008, 0.001929688
,,,2.71600004e-008, 0.002046875
,,,2.72000004e-008,  0.00221875
,,,2.72400004e-008, 0.002453125
,,,2.72800004e-008, 0.002703125
,,,2.73200004e-008, 0.003054688
,,,2.73600004e-008, 0.003460938
,,,2.74000004e-008,    0.003875
,,,2.74400004e-008, 0.004289063
,,,2.74800004e-008, 0.004710938
,,,2.75200004e-008, 0.005148438
,,,2.75600004e-008, 0.005453125
,,,2.76000004e-008, 0.005804688
,,,2.76400004e-008, 0.006101563
,,,2.76800004e-008, 0.006414063
,,,2.77200004e-008,   0.0066875
,,,2.77600004e-008,  0.00690625
,,,2.78000004e-008,    0.007125
,,,2.78400004e-008,  0.00728125
,,,2.78800004e-008,  0.00740625
,,,2.79200004e-008, 0.007445313
,,,2.79600004e-008, 0.007429688
,,,2.80000004e-008, 0.007304688
,,,2.80400004e-008,   0.0071875
,,,2.80800004e-008, 0.006992188
,,,2.81200004e-008, 0.006789063
,,,2.81600004e-008, 0.006570313
,,,2.82000004e-008, 0.006359375
,,,2.82400004e-008,  0.00609375
,,,2.82800004e-008, 0.005945313
,,,2.83200004e-008,  0.00571875
,,,2.83600004e-008, 0.005578125
,,,2.84000004e-008, 0.005367188
,,,2.84400004e-008, 0.005179688
,,,2.84800004e-008, 0.005046875
,,,2.85200004e-008,  0.00490625
,,,2.85600004e-008, 0.004695313
,,,2.86000004e-008, 0.004453125
,,,2.86400004e-008, 0.004179688
,,,2.86800004e-008, 0.003890625
,,,2.87200004e-008, 0.003664063
,,,2.87600004e-008,  0.00334375
,,,2.88000004e-008, 0.003101563
,,,2.88400004e-008, 0.002835938
,,,2.88800004e-008, 0.002476563
,,,2.89200004e-008, 0.002164063
,,,2.89600004e-008, 0.001882813
,,,2.90000004e-008, 0.001546875
,,,2.90400004e-008, 0.001242188
,,,2.90800004e-008, 0.001015625
,,,2.91200004e-008,  0.00084375
,,,2.91600004e-008, 0.000765625
,,,2.92000004e-008,  0.00071875
,,,2.92400004e-008,0.0007890625
,,,2.92800004e-008,0.0008828125
,,,2.93200004e-008, 0.001015625
,,,2.93600004e-008,  0.00109375
,,,2.94000004e-008, 0.001140625
,,,2.94400004e-008,  0.00115625
,,,2.94800004e-008, 0.001171875
,,,2.95200004e-008, 0.001148438
,,,2.95600004e-008, 0.001085938
,,,2.96000004e-008, 0.001054688
,,,2.96400004e-008,0.0009765625
,,,2.96800004e-008,   0.0009375
,,,2.97200004e-008, 0.000859375
,,,2.97600004e-008,   0.0008125
,,,2.98000004e-008,  0.00078125
,,,2.98400004e-008,0.0007890625
,,,2.98800004e-008, 0.000828125
,,,2.99200004e-008,0.0008515625
,,,2.99600004e-008,   0.0009375
,,,3.00000004e-008,0.0009609375
,,,3.00400004e-008, 0.001015625
,,,3.00800004e-008,       0.001
,,,3.01200004e-008, 0.000984375
,,,3.01600004e-008, 0.000890625
,,,3.02000004e-008, 0.000765625
,,,3.02400004e-008,0.0006171875
,,,3.02800004e-008,0.0004453125
,,,3.03200004e-008,     0.00025
,,,3.03600004e-008,5.46875e-005
,,,3.04000004e-008,-0.000171875
,,,3.04400004e-008,-0.000484375
,,,3.04800004e-008,-0.0008046875
,,,3.05200004e-008, -0.00115625
,,,3.05600004e-008,-0.001539063
,,,3.06000004e-008,-0.001835938
,,,3.06400004e-008,  -0.0020625
,,,3.06800004e-008,-0.002164063
,,,3.07200004e-008, -0.00215625
,,,3.07600004e-008,-0.002054688
,,,3.08000004e-008,-0.001890625
,,,3.08400004e-008,-0.001703125
,,,3.08800004e-008,-0.001476563
,,,3.09200004e-008,-0.001320313
,,,3.09600004e-008,-0.001179688
,,,3.10000004e-008,-0.001164063
,,,3.10400004e-008,-0.001179688
,,,3.10800004e-008,-0.001242188
,,,3.11200004e-008,-0.001296875
,,,3.11600004e-008,-0.001359375
,,,3.12000004e-008,-0.001445313
,,,3.12400004e-008,-0.001507813
,,,3.12800004e-008,-0.001546875
,,,3.13200004e-008,   -0.001625
,,,3.13600004e-008,-0.001601563
,,,3.14000004e-008,-0.001546875
,,,3.14400004e-008,-0.001453125
,,,3.14800004e-008,-0.001351563
,,,3.15200004e-008,-0.001226563
,,,3.15600004e-008,-0.001015625
,,,3.16000004e-008,  -0.0008125
,,,3.16400004e-008,-0.0006484375
,,,3.16800004e-008,  -0.0004375
,,,3.17200004e-008,-0.0002578125
,,,3.17600004e-008,-0.0001328125
,,,3.18000004e-008, 1.5625e-005
,,,3.18400004e-008, 7.8125e-006
,,,3.18800004e-008,  3.125e-005
,,,3.19200004e-008, -3.125e-005
,,,3.19600004e-008,-0.0001484375
,,,3.20000004e-008,-0.0002734375
,,,3.20400004e-008,-0.000359375
,,,3.20800004e-008,-0.0004140625
,,,3.21200004e-008, -0.00040625
,,,3.21600004e-008,-0.0002890625
,,,3.22000004e-008,   -0.000125
,,,3.22400004e-008,0.0001953125
,,,3.22800004e-008,0.0005234375
,,,3.23200004e-008,  0.00090625
,,,3.23600004e-008, 0.001296875
,,,3.24000004e-008, 0.001609375
,,,3.24400004e-008, 0.001992188
,,,3.24800004e-008, 0.002351563
,,,3.25200004e-008, 0.002609375
,,,3.25600004e-008,    0.002875
,,,3.26000004e-008, 0.003046875
,,,3.26400004e-008, 0.003195313
,,,3.26800004e-008,  0.00334375
,,,3.27200004e-008, 0.003445313
,,,3.27600004e-008, 0.003601563
,,,3.28000004e-008, 0.003710938
,,,3.28400004e-008,    0.003875
,,,3.28800004e-008, 0.004039063
,,,3.29200004e-008, 0.004265625
,,,3.29600004e-008, 0.004460938
,,,3.30000004e-008,  0.00465625
,,,3.30400004e-008, 0.004835938
,,,3.30800004e-008, 0.005007813
,,,3.31200004e-008,    0.005125
,,,3.31600004e-008, 0.005257813
,,,3.32000004e-008,  0.00534375
,,,3.32400004e-008, 0.005390625
,,,3.32800004e-008, 0.005390625
,,,3.33200004e-008, 0.005320313
,,,3.33600004e-008, 0.005179688
,,,3.34000004e-008,       0.005
,,,3.34400004e-008, 0.004796875
,,,3.34800004e-008,   0.0045625
,,,3.35200004e-008, 0.004273438
,,,3.35600004e-008, 0.004015625
,,,3.36000004e-008, 0.003796875
,,,3.36400004e-008, 0.003570313
,,,3.36800004e-008, 0.003367188
,,,3.37200005e-008, 0.003234375
,,,3.37600005e-008, 0.003109375
,,,3.38000005e-008, 0.003070313
,,,3.38400005e-008, 0.003078125
,,,3.38800005e-008,  0.00315625
,,,3.39200005e-008, 0.003242188
,,,3.39600005e-008, 0.003296875
,,,3.40000005e-008, 0.003390625
,,,3.40400005e-008, 0.003421875
,,,3.40800005e-008, 0.003351563
,,,3.41200005e-008,     0.00325
,,,3.41600005e-008, 0.002976563
,,,3.42000005e-008, 0.002703125
,,,3.42400005e-008, 0.002390625
,,,3.42800005e-008,       0.002
,,,3.43200005e-008, 0.001664063
,,,3.43600005e-008, 0.001320313
,,,3.44000005e-008, 0.000984375
,,,3.44400005e-008,  0.00071875
,,,3.44800005e-008,0.0004609375
,,,3.45200005e-008,  0.00028125
,,,3.45600005e-008,    0.000125
,,,3.46000005e-008,  3.125e-005
,,,3.46400005e-008, 7.8125e-006
,,,3.46800005e-008, 7.8125e-006
,,,3.47200005e-008,           0
,,,3.47600005e-008, 7.8125e-005
,,,3.48000005e-008,0.0001484375
,,,3.48400005e-008,  0.00021875
,,,3.48800005e-008,0.0002734375
,,,3.49200005e-008, 0.000296875
,,,3.49600005e-008, 0.000359375
,,,3.50000005e-008, 0.000328125
,,,3.50400005e-008,  0.00034375
,,,3.50800005e-008, 0.000296875
,,,3.51200005e-008,  0.00021875
,,,3.51600005e-008, 0.000140625
,,,3.52000005e-008,7.03125e-005
,,,3.52400005e-008, -3.125e-005
,,,3.52800005e-008,-0.0001171875
,,,3.53200005e-008, -0.00021875
,,,3.53600005e-008,-0.0001953125
,,,3.54000005e-008,-0.000203125
,,,3.54400005e-008,-0.000171875
,,,3.54800005e-008,-4.6875e-005
,,,3.55200005e-008, 4.6875e-005
,,,3.55600005e-008,  0.00015625
,,,3.56000005e-008,0.0002421875
,,,3.56400005e-008,0.0003046875
,,,3.56800005e-008,0.0003203125
,,,3.57200005e-008,  0.00028125
,,,3.57600005e-008,     0.00025
,,,3.58000005e-008, 0.000171875
,,,3.58400005e-008, 7.8125e-006
,,,3.58800005e-008, -0.00015625
,,,3.59200005e-008,-0.0003203125
,,,3.59600005e-008,     -0.0005
,,,3.60000005e-008,   -0.000625
,,,3.60400005e-008,-0.0007421875
,,,3.60800005e-008, -0.00078125
,,,3.61200005e-008,  -0.0008125
,,,3.61600005e-008,-0.0006953125
,,,3.62000005e-008, -0.00059375
,,,3.62400005e-008, -0.00040625
,,,3.62800005e-008,    -0.00025
,,,3.63200005e-008,-7.8125e-005
,,,3.63600005e-008,5.46875e-005
,,,3.64000005e-008,0.0001953125
,,,3.64400005e-008,0.0002265625
,,,3.64800005e-008,0.0002734375
,,,3.65200005e-008,0.0003359375
,,,3.65600005e-008,0.0003046875
,,,3.66000005e-008,0.0003515625
,,,3.66400005e-008,0.0004609375
,,,3.66800005e-008,  0.00053125
,,,3.67200005e-008,  0.00059375
,,,3.67600005e-008,0.0007109375
,,,3.68000005e-008, 0.000796875
,,,3.68400005e-008,    0.000875
,,,3.68800005e-008,  0.00090625
,,,3.69200005e-008,0.0008828125
,,,3.69600005e-008,0.0008671875
,,,3.70000005e-008,  0.00090625
,,,3.70400005e-008,0.0009453125
,,,3.70800005e-008, 0.001101563
,,,3.71200005e-008, 0.001226563
,,,3.71600005e-008, 0.001414063
,,,3.72000005e-008, 0.001554688
,,,3.72400005e-008, 0.001734375
,,,3.72800005e-008, 0.001851563
,,,3.73200005e-008, 0.001953125
,,,3.73600005e-008, 0.001953125
,,,3.74000005e-008, 0.002015625
,,,3.74400005e-008, 0.002015625
,,,3.74800005e-008,  0.00203125
,,,3.75200005e-008, 0.002132813
,,,3.75600005e-008, 0.002164063
,,,3.76000005e-008, 0.002304688
,,,3.76400005e-008,  0.00246875
,,,3.76800005e-008, 0.002570313
,,,3.77200005e-008, 0.002710938
,,,3.77600005e-008, 0.002867188
,,,3.78000005e-008, 0.002953125
,,,3.78400005e-008, 0.003078125
,,,3.78800005e-008,  0.00315625
,,,3.79200005e-008, 0.003242188
,,,3.79600005e-008, 0.003328125
,,,3.80000005e-008, 0.003335938
,,,3.80400005e-008, 0.003351563
,,,3.80800005e-008, 0.003351563
,,,3.81200005e-008,  0.00334375
,,,3.81600005e-008, 0.003328125
,,,3.82000005e-008, 0.003304688
,,,3.82400005e-008, 0.003257813
,,,3.82800005e-008, 0.003234375
,,,3.83200005e-008,  0.00315625
,,,3.83600005e-008, 0.003039063
,,,3.84000005e-008, 0.002945313
,,,3.84400005e-008, 0.002835938
,,,3.84800005e-008, 0.002726563
,,,3.85200005e-008, 0.002632813
,,,3.85600005e-008,   0.0025625
,,,3.86000005e-008, 0.002515625
,,,3.86400005e-008, 0.002515625
,,,3.86800005e-008, 0.002445313
,,,3.87200005e-008, 0.002429688
,,,3.87600005e-008,    0.002375
,,,3.88000005e-008,    0.002375
,,,3.88400005e-008, 0.002328125
,,,3.88800005e-008, 0.002296875
,,,3.89200005e-008,     0.00225
,,,3.89600005e-008, 0.002140625
,,,3.90000005e-008, 0.002039063
,,,3.90400005e-008, 0.001921875
,,,3.90800005e-008,  0.00178125
,,,3.91200005e-008, 0.001570313
,,,3.91600005e-008, 0.001359375
,,,3.92000005e-008, 0.001226563
,,,3.92400005e-008, 0.001085938
,,,3.92800005e-008,0.0009921875
,,,3.93200005e-008,0.0009453125
,,,3.93600005e-008,   0.0009375
,,,3.94000005e-008,0.0009921875
,,,3.94400005e-008, 0.001054688
,,,3.94800005e-008, 0.001070313
,,,3.95200005e-008,   0.0010625
,,,3.95600005e-008, 0.000984375
,,,3.96000005e-008, 0.000859375
,,,3.96400005e-008,     0.00075
,,,3.96800005e-008,0.0005234375
,,,3.97200005e-008,    0.000375
,,,3.97600005e-008,0.0002578125
,,,3.98000005e-008,0.0001640625
,,,3.98400005e-008, 0.000171875
,,,3.98800005e-008,   0.0001875
,,,3.99200005e-008, 0.000234375
,,,3.99600005e-008,0.0002890625
,,,4.00000005e-008, 0.000390625
,,,4.00400005e-008,  0.00040625
,,,4.00800005e-008,  0.00040625
,,,4.01200005e-008,0.0003671875
,,,4.01600005e-008,0.0003359375
,,,4.02000005e-008,0.0002578125
,,,4.02400005e-008,0.0001796875
,,,4.02800005e-008, 0.000171875
,,,4.03200005e-008,0.0001328125
,,,4.03600005e-008,  0.00021875
,,,4.04000005e-008, 0.000234375
,,,4.04400005e-008,0.0003671875
,,,4.04800005e-008,0.0003984375
,,,4.05200005e-008,0.0004921875
,,,4.05600005e-008,0.0005234375
,,,4.06000005e-008,0.0005703125
,,,4.06400005e-008,0.0006484375
,,,4.06800005e-008,0.0006640625
,,,4.07200005e-008,0.0006484375
,,,4.07600005e-008,0.0006796875
,,,4.08000005e-008, 0.000671875
,,,4.08400005e-008,  0.00065625
,,,4.08800005e-008, 0.000671875
,,,4.09200005e-008, 0.000671875
,,,4.09600005e-008,0.0006953125
,,,4.10000005e-008, 0.000703125
,,,4.10400005e-008,0.0007578125
,,,4.10800005e-008,   0.0008125
,,,4.11200005e-008,0.0008671875
,,,4.11600005e-008,   0.0009375
,,,4.12000006e-008, 0.001015625
,,,4.12400006e-008, 0.001070313
,,,4.12800006e-008, 0.001109375
,,,4.13200006e-008, 0.001148438
,,,4.13600006e-008,    0.001125
,,,4.14000006e-008, 0.001070313
,,,4.14400006e-008,  0.00109375
,,,4.14800006e-008, 0.001101563
,,,4.15200006e-008, 0.001140625
,,,4.15600006e-008, 0.001242188
,,,4.16000006e-008, 0.001320313
,,,4.16400006e-008, 0.001429688
,,,4.16800006e-008, 0.001523438
,,,4.17200006e-008, 0.001648438
,,,4.17600006e-008, 0.001742188
,,,4.18000006e-008, 0.001789063
,,,4.18400006e-008, 0.001867188
,,,4.18800006e-008, 0.001890625
,,,4.19200006e-008, 0.001945313
,,,4.19600006e-008, 0.001953125
,,,4.20000006e-008, 0.001929688
,,,4.20400006e-008, 0.001945313
,,,4.20800006e-008, 0.001984375
,,,4.21200006e-008, 0.001953125
,,,4.21600006e-008, 0.001976563
,,,4.22000006e-008, 0.001953125
,,,4.22400006e-008, 0.001960938
,,,4.22800006e-008, 0.001976563
,,,4.23200006e-008, 0.001960938
,,,4.23600006e-008,  0.00196875
,,,4.24000006e-008, 0.002007813
,,,4.24400006e-008, 0.001984375
,,,4.24800006e-008,  0.00203125
,,,4.25200006e-008,  0.00203125
,,,4.25600006e-008, 0.002078125
,,,4.26000006e-008,   0.0020625
,,,4.26400006e-008, 0.002085938
,,,4.26800006e-008, 0.002101563
,,,4.27200006e-008,  0.00209375
,,,4.27600006e-008, 0.002039063
,,,4.28000006e-008, 0.002015625
,,,4.28400006e-008, 0.001984375
,,,4.28800006e-008, 0.001921875
,,,4.29200006e-008, 0.001835938
,,,4.29600006e-008,     0.00175
,,,4.30000006e-008, 0.001640625
,,,4.30400006e-008, 0.001617188
,,,4.30800006e-008,  0.00153125
,,,4.31200006e-008, 0.001539063
,,,4.31600006e-008,      0.0015
,,,4.32000006e-008, 0.001570313
,,,4.32400006e-008, 0.001601563
,,,4.32800006e-008, 0.001617188
,,,4.33200006e-008,  0.00171875
,,,4.33600006e-008, 0.001742188
,,,4.34000006e-008,     0.00175
,,,4.34400006e-008,  0.00171875
,,,4.34800006e-008,  0.00165625
,,,4.35200006e-008, 0.001617188
,,,4.35600006e-008, 0.001554688
,,,4.36000006e-008, 0.001507813
,,,4.36400006e-008, 0.001421875
,,,4.36800006e-008, 0.001390625
,,,4.37200006e-008, 0.001335938
,,,4.37600006e-008,  0.00128125
,,,4.38000006e-008,  0.00121875
,,,4.38400006e-008, 0.001140625
,,,4.38800006e-008, 0.001085938
,,,4.39200006e-008,    0.001125
,,,4.39600006e-008, 0.001085938
,,,4.40000006e-008, 0.001101563
,,,4.40400006e-008, 0.001054688
,,,4.40800006e-008, 0.001117188
,,,4.41200006e-008,   0.0010625
,,,4.41600006e-008, 0.001039063
,,,4.42000006e-008,0.0009765625
,,,4.42400006e-008,0.0009609375
,,,4.42800006e-008, 0.000859375
,,,4.43200006e-008, 0.000828125
,,,4.43600006e-008, 0.000796875
,,,4.44000006e-008,0.0008203125
,,,4.44400006e-008,  0.00078125
,,,4.44800006e-008, 0.000796875
,,,4.45200006e-008, 0.000703125
,,,4.45600006e-008,  0.00065625
,,,4.46000006e-008,  0.00065625
,,,4.46400006e-008,  0.00065625
,,,4.46800006e-008, 0.000703125
,,,4.47200006e-008,0.0007734375
,,,4.47600006e-008, 0.000890625
,,,4.48000006e-008, 0.000953125
,,,4.48400006e-008, 0.001046875
,,,4.48800006e-008, 0.001070313
,,,4.49200006e-008, 0.001117188
,,,4.49600006e-008, 0.001101563
,,,4.50000006e-008, 0.001039063
,,,4.50400006e-008, 0.000953125
,,,4.50800006e-008,0.0009453125
,,,4.51200006e-008, 0.000890625
,,,4.51600006e-008,0.0008671875
,,,4.52000006e-008,0.0008515625
,,,4.52400006e-008,0.0008984375
,,,4.52800006e-008,0.0008671875
,,,4.53200006e-008,0.0008984375
,,,4.53600006e-008, 0.000859375
,,,4.54000006e-008, 0.000828125
,,,4.54400006e-008, 0.000796875
,,,4.54800006e-008, 0.000765625
,,,4.55200006e-008, 0.000765625
,,,4.55600006e-008,0.0008359375
,,,4.56000006e-008,   0.0009375
,,,4.56400006e-008, 0.001054688
,,,4.56800006e-008, 0.001234375
,,,4.57200006e-008, 0.001367188
,,,4.57600006e-008, 0.001515625
,,,4.58000006e-008, 0.001578125
,,,4.58400006e-008, 0.001648438
,,,4.58800006e-008, 0.001648438
,,,4.59200006e-008, 0.001617188
,,,4.59600006e-008,    0.001625
,,,4.60000006e-008, 0.001546875
,,,4.60400006e-008, 0.001546875
,,,4.60800006e-008, 0.001554688
,,,4.61200006e-008, 0.001578125
,,,4.61600006e-008, 0.001617188
,,,4.62000006e-008, 0.001664063
,,,4.62400006e-008, 0.001679688
,,,4.62800006e-008, 0.001671875
,,,4.63200006e-008, 0.001679688
,,,4.63600006e-008, 0.001648438
,,,4.64000006e-008, 0.001601563
,,,4.64400006e-008, 0.001601563
,,,4.64800006e-008, 0.001578125
,,,4.65200006e-008, 0.001554688
,,,4.65600006e-008, 0.001539063
,,,4.66000006e-008, 0.001523438
,,,4.66400006e-008, 0.001539063
,,,4.66800006e-008, 0.001585938
,,,4.67200006e-008, 0.001648438
,,,4.67600006e-008, 0.001671875
,,,4.68000006e-008, 0.001773438
,,,4.68400006e-008, 0.001851563
,,,4.68800006e-008, 0.001921875
,,,4.69200006e-008,   0.0019375
,,,4.69600006e-008, 0.001992188
,,,4.70000006e-008,  0.00203125
,,,4.70400006e-008, 0.002101563
,,,4.70800006e-008, 0.002171875
,,,4.71200006e-008, 0.002242188
,,,4.71600006e-008, 0.002242188
,,,4.72000006e-008,   0.0023125
,,,4.72400006e-008, 0.002320313
,,,4.72800006e-008, 0.002320313
,,,4.73200006e-008,  0.00228125
,,,4.73600006e-008,     0.00225
,,,4.74000006e-008, 0.002148438
,,,4.74400006e-008, 0.002054688
,,,4.74800006e-008, 0.001992188
,,,4.75200006e-008, 0.001859375
,,,4.75600006e-008, 0.001726563
,,,4.76000006e-008, 0.001570313
,,,4.76400006e-008, 0.001460938
,,,4.76800006e-008, 0.001359375
,,,4.77200006e-008, 0.001242188
,,,4.77600006e-008, 0.001203125
,,,4.78000006e-008,   0.0011875
,,,4.78400006e-008,     0.00125
,,,4.78800006e-008, 0.001320313
,,,4.79200006e-008, 0.001382813
,,,4.79600006e-008, 0.001414063
,,,4.80000006e-008, 0.001453125
,,,4.80400006e-008, 0.001460938
,,,4.80800006e-008, 0.001453125
,,,4.81200006e-008, 0.001429688
,,,4.81600006e-008,   0.0014375
,,,4.82000006e-008, 0.001484375
,,,4.82400006e-008, 0.001492188
,,,4.82800006e-008,      0.0015
,,,4.83200006e-008, 0.001523438
,,,4.83600006e-008,      0.0015
,,,4.84000006e-008, 0.001523438
,,,4.84400006e-008, 0.001421875
,,,4.84800006e-008, 0.001414063
,,,4.85200006e-008, 0.001398438
,,,4.85600006e-008, 0.001359375
,,,4.86000006e-008, 0.001390625
,,,4.86400006e-008, 0.001367188
,,,4.86800006e-008, 0.001382813
,,,4.87200007e-008, 0.001335938
,,,4.87600007e-008,  0.00134375
,,,4.88000007e-008, 0.001367188
,,,4.88400007e-008, 0.001351563
,,,4.88800007e-008, 0.001382813
,,,4.89200007e-008, 0.001367188
,,,4.89600007e-008, 0.001367188
,,,4.90000007e-008, 0.001359375
,,,4.90400007e-008, 0.001257813
,,,4.90800007e-008, 0.001140625
,,,4.91200007e-008, 0.001039063
,,,4.91600007e-008,0.0009453125
,,,4.92000007e-008, 0.000828125
,,,4.92400007e-008,     0.00075
,,,4.92800007e-008,0.0007109375
,,,4.93200007e-008,     0.00075
,,,4.93600007e-008,0.0008203125
,,,4.94000007e-008, 0.000953125
,,,4.94400007e-008, 0.001039063
,,,4.94800007e-008, 0.001109375
,,,4.95200007e-008,   0.0011875
,,,4.95600007e-008, 0.001265625
,,,4.96000007e-008, 0.001273438
,,,4.96400007e-008, 0.001320313
,,,4.96800007e-008, 0.001273438
,,,4.97200007e-008, 0.001242188
,,,4.97600007e-008, 0.001171875
,,,4.98000007e-008, 0.001046875
,,,4.98400007e-008, 0.000953125
,,,4.98800007e-008, 0.000859375
,,,4.99200007e-008,   0.0008125
,,,4.99600007e-008,     0.00075
,,,5.00000007e-008,0.0006796875
,,,5.00400007e-008,0.0006640625
,,,5.00800007e-008,    0.000625
,,,5.01200007e-008,   0.0005625
,,,5.01600007e-008,0.0005703125
,,,5.02000007e-008,0.0005703125
,,,5.02400007e-008,0.0006171875
,,,5.02800007e-008,  0.00065625
,,,5.03200007e-008,0.0007421875
,,,5.03600007e-008, 0.000890625
,,,5.04000007e-008, 0.001007813
,,,5.04400007e-008, 0.001109375
,,,5.04800007e-008, 0.001210938
,,,5.05200007e-008, 0.001289063
,,,5.05600007e-008,  0.00134375
,,,5.06000007e-008,    0.001375
,,,5.06400007e-008, 0.001414063
,,,5.06800007e-008, 0.001429688
,,,5.07200007e-008, 0.001453125
,,,5.07600007e-008, 0.001484375
,,,5.08000007e-008,      0.0015
,,,5.08400007e-008,      0.0015
,,,5.08800007e-008, 0.001507813
,,,5.09200007e-008, 0.001429688
,,,5.09600007e-008, 0.001367188
,,,5.10000007e-008, 0.001296875
,,,5.10400007e-008, 0.001234375
,,,5.10800007e-008, 0.001195313
,,,5.11200007e-008,   0.0011875
,,,5.11600007e-008, 0.001234375
,,,5.12000007e-008,  0.00128125
,,,5.12400007e-008, 0.001328125
,,,5.12800007e-008, 0.001382813
,,,5.13200007e-008, 0.001460938
,,,5.13600007e-008,   0.0015625
,,,5.14000007e-008, 0.001585938
,,,5.14400007e-008,   0.0016875
,,,5.14800007e-008, 0.001773438
,,,5.15200007e-008,  0.00178125
,,,5.15600007e-008, 0.001882813
,,,5.16000007e-008, 0.001914063
,,,5.16400007e-008, 0.001929688
,,,5.16800007e-008,   0.0019375
,,,5.17200007e-008, 0.001867188
,,,5.17600007e-008, 0.001828125
,,,5.18000007e-008, 0.001757813
,,,5.18400007e-008, 0.001726563
,,,5.18800007e-008, 0.001671875
,,,5.19200007e-008, 0.001648438
,,,5.19600007e-008, 0.001640625
,,,5.20000007e-008, 0.001640625
,,,5.20400007e-008, 0.001640625
,,,5.20800007e-008, 0.001648438
,,,5.21200007e-008,  0.00165625
,,,5.21600007e-008, 0.001664063
,,,5.22000007e-008, 0.001671875
,,,5.22400007e-008, 0.001679688
,,,5.22800007e-008, 0.001679688
,,,5.23200007e-008,     0.00175
,,,5.23600007e-008,   0.0018125
,,,5.24000007e-008, 0.001882813
,,,5.24400007e-008, 0.001914063
,,,5.24800007e-008, 0.001953125
,,,5.25200007e-008, 0.001960938
,,,5.25600007e-008, 0.001953125
,,,5.26000007e-008, 0.001898438
,,,5.26400007e-008, 0.001820313
,,,5.26800007e-008, 0.001710938
,,,5.27200007e-008, 0.001617188
,,,5.27600007e-008, 0.001484375
,,,5.28000007e-008,  0.00140625
,,,5.28400007e-008, 0.001328125
,,,5.28800007e-008, 0.001289063
,,,5.29200007e-008, 0.001296875
,,,5.29600007e-008, 0.001296875
,,,5.30000007e-008, 0.001320313
,,,5.30400007e-008, 0.001367188
,,,5.30800007e-008, 0.001398438
,,,5.31200007e-008, 0.001421875
,,,5.31600007e-008,  0.00146875
,,,5.32000007e-008,   0.0014375
,,,5.32400007e-008, 0.001398438
,,,5.32800007e-008, 0.001328125
,,,5.33200007e-008,     0.00125
,,,5.33600007e-008, 0.001164063
,,,5.34000007e-008,   0.0011875
,,,5.34400007e-008,    0.001125
,,,5.34800007e-008, 0.001085938
,,,5.35200007e-008, 0.001085938
,,,5.35600007e-008, 0.001109375
,,,5.36000007e-008,   0.0010625
,,,5.36400007e-008, 0.001054688
,,,5.36800007e-008,  0.00103125
,,,5.37200007e-008, 0.001023438
,,,5.37600007e-008, 0.001054688
,,,5.38000007e-008, 0.001015625
,,,5.38400007e-008, 0.001085938
,,,5.38800007e-008,    0.001125
,,,5.39200007e-008, 0.001171875
,,,5.39600007e-008,     0.00125
,,,5.40000007e-008, 0.001382813
,,,5.40400007e-008, 0.001476563
,,,5.40800007e-008, 0.001515625
,,,5.41200007e-008, 0.001523438
,,,5.41600007e-008, 0.001507813
,,,5.42000007e-008, 0.001398438
,,,5.42400007e-008, 0.001304688
,,,5.42800007e-008, 0.001210938
,,,5.43200007e-008,    0.001125
,,,5.43600007e-008, 0.001070313
,,,5.44000007e-008, 0.001078125
,,,5.44400007e-008, 0.001054688
,,,5.44800007e-008, 0.001109375
,,,5.45200007e-008, 0.001085938
,,,5.45600007e-008, 0.001148438
,,,5.46000007e-008, 0.001070313
,,,5.46400007e-008, 0.001085938
,,,5.46800007e-008, 0.001046875
,,,5.47200007e-008,  0.00109375
,,,5.47600007e-008, 0.001117188
,,,5.48000007e-008, 0.001132813
,,,5.48400007e-008,   0.0011875
,,,5.48800007e-008, 0.001273438
,,,5.49200007e-008, 0.001289063
,,,5.49600007e-008, 0.001265625
,,,5.50000007e-008, 0.001257813
,,,5.50400007e-008, 0.001195313
,,,5.50800007e-008, 0.001140625
,,,5.51200007e-008, 0.001109375
,,,5.51600007e-008, 0.001078125
,,,5.52000007e-008, 0.001039063
,,,5.52400007e-008, 0.001015625
,,,5.52800007e-008,0.0009921875
,,,5.53200007e-008, 0.001039063
,,,5.53600007e-008, 0.001015625
,,,5.54000007e-008, 0.001007813
,,,5.54400007e-008,   0.0009375
,,,5.54800007e-008,0.0009296875
,,,5.55200007e-008,0.0009140625
,,,5.55600007e-008, 0.000890625
,,,5.56000007e-008,0.0008671875
,,,5.56400007e-008,0.0009453125
,,,5.56800007e-008, 0.001007813
,,,5.57200007e-008, 0.001109375
,,,5.57600007e-008,   0.0011875
,,,5.58000007e-008, 0.001242188
,,,5.58400007e-008, 0.001304688
,,,5.58800007e-008, 0.001351563
,,,5.59200007e-008, 0.001328125
,,,5.59600007e-008, 0.001304688
,,,5.60000007e-008, 0.001265625
,,,5.60400007e-008, 0.001226563
,,,5.60800007e-008, 0.001226563
,,,5.61200007e-008, 0.001226563
,,,5.61600007e-008, 0.001289063
,,,5.62000008e-008, 0.001304688
,,,5.62400008e-008, 0.001367188
,,,5.62800008e-008, 0.001429688
,,,5.63200008e-008,  0.00140625
,,,5.63600008e-008, 0.001421875
,,,5.64000008e-008, 0.001398438
,,,5.64400008e-008, 0.001382813
,,,5.64800008e-008, 0.001367188
,,,5.65200008e-008,  0.00134375
,,,5.65600008e-008,   0.0013125
,,,5.66000008e-008, 0.001257813
,,,5.66400008e-008, 0.001226563
,,,5.66800008e-008, 0.001257813
,,,5.67200008e-008, 0.001203125
,,,5.67600008e-008, 0.001273438
,,,5.68000008e-008, 0.001359375
,,,5.68400008e-008, 0.001476563
,,,5.68800008e-008, 0.001585938
,,,5.69200008e-008, 0.001632813
,,,5.69600008e-008, 0.001671875
,,,5.70000008e-008, 0.001632813
,,,5.70400008e-008, 0.001601563
,,,5.70800008e-008, 0.001460938
,,,5.71200008e-008, 0.001453125
,,,5.71600008e-008, 0.001367188
,,,5.72000008e-008, 0.001382813
,,,5.72400008e-008, 0.001460938
,,,5.72800008e-008, 0.001515625
,,,5.73200008e-008, 0.001585938
,,,5.73600008e-008,  0.00165625
,,,5.74000008e-008,  0.00171875
,,,5.74400008e-008,  0.00171875
,,,5.74800008e-008, 0.001648438
,,,5.75200008e-008, 0.001640625
,,,5.75600008e-008,   0.0015625
,,,5.76000008e-008, 0.001507813
,,,5.76400008e-008,  0.00153125
,,,5.76800008e-008, 0.001484375
,,,5.77200008e-008,  0.00146875
,,,5.77600008e-008, 0.001523438
,,,5.78000008e-008, 0.001453125
,,,5.78400008e-008, 0.001484375
,,,5.78800008e-008, 0.001507813
,,,5.79200008e-008, 0.001523438
,,,5.79600008e-008, 0.001609375
,,,5.80000008e-008, 0.001617188
,,,5.80400008e-008, 0.001679688
,,,5.80800008e-008, 0.001664063
,,,5.81200008e-008, 0.001664063
,,,5.81600008e-008, 0.001617188
,,,5.82000008e-008, 0.001632813
,,,5.82400008e-008, 0.001546875
,,,5.82800008e-008, 0.001484375
,,,5.83200008e-008,   0.0015625
,,,5.83600008e-008,   0.0015625
,,,5.84000008e-008, 0.001609375
,,,5.84400008e-008, 0.001695313
,,,5.84800008e-008,   0.0016875
,,,5.85200008e-008, 0.001679688
,,,5.85600008e-008,  0.00165625
,,,5.86000008e-008, 0.001585938
,,,5.86400008e-008, 0.001523438
,,,5.86800008e-008, 0.001476563
,,,5.87200008e-008,   0.0014375
,,,5.87600008e-008, 0.001390625
,,,5.88000008e-008, 0.001414063
,,,5.88400008e-008, 0.001429688
,,,5.88800008e-008,   0.0014375
,,,5.89200008e-008,   0.0014375
,,,5.89600008e-008,  0.00140625
,,,5.90000008e-008, 0.001351563
,,,5.90400008e-008, 0.001304688
,,,5.90800008e-008, 0.001257813
,,,5.91200008e-008, 0.001195313
,,,5.91600008e-008,  0.00115625
,,,5.92000008e-008,   0.0011875
,,,5.92400008e-008, 0.001210938
,,,5.92800008e-008,     0.00125
,,,5.93200008e-008,  0.00128125
,,,5.93600008e-008, 0.001265625
,,,5.94000008e-008, 0.001257813
,,,5.94400008e-008, 0.001265625
,,,5.94800008e-008, 0.001273438
,,,5.95200008e-008, 0.001226563
,,,5.95600008e-008, 0.001203125
,,,5.96000008e-008, 0.001210938
,,,5.96400008e-008,   0.0011875
,,,5.96800008e-008, 0.001148438
,,,5.97200008e-008,    0.001125
,,,5.97600008e-008, 0.001117188
,,,5.98000008e-008, 0.001054688
,,,5.98400008e-008, 0.001046875
,,,5.98800008e-008, 0.001015625
,,,5.99200008e-008, 0.001101563
,,,5.99600008e-008,    0.001125
,,,6.00000008e-008, 0.001203125
,,,6.00400008e-008, 0.001242188
,,,6.00800008e-008, 0.001320313
,,,6.01200008e-008, 0.001289063
,,,6.01600008e-008, 0.001289063
,,,6.02000008e-008, 0.001242188
,,,6.02400008e-008, 0.001210938
,,,6.02800008e-008, 0.001195313
,,,6.03200008e-008, 0.001164063
,,,6.03600008e-008,  0.00115625
,,,6.04000008e-008,  0.00121875
,,,6.04400008e-008, 0.001265625
,,,6.04800008e-008,  0.00128125
,,,6.05200008e-008, 0.001328125
,,,6.05600008e-008, 0.001257813
,,,6.06000008e-008,     0.00125
,,,6.06400008e-008, 0.001257813
,,,6.06800008e-008, 0.001210938
,,,6.07200008e-008, 0.001171875
,,,6.07600008e-008,  0.00115625
,,,6.08000008e-008,    0.001125
,,,6.08400008e-008, 0.001148438
,,,6.08800008e-008, 0.001195313
,,,6.09200008e-008,   0.0011875
,,,6.09600008e-008,     0.00125
,,,6.10000008e-008, 0.001273438
,,,6.10400008e-008, 0.001296875
,,,6.10800008e-008, 0.001328125
,,,6.11200008e-008, 0.001296875
,,,6.11600008e-008, 0.001273438
,,,6.12000008e-008, 0.001265625
,,,6.12400008e-008, 0.001265625
,,,6.12800008e-008,     0.00125
,,,6.13200008e-008, 0.001203125
,,,6.13600008e-008, 0.001210938
,,,6.14000008e-008, 0.001203125
,,,6.14400008e-008, 0.001179688
,,,6.14800008e-008,  0.00115625
,,,6.15200008e-008, 0.001195313
,,,6.15600008e-008, 0.001171875
,,,6.16000008e-008, 0.001195313
,,,6.16400008e-008, 0.001273438
,,,6.16800008e-008, 0.001328125
,,,6.17200008e-008,  0.00134375
,,,6.17600008e-008, 0.001328125
,,,6.18000008e-008, 0.001320313
,,,6.18400008e-008,  0.00128125
,,,6.18800008e-008, 0.001226563
,,,6.19200008e-008, 0.001171875
,,,6.19600008e-008, 0.001140625
,,,6.20000008e-008,  0.00109375
,,,6.20400008e-008, 0.001085938
,,,6.20800008e-008, 0.001132813
,,,6.21200008e-008, 0.001140625
,,,6.21600008e-008, 0.001140625
,,,6.22000008e-008, 0.001226563
,,,6.22400008e-008, 0.001226563
,,,6.22800008e-008, 0.001296875
,,,6.23200008e-008, 0.001265625
,,,6.23600008e-008, 0.001335938
,,,6.24000008e-008,    0.001375
,,,6.24400008e-008, 0.001351563
,,,6.24800008e-008, 0.001390625
,,,6.25200008e-008,  0.00134375
,,,6.25600008e-008, 0.001296875
,,,6.26000008e-008, 0.001242188
,,,6.26400008e-008,  0.00121875
,,,6.26800008e-008, 0.001257813
,,,6.27200008e-008, 0.001265625
,,,6.27600008e-008, 0.001367188
,,,6.28000008e-008, 0.001492188
,,,6.28400008e-008,   0.0015625
,,,6.28800008e-008, 0.001609375
,,,6.29200008e-008,  0.00165625
,,,6.29600008e-008, 0.001617188
,,,6.30000008e-008,  0.00159375
,,,6.30400008e-008, 0.001515625
,,,6.30800008e-008, 0.001398438
,,,6.31200008e-008, 0.001390625
,,,6.31600008e-008, 0.001335938
,,,6.32000008e-008, 0.001421875
,,,6.32400008e-008, 0.001523438
,,,6.32800008e-008,   0.0015625
,,,6.33200008e-008, 0.001695313
,,,6.33600008e-008,  0.00171875
,,,6.34000008e-008, 0.001789063
,,,6.34400008e-008,  0.00178125
,,,6.34800008e-008, 0.001726563
,,,6.35200008e-008, 0.001671875
,,,6.35600008e-008, 0.001609375
,,,6.36000008e-008, 0.001539063
,,,6.36400008e-008, 0.001539063
,,,6.36800009e-008, 0.001539063
,,,6.37200009e-008, 0.001554688
,,,6.37600009e-008, 0.001585938
,,,6.38000009e-008, 0.001570313
,,,6.38400009e-008,    0.001625
,,,6.38800009e-008, 0.001632813
,,,6.39200009e-008, 0.001679688
,,,6.39600009e-008, 0.001671875
,,,6.40000009e-008, 0.001679688
,,,6.40400009e-008, 0.001742188
,,,6.40800009e-008,  0.00178125
,,,6.41200009e-008, 0.001796875
,,,6.41600009e-008,   0.0018125
,,,6.42000009e-008, 0.001734375
,,,6.42400009e-008, 0.001726563
,,,6.42800009e-008,    0.001625
,,,6.43200009e-008, 0.001546875
,,,6.43600009e-008,  0.00146875
,,,6.44000009e-008,   0.0014375
,,,6.44400009e-008, 0.001429688
,,,6.44800009e-008, 0.001367188
,,,6.45200009e-008,  0.00140625
,,,6.45600009e-008, 0.001414063
,,,6.46000009e-008, 0.001484375
,,,6.46400009e-008, 0.001445313
,,,6.46800009e-008, 0.001460938
,,,6.47200009e-008, 0.001460938
,,,6.47600009e-008, 0.001421875
,,,6.48000009e-008, 0.001414063
,,,6.48400009e-008, 0.001390625
,,,6.48800009e-008, 0.001335938
,,,6.49200009e-008, 0.001320313
,,,6.49600009e-008, 0.001335938
,,,6.50000009e-008, 0.001320313
,,,6.50400009e-008, 0.001304688
,,,6.50800009e-008, 0.001257813
,,,6.51200009e-008, 0.001195313
,,,6.51600009e-008, 0.001148438
,,,6.52000009e-008,  0.00109375
,,,6.52400009e-008, 0.001046875
,,,6.52800009e-008,  0.00103125
,,,6.53200009e-008, 0.001046875
,,,6.53600009e-008, 0.001078125
,,,6.54000009e-008, 0.001070313
,,,6.54400009e-008, 0.001054688
,,,6.54800009e-008, 0.001101563
,,,6.55200009e-008,   0.0010625
,,,6.55600009e-008, 0.001054688
,,,6.56000009e-008, 0.001039063
,,,6.56400009e-008,       0.001
,,,6.56800009e-008, 0.001007813
,,,6.57200009e-008, 0.001039063
,,,6.57600009e-008,  0.00103125
,,,6.58000009e-008, 0.001078125
,,,6.58400009e-008,  0.00103125
,,,6.58800009e-008, 0.001039063
,,,6.59200009e-008, 0.001015625
,,,6.59600009e-008,0.0009921875
,,,6.60000009e-008,0.0009609375
,,,6.60400009e-008,       0.001
,,,6.60800009e-008, 0.001054688
,,,6.61200009e-008,  0.00109375
,,,6.61600009e-008,   0.0011875
,,,6.62000009e-008, 0.001257813
,,,6.62400009e-008,   0.0013125
,,,6.62800009e-008, 0.001367188
,,,6.63200009e-008,  0.00134375
,,,6.63600009e-008, 0.001304688
,,,6.64000009e-008, 0.001289063
,,,6.64400009e-008, 0.001234375
,,,6.64800009e-008, 0.001171875
,,,6.65200009e-008, 0.001140625
,,,6.65600009e-008, 0.001140625
,,,6.66000009e-008, 0.001117188
,,,6.66400009e-008, 0.001140625
,,,6.66800009e-008, 0.001171875
,,,6.67200009e-008, 0.001210938
,,,6.67600009e-008, 0.001242188
,,,6.68000009e-008, 0.001335938
,,,6.68400009e-008,  0.00134375
,,,6.68800009e-008, 0.001382813
,,,6.69200009e-008, 0.001390625
,,,6.69600009e-008, 0.001367188
,,,6.70000009e-008, 0.001390625
,,,6.70400009e-008, 0.001359375
,,,6.70800009e-008, 0.001304688
,,,6.71200009e-008, 0.001320313
,,,6.71600009e-008, 0.001320313
,,,6.72000009e-008, 0.001367188
,,,6.72400009e-008, 0.001382813
,,,6.72800009e-008,  0.00140625
,,,6.73200009e-008, 0.001429688
,,,6.73600009e-008, 0.001421875
,,,6.74000009e-008, 0.001421875
,,,6.74400009e-008, 0.001398438
,,,6.74800009e-008, 0.001351563
,,,6.75200009e-008,   0.0013125
,,,6.75600009e-008, 0.001320313
,,,6.76000009e-008,  0.00134375
,,,6.76400009e-008,  0.00140625
,,,6.76800009e-008, 0.001453125
,,,6.77200009e-008, 0.001554688
,,,6.77600009e-008,  0.00165625
,,,6.78000009e-008, 0.001734375
,,,6.78400009e-008, 0.001804688
,,,6.78800009e-008, 0.001859375
,,,6.79200009e-008,    0.001875
,,,6.79600009e-008, 0.001851563
,,,6.80000009e-008, 0.001890625
,,,6.80400009e-008,    0.001875
,,,6.80800009e-008, 0.001851563
,,,6.81200009e-008,  0.00184375
,,,6.81600009e-008, 0.001882813
,,,6.82000009e-008, 0.001835938
,,,6.82400009e-008, 0.001859375
,,,6.82800009e-008,  0.00184375
,,,6.83200009e-008, 0.001820313
,,,6.83600009e-008,   0.0018125
,,,6.84000009e-008, 0.001789063
,,,6.84400009e-008, 0.001789063
,,,6.84800009e-008, 0.001734375
,,,6.85200009e-008,   0.0016875
,,,6.85600009e-008, 0.001664063
,,,6.86000009e-008, 0.001601563
,,,6.86400009e-008, 0.001523438
,,,6.86800009e-008, 0.001476563
,,,6.87200009e-008,  0.00146875
,,,6.87600009e-008, 0.001484375
,,,6.88000009e-008, 0.001507813
,,,6.88400009e-008, 0.001578125
,,,6.88800009e-008,  0.00159375
,,,6.89200009e-008, 0.001640625
,,,6.89600009e-008, 0.001617188
,,,6.90000009e-008, 0.001601563
,,,6.90400009e-008, 0.001554688
,,,6.90800009e-008,  0.00153125
,,,6.91200009e-008, 0.001507813
,,,6.91600009e-008, 0.001429688
,,,6.92000009e-008, 0.001414063
,,,6.92400009e-008, 0.001445313
,,,6.92800009e-008, 0.001484375
,,,6.93200009e-008, 0.001507813
,,,6.93600009e-008, 0.001539063
,,,6.94000009e-008, 0.001523438
,,,6.94400009e-008, 0.001515625
,,,6.94800009e-008, 0.001429688
,,,6.95200009e-008,   0.0013125
,,,6.95600009e-008, 0.001203125
,,,6.96000009e-008, 0.001078125
,,,6.96400009e-008,   0.0009375
,,,6.96800009e-008,0.0008828125
,,,6.97200009e-008,0.0008515625
,,,6.97600009e-008,0.0008515625
,,,6.98000009e-008,0.0008671875
,,,6.98400009e-008,  0.00090625
,,,6.98800009e-008, 0.000953125
,,,6.99200009e-008, 0.000921875
,,,6.99600009e-008,  0.00090625
,,,7.00000009e-008,0.0008828125
