"Record Length",2500,"Points",-2.99600004e-008,-0.001992188
"Sample Interval",4.00000005e-011,s,-2.99200004e-008,-0.002023438
"Trigger Point",749,"Samples",-2.98800004e-008,-0.002015625
"Trigger Time",           0,s,-2.98400004e-008,  -0.0019375
"",,,-2.98000004e-008,-0.001898438
"Horizontal Offset",-3.00000004e-008,s,-2.97600004e-008,-0.001835938
,,,-2.97200004e-008,-0.001820313
,,,-2.96800004e-008, -0.00178125
,,,-2.96400004e-008,-0.001804688
,,,-2.96000004e-008,-0.001789063
,,,-2.95600004e-008,-0.001804688
,,,-2.95200004e-008,-0.001789063
,,,-2.94800004e-008, -0.00178125
,,,-2.94400004e-008, -0.00178125
,,,-2.94000004e-008,-0.001773438
,,,-2.93600004e-008,-0.001789063
,,,-2.93200004e-008,-0.001773438
,,,-2.92800004e-008,-0.001757813
,,,-2.92400004e-008,-0.001765625
,,,-2.92000004e-008,-0.001734375
,,,-2.91600004e-008,-0.001757813
,,,-2.91200004e-008,-0.001695313
,,,-2.90800004e-008,  -0.0016875
,,,-2.90400004e-008,-0.001679688
,,,-2.90000004e-008,  -0.0016875
,,,-2.89600004e-008,-0.001710938
,,,-2.89200004e-008,-0.001742188
,,,-2.88800004e-008,-0.001765625
,,,-2.88400004e-008,-0.001789063
,,,-2.88000004e-008,-0.001859375
,,,-2.87600004e-008,-0.001859375
,,,-2.87200004e-008,-0.001890625
,,,-2.86800004e-008,   -0.001875
,,,-2.86400004e-008,-0.001914063
,,,-2.86000004e-008,  -0.0019375
,,,-2.85600004e-008, -0.00190625
,,,-2.85200004e-008,  -0.0019375
,,,-2.84800004e-008, -0.00190625
,,,-2.84400004e-008,-0.001929688
,,,-2.84000004e-008, -0.00196875
,,,-2.83600004e-008,-0.001984375
,,,-2.83200004e-008,-0.001992188
,,,-2.82800004e-008,-0.002007813
,,,-2.82400004e-008,-0.002046875
,,,-2.82000004e-008,-0.002046875
,,,-2.81600004e-008,-0.002085938
,,,-2.81200004e-008,-0.002101563
,,,-2.80800004e-008,-0.002101563
,,,-2.80400004e-008,-0.002046875
,,,-2.80000004e-008, -0.00203125
,,,-2.79600004e-008,-0.002046875
,,,-2.79200004e-008,-0.002046875
,,,-2.78800004e-008, -0.00203125
,,,-2.78400004e-008,-0.002070313
,,,-2.78000004e-008, -0.00203125
,,,-2.77600004e-008,-0.002015625
,,,-2.77200004e-008,-0.001945313
,,,-2.76800004e-008,  -0.0019375
,,,-2.76400004e-008,-0.001859375
,,,-2.76000004e-008,-0.001757813
,,,-2.75600004e-008,-0.001742188
,,,-2.75200004e-008,-0.001679688
,,,-2.74800004e-008,-0.001710938
,,,-2.74400004e-008,-0.001726563
,,,-2.74000004e-008,-0.001765625
,,,-2.73600004e-008,-0.001859375
,,,-2.73200004e-008,-0.001867188
,,,-2.72800004e-008,-0.001929688
,,,-2.72400004e-008,-0.001929688
,,,-2.72000004e-008,-0.001945313
,,,-2.71600004e-008,  -0.0019375
,,,-2.71200004e-008,-0.001921875
,,,-2.70800004e-008,-0.001851563
,,,-2.70400004e-008,-0.001796875
,,,-2.70000004e-008,    -0.00175
,,,-2.69600004e-008,-0.001765625
,,,-2.69200004e-008,-0.001773438
,,,-2.68800004e-008, -0.00178125
,,,-2.68400004e-008,  -0.0018125
,,,-2.68000004e-008,-0.001835938
,,,-2.67600004e-008,-0.001859375
,,,-2.67200004e-008, -0.00190625
,,,-2.66800004e-008,-0.001882813
,,,-2.66400004e-008,-0.001859375
,,,-2.66000004e-008,-0.001890625
,,,-2.65600004e-008,-0.001898438
,,,-2.65200004e-008,-0.001867188
,,,-2.64800004e-008, -0.00184375
,,,-2.64400004e-008,-0.001882813
,,,-2.64000004e-008,   -0.001875
,,,-2.63600004e-008,-0.001867188
,,,-2.63200004e-008,-0.001882813
,,,-2.62800004e-008,-0.001945313
,,,-2.62400004e-008,-0.001898438
,,,-2.62000003e-008, -0.00196875
,,,-2.61600003e-008,      -0.002
,,,-2.61200003e-008,-0.002007813
,,,-2.60800003e-008,-0.002039063
,,,-2.60400003e-008,-0.002007813
,,,-2.60000003e-008,-0.002007813
,,,-2.59600003e-008,  -0.0019375
,,,-2.59200003e-008,-0.001945313
,,,-2.58800003e-008,-0.001921875
,,,-2.58400003e-008,-0.001914063
,,,-2.58000003e-008,   -0.001875
,,,-2.57600003e-008,-0.001882813
,,,-2.57200003e-008,-0.001898438
,,,-2.56800003e-008, -0.00190625
,,,-2.56400003e-008,-0.001929688
,,,-2.56000003e-008,-0.001960938
,,,-2.55600003e-008,-0.002007813
,,,-2.55200003e-008,-0.002007813
,,,-2.54800003e-008,-0.002054688
,,,-2.54400003e-008, -0.00203125
,,,-2.54000003e-008,-0.002015625
,,,-2.53600003e-008,      -0.002
,,,-2.53200003e-008,-0.001984375
,,,-2.52800003e-008,-0.001921875
,,,-2.52400003e-008, -0.00184375
,,,-2.52000003e-008,-0.001828125
,,,-2.51600003e-008,-0.001835938
,,,-2.51200003e-008,-0.001835938
,,,-2.50800003e-008,-0.001882813
,,,-2.50400003e-008, -0.00190625
,,,-2.50000003e-008,-0.001976563
,,,-2.49600003e-008, -0.00203125
,,,-2.49200003e-008,-0.002054688
,,,-2.48800003e-008,-0.002070313
,,,-2.48400003e-008,-0.002046875
,,,-2.48000003e-008,-0.002015625
,,,-2.47600003e-008,      -0.002
,,,-2.47200003e-008,-0.002015625
,,,-2.46800003e-008,-0.001976563
,,,-2.46400003e-008,-0.001945313
,,,-2.46000003e-008,-0.001953125
,,,-2.45600003e-008,-0.001898438
,,,-2.45200003e-008,   -0.001875
,,,-2.44800003e-008, -0.00184375
,,,-2.44400003e-008,-0.001851563
,,,-2.44000003e-008,  -0.0018125
,,,-2.43600003e-008,-0.001851563
,,,-2.43200003e-008,   -0.001875
,,,-2.42800003e-008,   -0.001875
,,,-2.42400003e-008,-0.001929688
,,,-2.42000003e-008,-0.001945313
,,,-2.41600003e-008,-0.001984375
,,,-2.41200003e-008,-0.001976563
,,,-2.40800003e-008,-0.001992188
,,,-2.40400003e-008,-0.001953125
,,,-2.40000003e-008,-0.001960938
,,,-2.39600003e-008,-0.001945313
,,,-2.39200003e-008,-0.001929688
,,,-2.38800003e-008,   -0.001875
,,,-2.38400003e-008,-0.001867188
,,,-2.38000003e-008,-0.001851563
,,,-2.37600003e-008,-0.001867188
,,,-2.37200003e-008,-0.001882813
,,,-2.36800003e-008, -0.00190625
,,,-2.36400003e-008,-0.001914063
,,,-2.36000003e-008,-0.001953125
,,,-2.35600003e-008,-0.001960938
,,,-2.35200003e-008,-0.002023438
,,,-2.34800003e-008,-0.002023438
,,,-2.34400003e-008,      -0.002
,,,-2.34000003e-008, -0.00196875
,,,-2.33600003e-008,-0.001914063
,,,-2.33200003e-008,-0.001929688
,,,-2.32800003e-008, -0.00184375
,,,-2.32400003e-008,-0.001898438
,,,-2.32000003e-008,-0.001867188
,,,-2.31600003e-008,-0.001882813
,,,-2.31200003e-008,-0.001953125
,,,-2.30800003e-008,  -0.0019375
,,,-2.30400003e-008,-0.001914063
,,,-2.30000003e-008,-0.001851563
,,,-2.29600003e-008,-0.001835938
,,,-2.29200003e-008,-0.001773438
,,,-2.28800003e-008,-0.001726563
,,,-2.28400003e-008, -0.00171875
,,,-2.28000003e-008,  -0.0016875
,,,-2.27600003e-008,-0.001734375
,,,-2.27200003e-008,-0.001765625
,,,-2.26800003e-008,-0.001828125
,,,-2.26400003e-008,-0.001828125
,,,-2.26000003e-008,-0.001890625
,,,-2.25600003e-008,-0.001890625
,,,-2.25200003e-008,-0.001953125
,,,-2.24800003e-008,-0.001945313
,,,-2.24400003e-008, -0.00196875
,,,-2.24000003e-008,-0.001984375
,,,-2.23600003e-008,-0.002070313
,,,-2.23200003e-008,  -0.0020625
,,,-2.22800003e-008,-0.002078125
,,,-2.22400003e-008,-0.002039063
,,,-2.22000003e-008, -0.00196875
,,,-2.21600003e-008,-0.001914063
,,,-2.21200003e-008, -0.00184375
,,,-2.20800003e-008,-0.001796875
,,,-2.20400003e-008, -0.00178125
,,,-2.20000003e-008,-0.001765625
,,,-2.19600003e-008,-0.001828125
,,,-2.19200003e-008,-0.001859375
,,,-2.18800003e-008,-0.001914063
,,,-2.18400003e-008,-0.001890625
,,,-2.18000003e-008,  -0.0019375
,,,-2.17600003e-008, -0.00190625
,,,-2.17200003e-008, -0.00190625
,,,-2.16800003e-008,-0.001898438
,,,-2.16400003e-008,-0.001921875
,,,-2.16000003e-008, -0.00196875
,,,-2.15600003e-008,-0.001992188
,,,-2.15200003e-008,-0.002054688
,,,-2.14800003e-008,-0.002085938
,,,-2.14400003e-008, -0.00209375
,,,-2.14000003e-008,-0.002085938
,,,-2.13600003e-008,-0.002070313
,,,-2.13200003e-008, -0.00203125
,,,-2.12800003e-008,      -0.002
,,,-2.12400003e-008,-0.001960938
,,,-2.12000003e-008,-0.001945313
,,,-2.11600003e-008,-0.001960938
,,,-2.11200003e-008,-0.001976563
,,,-2.10800003e-008,-0.001976563
,,,-2.10400003e-008,-0.001976563
,,,-2.10000003e-008,-0.001992188
,,,-2.09600003e-008, -0.00203125
,,,-2.09200003e-008,-0.002085938
,,,-2.08800003e-008,-0.002117188
,,,-2.08400003e-008,-0.002117188
,,,-2.08000003e-008,-0.002148438
,,,-2.07600003e-008,-0.002140625
,,,-2.07200003e-008,-0.002171875
,,,-2.06800003e-008,   -0.002125
,,,-2.06400003e-008,-0.002078125
,,,-2.06000003e-008,  -0.0020625
,,,-2.05600003e-008,-0.002015625
,,,-2.05200003e-008,-0.002023438
,,,-2.04800003e-008,-0.002015625
,,,-2.04400003e-008,-0.002039063
,,,-2.04000003e-008,-0.002039063
,,,-2.03600003e-008,      -0.002
,,,-2.03200003e-008,-0.002039063
,,,-2.02800003e-008,-0.001992188
,,,-2.02400003e-008,-0.001960938
,,,-2.02000003e-008,-0.001960938
,,,-2.01600003e-008,-0.001945313
,,,-2.01200003e-008,-0.001953125
,,,-2.00800003e-008,  -0.0019375
,,,-2.00400003e-008,-0.001882813
,,,-2.00000003e-008,-0.001867188
,,,-1.99600003e-008,-0.001789063
,,,-1.99200003e-008,    -0.00175
,,,-1.98800003e-008,-0.001742188
,,,-1.98400003e-008,-0.001773438
,,,-1.98000003e-008,-0.001765625
,,,-1.97600003e-008,  -0.0018125
,,,-1.97200003e-008,-0.001851563
,,,-1.96800003e-008,-0.001859375
,,,-1.96400003e-008,   -0.001875
,,,-1.96000003e-008,-0.001898438
,,,-1.95600003e-008,-0.001882813
,,,-1.95200003e-008,-0.001890625
,,,-1.94800003e-008,-0.001851563
,,,-1.94400003e-008,-0.001828125
,,,-1.94000003e-008,-0.001851563
,,,-1.93600003e-008,-0.001882813
,,,-1.93200003e-008,-0.001890625
,,,-1.92800003e-008,-0.001898438
,,,-1.92400003e-008,-0.001882813
,,,-1.92000003e-008,-0.001898438
,,,-1.91600003e-008,-0.001914063
,,,-1.91200003e-008, -0.00190625
,,,-1.90800003e-008,-0.001945313
,,,-1.90400003e-008,-0.001929688
,,,-1.90000003e-008,-0.001929688
,,,-1.89600003e-008,-0.001945313
,,,-1.89200003e-008,-0.001953125
,,,-1.88800003e-008,-0.001898438
,,,-1.88400003e-008,   -0.001875
,,,-1.88000003e-008, -0.00178125
,,,-1.87600003e-008,-0.001828125
,,,-1.87200002e-008,-0.001789063
,,,-1.86800002e-008,-0.001757813
,,,-1.86400002e-008,-0.001820313
,,,-1.86000002e-008,-0.001804688
,,,-1.85600002e-008, -0.00184375
,,,-1.85200002e-008,-0.001820313
,,,-1.84800002e-008,  -0.0018125
,,,-1.84400002e-008, -0.00178125
,,,-1.84000002e-008,-0.001710938
,,,-1.83600002e-008,-0.001703125
,,,-1.83200002e-008,-0.001726563
,,,-1.82800002e-008,-0.001703125
,,,-1.82400002e-008, -0.00178125
,,,-1.82000002e-008,-0.001789063
,,,-1.81600002e-008,-0.001859375
,,,-1.81200002e-008,-0.001898438
,,,-1.80800002e-008, -0.00190625
,,,-1.80400002e-008,-0.001882813
,,,-1.80000002e-008,-0.001859375
,,,-1.79600002e-008,-0.001828125
,,,-1.79200002e-008,-0.001828125
,,,-1.78800002e-008,-0.001765625
,,,-1.78400002e-008,-0.001773438
,,,-1.78000002e-008,-0.001765625
,,,-1.77600002e-008,-0.001796875
,,,-1.77200002e-008, -0.00184375
,,,-1.76800002e-008,-0.001882813
,,,-1.76400002e-008,-0.001882813
,,,-1.76000002e-008,-0.001921875
,,,-1.75600002e-008,-0.001914063
,,,-1.75200002e-008, -0.00196875
,,,-1.74800002e-008,  -0.0019375
,,,-1.74400002e-008,-0.001945313
,,,-1.74000002e-008,-0.001929688
,,,-1.73600002e-008,-0.001921875
,,,-1.73200002e-008,-0.001921875
,,,-1.72800002e-008,-0.001929688
,,,-1.72400002e-008,-0.001929688
,,,-1.72000002e-008,-0.001992188
,,,-1.71600002e-008,-0.001984375
,,,-1.71200002e-008, -0.00196875
,,,-1.70800002e-008,-0.001992188
,,,-1.70400002e-008,-0.001890625
,,,-1.70000002e-008,  -0.0018125
,,,-1.69600002e-008,-0.001710938
,,,-1.69200002e-008,-0.001648438
,,,-1.68800002e-008,-0.001632813
,,,-1.68400002e-008,-0.001609375
,,,-1.68000002e-008,-0.001679688
,,,-1.67600002e-008,-0.001742188
,,,-1.67200002e-008,-0.001867188
,,,-1.66800002e-008,  -0.0019375
,,,-1.66400002e-008,-0.002007813
,,,-1.66000002e-008,-0.001976563
,,,-1.65600002e-008,-0.002039063
,,,-1.65200002e-008,-0.002039063
,,,-1.64800002e-008,-0.002023438
,,,-1.64400002e-008,-0.001976563
,,,-1.64000002e-008,-0.002023438
,,,-1.63600002e-008, -0.00203125
,,,-1.63200002e-008,-0.002101563
,,,-1.62800002e-008,-0.002078125
,,,-1.62400002e-008,-0.001992188
,,,-1.62000002e-008,-0.001992188
,,,-1.61600002e-008,-0.001914063
,,,-1.61200002e-008,-0.001882813
,,,-1.60800002e-008,-0.001804688
,,,-1.60400002e-008, -0.00171875
,,,-1.60000002e-008,-0.001679688
,,,-1.59600002e-008,-0.001671875
,,,-1.59200002e-008,-0.001617188
,,,-1.58800002e-008,-0.001679688
,,,-1.58400002e-008,  -0.0016875
,,,-1.58000002e-008,  -0.0016875
,,,-1.57600002e-008,-0.001710938
,,,-1.57200002e-008,-0.001789063
,,,-1.56800002e-008,-0.001796875
,,,-1.56400002e-008,-0.001796875
,,,-1.56000002e-008, -0.00184375
,,,-1.55600002e-008,-0.001882813
,,,-1.55200002e-008, -0.00184375
,,,-1.54800002e-008,   -0.001875
,,,-1.54400002e-008,  -0.0018125
,,,-1.54000002e-008,  -0.0018125
,,,-1.53600002e-008,-0.001796875
,,,-1.53200002e-008,-0.001789063
,,,-1.52800002e-008, -0.00178125
,,,-1.52400002e-008,-0.001835938
,,,-1.52000002e-008,-0.001882813
,,,-1.51600002e-008,-0.001929688
,,,-1.51200002e-008,-0.001976563
,,,-1.50800002e-008, -0.00196875
,,,-1.50400002e-008,-0.001976563
,,,-1.50000002e-008,-0.001984375
,,,-1.49600002e-008,-0.001992188
,,,-1.49200002e-008,-0.001976563
,,,-1.48800002e-008,-0.001976563
,,,-1.48400002e-008,-0.001929688
,,,-1.48000002e-008,-0.001820313
,,,-1.47600002e-008,-0.001804688
,,,-1.47200002e-008,    -0.00175
,,,-1.46800002e-008,-0.001734375
,,,-1.46400002e-008,-0.001726563
,,,-1.46000002e-008,-0.001703125
,,,-1.45600002e-008, -0.00171875
,,,-1.45200002e-008,-0.001742188
,,,-1.44800002e-008,-0.001765625
,,,-1.44400002e-008,-0.001820313
,,,-1.44000002e-008,-0.001835938
,,,-1.43600002e-008,-0.001867188
,,,-1.43200002e-008,-0.001882813
,,,-1.42800002e-008,-0.001867188
,,,-1.42400002e-008,-0.001820313
,,,-1.42000002e-008,-0.001820313
,,,-1.41600002e-008,-0.001789063
,,,-1.41200002e-008,-0.001765625
,,,-1.40800002e-008, -0.00178125
,,,-1.40400002e-008,-0.001757813
,,,-1.40000002e-008, -0.00178125
,,,-1.39600002e-008,-0.001789063
,,,-1.39200002e-008,-0.001835938
,,,-1.38800002e-008,-0.001867188
,,,-1.38400002e-008,-0.001898438
,,,-1.38000002e-008, -0.00190625
,,,-1.37600002e-008,-0.001914063
,,,-1.37200002e-008,-0.001914063
,,,-1.36800002e-008,-0.001882813
,,,-1.36400002e-008,-0.001796875
,,,-1.36000002e-008,-0.001789063
,,,-1.35600002e-008,-0.001789063
,,,-1.35200002e-008,-0.001789063
,,,-1.34800002e-008,-0.001789063
,,,-1.34400002e-008,-0.001828125
,,,-1.34000002e-008,-0.001851563
,,,-1.33600002e-008,   -0.001875
,,,-1.33200002e-008, -0.00190625
,,,-1.32800002e-008,-0.001882813
,,,-1.32400002e-008,-0.001851563
,,,-1.32000002e-008,-0.001882813
,,,-1.31600002e-008,-0.001898438
,,,-1.31200002e-008,-0.001851563
,,,-1.30800002e-008,   -0.001875
,,,-1.30400002e-008,-0.001804688
,,,-1.30000002e-008,-0.001757813
,,,-1.29600002e-008, -0.00171875
,,,-1.29200002e-008,  -0.0016875
,,,-1.28800002e-008,-0.001695313
,,,-1.28400002e-008,-0.001726563
,,,-1.28000002e-008,    -0.00175
,,,-1.27600002e-008,-0.001804688
,,,-1.27200002e-008,-0.001835938
,,,-1.26800002e-008,-0.001867188
,,,-1.26400002e-008,-0.001804688
,,,-1.26000002e-008,-0.001773438
,,,-1.25600002e-008,-0.001710938
,,,-1.25200002e-008,-0.001648438
,,,-1.24800002e-008, -0.00159375
,,,-1.24400002e-008,-0.001679688
,,,-1.24000002e-008,-0.001734375
,,,-1.23600002e-008,-0.001867188
,,,-1.23200002e-008,-0.001984375
,,,-1.22800002e-008,-0.002140625
,,,-1.22400002e-008,-0.002132813
,,,-1.22000002e-008,-0.002171875
,,,-1.21600002e-008,-0.002070313
,,,-1.21200002e-008,-0.002007813
,,,-1.20800002e-008,-0.001882813
,,,-1.20400002e-008,-0.001757813
,,,-1.20000002e-008, -0.00171875
,,,-1.19600002e-008,-0.001726563
,,,-1.19200002e-008,    -0.00175
,,,-1.18800002e-008, -0.00184375
,,,-1.18400002e-008,-0.001890625
,,,-1.18000002e-008, -0.00196875
,,,-1.17600002e-008,-0.001992188
,,,-1.17200002e-008,-0.002046875
,,,-1.16800002e-008,-0.002007813
,,,-1.16400002e-008,-0.001984375
,,,-1.16000002e-008,-0.001953125
,,,-1.15600002e-008, -0.00190625
,,,-1.15200002e-008,-0.001867188
,,,-1.14800002e-008, -0.00184375
,,,-1.14400002e-008, -0.00184375
,,,-1.14000002e-008,-0.001804688
,,,-1.13600002e-008,-0.001796875
,,,-1.13200002e-008,-0.001828125
,,,-1.12800002e-008,-0.001789063
,,,-1.12400002e-008,-0.001804688
,,,-1.12000001e-008,  -0.0018125
,,,-1.11600001e-008,  -0.0018125
,,,-1.11200001e-008,-0.001796875
,,,-1.10800001e-008,  -0.0018125
,,,-1.10400001e-008,-0.001835938
,,,-1.10000001e-008,  -0.0018125
,,,-1.09600001e-008, -0.00184375
,,,-1.09200001e-008,-0.001820313
,,,-1.08800001e-008,-0.001828125
,,,-1.08400001e-008,-0.001867188
,,,-1.08000001e-008,-0.001859375
,,,-1.07600001e-008,   -0.001875
,,,-1.07200001e-008, -0.00190625
,,,-1.06800001e-008,-0.001914063
,,,-1.06400001e-008,   -0.001875
,,,-1.06000001e-008,-0.001898438
,,,-1.05600001e-008,-0.001882813
,,,-1.05200001e-008, -0.00190625
,,,-1.04800001e-008,-0.001867188
,,,-1.04400001e-008,-0.001851563
,,,-1.04000001e-008,-0.001859375
,,,-1.03600001e-008,-0.001851563
,,,-1.03200001e-008,-0.001820313
,,,-1.02800001e-008,-0.001804688
,,,-1.02400001e-008,-0.001804688
,,,-1.02000001e-008,  -0.0018125
,,,-1.01600001e-008,-0.001765625
,,,-1.01200001e-008,-0.001804688
,,,-1.00800001e-008, -0.00178125
,,,-1.00400001e-008,-0.001789063
,,,-1.00000001e-008,-0.001734375
,,,-9.96000013e-009, -0.00178125
,,,-9.92000013e-009,-0.001789063
,,,-9.88000013e-009, -0.00178125
,,,-9.84000013e-009,-0.001796875
,,,-9.80000013e-009,-0.001859375
,,,-9.76000013e-009,-0.001851563
,,,-9.72000013e-009,-0.001882813
,,,-9.68000013e-009,-0.001960938
,,,-9.64000013e-009, -0.00196875
,,,-9.60000013e-009,-0.002046875
,,,-9.56000013e-009,-0.002085938
,,,-9.52000013e-009,-0.002132813
,,,-9.48000013e-009,-0.002148438
,,,-9.44000013e-009,  -0.0020625
,,,-9.40000013e-009,      -0.002
,,,-9.36000012e-009,   -0.001875
,,,-9.32000012e-009,-0.001796875
,,,-9.28000012e-009, -0.00171875
,,,-9.24000012e-009,-0.001710938
,,,-9.20000012e-009,-0.001648438
,,,-9.16000012e-009,-0.001679688
,,,-9.12000012e-009, -0.00171875
,,,-9.08000012e-009,-0.001773438
,,,-9.04000012e-009,  -0.0018125
,,,-9.00000012e-009,-0.001804688
,,,-8.96000012e-009,-0.001867188
,,,-8.92000012e-009,-0.001828125
,,,-8.88000012e-009,-0.001828125
,,,-8.84000012e-009,    -0.00175
,,,-8.80000012e-009,-0.001726563
,,,-8.76000012e-009,-0.001726563
,,,-8.72000012e-009,    -0.00175
,,,-8.68000012e-009, -0.00178125
,,,-8.64000012e-009, -0.00184375
,,,-8.60000011e-009,-0.001890625
,,,-8.56000011e-009,-0.001953125
,,,-8.52000011e-009,-0.001960938
,,,-8.48000011e-009,-0.001914063
,,,-8.44000011e-009,  -0.0019375
,,,-8.40000011e-009,-0.001921875
,,,-8.36000011e-009, -0.00184375
,,,-8.32000011e-009,-0.001804688
,,,-8.28000011e-009,-0.001804688
,,,-8.24000011e-009,-0.001796875
,,,-8.20000011e-009,-0.001789063
,,,-8.16000011e-009,-0.001859375
,,,-8.12000011e-009,-0.001835938
,,,-8.08000011e-009,   -0.001875
,,,-8.04000011e-009,-0.001851563
,,,-8.00000011e-009,-0.001867188
,,,-7.96000011e-009,-0.001890625
,,,-7.92000011e-009,-0.001820313
,,,-7.88000011e-009,-0.001851563
,,,-7.8400001e-009,-0.001859375
,,,-7.8000001e-009,-0.001828125
,,,-7.7600001e-009,-0.001890625
,,,-7.7200001e-009,-0.001890625
,,,-7.6800001e-009,-0.001898438
,,,-7.6400001e-009,-0.001929688
,,,-7.6000001e-009,-0.001882813
,,,-7.5600001e-009,-0.001867188
,,,-7.5200001e-009,   -0.001875
,,,-7.4800001e-009,-0.001828125
,,,-7.4400001e-009, -0.00184375
,,,-7.4000001e-009,-0.001835938
,,,-7.3600001e-009,-0.001898438
,,,-7.3200001e-009,-0.001914063
,,,-7.2800001e-009, -0.00196875
,,,-7.2400001e-009,-0.001992188
,,,-7.2000001e-009,-0.002046875
,,,-7.1600001e-009,-0.002015625
,,,-7.1200001e-009,-0.002023438
,,,-7.08000009e-009,-0.002023438
,,,-7.04000009e-009,-0.001960938
,,,-7.00000009e-009, -0.00196875
,,,-6.96000009e-009,-0.001921875
,,,-6.92000009e-009,  -0.0019375
,,,-6.88000009e-009, -0.00196875
,,,-6.84000009e-009,-0.001992188
,,,-6.80000009e-009,-0.002007813
,,,-6.76000009e-009,-0.001992188
,,,-6.72000009e-009,-0.001992188
,,,-6.68000009e-009,  -0.0019375
,,,-6.64000009e-009,-0.001890625
,,,-6.60000009e-009,   -0.001875
,,,-6.56000009e-009,-0.001820313
,,,-6.52000009e-009,-0.001796875
,,,-6.48000009e-009,-0.001820313
,,,-6.44000009e-009,-0.001859375
,,,-6.40000009e-009,-0.001914063
,,,-6.36000008e-009, -0.00196875
,,,-6.32000008e-009,-0.001976563
,,,-6.28000008e-009,-0.002039063
,,,-6.24000008e-009,-0.002015625
,,,-6.20000008e-009,      -0.002
,,,-6.16000008e-009,-0.001984375
,,,-6.12000008e-009,-0.002046875
,,,-6.08000008e-009, -0.00203125
,,,-6.04000008e-009, -0.00203125
,,,-6.00000008e-009,-0.002054688
,,,-5.96000008e-009,-0.002046875
,,,-5.92000008e-009,-0.002023438
,,,-5.88000008e-009,-0.001984375
,,,-5.84000008e-009,-0.001914063
,,,-5.80000008e-009,-0.001882813
,,,-5.76000008e-009,-0.001851563
,,,-5.72000008e-009,-0.001789063
,,,-5.68000008e-009, -0.00178125
,,,-5.64000008e-009,  -0.0018125
,,,-5.60000007e-009,-0.001835938
,,,-5.56000007e-009,-0.001828125
,,,-5.52000007e-009,-0.001828125
,,,-5.48000007e-009,  -0.0018125
,,,-5.44000007e-009,-0.001757813
,,,-5.40000007e-009,-0.001742188
,,,-5.36000007e-009,-0.001734375
,,,-5.32000007e-009,-0.001703125
,,,-5.28000007e-009,-0.001679688
,,,-5.24000007e-009,-0.001710938
,,,-5.20000007e-009,-0.001664063
,,,-5.16000007e-009,-0.001695313
,,,-5.12000007e-009,-0.001710938
,,,-5.08000007e-009,-0.001710938
,,,-5.04000007e-009,-0.001726563
,,,-5.00000007e-009, -0.00171875
,,,-4.96000007e-009,-0.001742188
,,,-4.92000007e-009,-0.001789063
,,,-4.88000007e-009,  -0.0018125
,,,-4.84000006e-009,-0.001882813
,,,-4.80000006e-009, -0.00190625
,,,-4.76000006e-009,-0.001929688
,,,-4.72000006e-009, -0.00190625
,,,-4.68000006e-009,   -0.001875
,,,-4.64000006e-009,-0.001859375
,,,-4.60000006e-009, -0.00184375
,,,-4.56000006e-009,-0.001859375
,,,-4.52000006e-009,-0.001890625
,,,-4.48000006e-009,-0.001882813
,,,-4.44000006e-009,-0.001945313
,,,-4.40000006e-009, -0.00196875
,,,-4.36000006e-009,-0.002015625
,,,-4.32000006e-009,-0.002007813
,,,-4.28000006e-009,      -0.002
,,,-4.24000006e-009,-0.001929688
,,,-4.20000006e-009,-0.001890625
,,,-4.16000006e-009,  -0.0018125
,,,-4.12000006e-009,-0.001820313
,,,-4.08000005e-009, -0.00178125
,,,-4.04000005e-009,-0.001835938
,,,-4.00000005e-009,-0.001859375
,,,-3.96000005e-009,  -0.0019375
,,,-3.92000005e-009,      -0.002
,,,-3.88000005e-009,-0.001960938
,,,-3.84000005e-009,-0.001992188
,,,-3.80000005e-009,-0.001960938
,,,-3.76000005e-009,-0.002007813
,,,-3.72000005e-009,-0.001953125
,,,-3.68000005e-009,-0.001976563
,,,-3.64000005e-009,-0.001945313
,,,-3.60000005e-009,-0.001976563
,,,-3.56000005e-009,-0.001960938
,,,-3.52000005e-009,-0.001960938
,,,-3.48000005e-009,-0.001898438
,,,-3.44000005e-009,-0.001835938
,,,-3.40000005e-009, -0.00178125
,,,-3.36000004e-009,-0.001703125
,,,-3.32000004e-009,-0.001695313
,,,-3.28000004e-009,-0.001648438
,,,-3.24000004e-009,-0.001679688
,,,-3.20000004e-009,-0.001632813
,,,-3.16000004e-009,-0.001695313
,,,-3.12000004e-009,-0.001726563
,,,-3.08000004e-009,-0.001773438
,,,-3.04000004e-009,-0.001828125
,,,-3.00000004e-009,-0.001867188
,,,-2.96000004e-009,-0.001890625
,,,-2.92000004e-009,-0.001921875
,,,-2.88000004e-009,   -0.001875
,,,-2.84000004e-009,-0.001898438
,,,-2.80000004e-009, -0.00184375
,,,-2.76000004e-009,-0.001835938
,,,-2.72000004e-009,-0.001765625
,,,-2.68000004e-009,-0.001710938
,,,-2.64000004e-009,-0.001703125
,,,-2.60000003e-009,-0.001726563
,,,-2.56000003e-009,-0.001765625
,,,-2.52000003e-009,-0.001820313
,,,-2.48000003e-009,-0.001882813
,,,-2.44000003e-009,-0.001898438
,,,-2.40000003e-009,  -0.0019375
,,,-2.36000003e-009, -0.00196875
,,,-2.32000003e-009,-0.001992188
,,,-2.28000003e-009,-0.001953125
,,,-2.24000003e-009,-0.001898438
,,,-2.20000003e-009,-0.001867188
,,,-2.16000003e-009,-0.001828125
,,,-2.12000003e-009,-0.001796875
,,,-2.08000003e-009,-0.001765625
,,,-2.04000003e-009,-0.001742188
,,,-2.00000003e-009,  -0.0016875
,,,-1.96000003e-009,-0.001664063
,,,-1.92000003e-009, -0.00165625
,,,-1.88000003e-009,-0.001695313
,,,-1.84000002e-009,-0.001671875
,,,-1.80000002e-009,  -0.0016875
,,,-1.76000002e-009,-0.001726563
,,,-1.72000002e-009,-0.001742188
,,,-1.68000002e-009,-0.001773438
,,,-1.64000002e-009,-0.001820313
,,,-1.60000002e-009,-0.001820313
,,,-1.56000002e-009,-0.001851563
,,,-1.52000002e-009,-0.001882813
,,,-1.48000002e-009,-0.001890625
,,,-1.44000002e-009,-0.001882813
,,,-1.40000002e-009,-0.001921875
,,,-1.36000002e-009,   -0.001875
,,,-1.32000002e-009, -0.00184375
,,,-1.28000002e-009,-0.001828125
,,,-1.24000002e-009,-0.001734375
,,,-1.20000002e-009,-0.001679688
,,,-1.16000002e-009, -0.00165625
,,,-1.12000001e-009,-0.001617188
,,,-1.08000001e-009,-0.001617188
,,,-1.04000001e-009, -0.00165625
,,,-1.00000001e-009,-0.001664063
,,,-9.60000013e-010,-0.001710938
,,,-9.20000012e-010,-0.001734375
,,,-8.80000012e-010,-0.001710938
,,,-8.40000011e-010, -0.00178125
,,,-8.00000011e-010,-0.001703125
,,,-7.6000001e-010, -0.00165625
,,,-7.2000001e-010,-0.001601563
,,,-6.80000009e-010,-0.001523438
,,,-6.40000009e-010,-0.001546875
,,,-6.00000008e-010,-0.001507813
,,,-5.60000007e-010,-0.001460938
,,,-5.20000007e-010,-0.001539063
,,,-4.80000006e-010,-0.001632813
,,,-4.40000006e-010,-0.001703125
,,,-4.00000005e-010,-0.001835938
,,,-3.60000005e-010,-0.001992188
,,,-3.20000004e-010,-0.002164063
,,,-2.80000004e-010,-0.002351563
,,,-2.40000003e-010, -0.00253125
,,,-2.00000003e-010,-0.002695313
,,,-1.60000002e-010,-0.002859375
,,,-1.20000002e-010,      -0.003
,,,-8.00000011e-011,-0.003085938
,,,-4.00000005e-011,   -0.003125
,,,           0, -0.00309375
,,,4.00000005e-011, -0.00296875
,,,8.00000011e-011,    -0.00275
,,,1.20000002e-010,-0.002492188
,,,1.60000002e-010,-0.002179688
,,,2.00000003e-010, -0.00184375
,,,2.40000003e-010, -0.00146875
,,,2.80000004e-010,-0.001148438
,,,3.20000004e-010,-0.0008828125
,,,3.60000005e-010,-0.0007421875
,,,4.00000005e-010,-0.000703125
,,,4.40000006e-010,  -0.0008125
,,,4.80000006e-010, -0.00115625
,,,5.20000007e-010,-0.001710938
,,,5.60000007e-010,-0.002570313
,,,6.00000008e-010,-0.003679688
,,,6.40000009e-010,-0.005078125
,,,6.80000009e-010, -0.00671875
,,,7.2000001e-010,-0.008554688
,,,7.6000001e-010, -0.01046875
,,,8.00000011e-010,  -0.0123125
,,,8.40000011e-010, -0.01405469
,,,8.80000012e-010, -0.01548438
,,,9.20000012e-010, -0.01647656
,,,9.60000013e-010,   -0.016875
,,,1.00000001e-009, -0.01645313
,,,1.04000001e-009, -0.01509375
,,,1.08000001e-009, -0.01266406
,,,1.12000001e-009,-0.008976563
,,,1.16000002e-009,-0.003976563
,,,1.20000002e-009,  0.00234375
,,,1.24000002e-009, 0.009921875
,,,1.28000002e-009,  0.01849219
,,,1.32000002e-009,  0.02776563
,,,1.36000002e-009,  0.03744531
,,,1.40000002e-009,  0.04699219
,,,1.44000002e-009,  0.05595313
,,,1.48000002e-009,  0.06378907
,,,1.52000002e-009,  0.06999219
,,,1.56000002e-009,    0.074125
,,,1.60000002e-009,  0.07569532
,,,1.64000002e-009,  0.07432032
,,,1.68000002e-009,  0.06970313
,,,1.72000002e-009,  0.06167969
,,,1.76000002e-009,  0.05017969
,,,1.80000002e-009,  0.03534375
,,,1.84000002e-009,  0.01744531
,,,1.88000003e-009,-0.002992188
,,,1.92000003e-009, -0.02523438
,,,1.96000003e-009, -0.04853125
,,,2.00000003e-009, -0.07198438
,,,2.04000003e-009, -0.09467969
,,,2.08000003e-009,  -0.1154453
,,,2.12000003e-009,  -0.1334375
,,,2.16000003e-009,  -0.1477734
,,,2.20000003e-009,  -0.1575313
,,,2.24000003e-009,    -0.16225
,,,2.28000003e-009,  -0.1615156
,,,2.32000003e-009,  -0.1552031
,,,2.36000003e-009,  -0.1434922
,,,2.40000003e-009,  -0.1266953
,,,2.44000003e-009,  -0.1055859
,,,2.48000003e-009, -0.08096094
,,,2.52000003e-009, -0.05391407
,,,2.56000003e-009, -0.02563281
,,,2.60000003e-009, 0.002765625
,,,2.64000004e-009,  0.03002344
,,,2.68000004e-009,  0.05511719
,,,2.72000004e-009,  0.07709375
,,,2.76000004e-009,  0.09517969
,,,2.80000004e-009,   0.1088359
,,,2.84000004e-009,   0.1178047
,,,2.88000004e-009,   0.1219688
,,,2.92000004e-009,   0.1215781
,,,2.96000004e-009,   0.1171406
,,,3.00000004e-009,   0.1092266
,,,3.04000004e-009,     0.09875
,,,3.08000004e-009,  0.08661719
,,,3.12000004e-009,  0.07374219
,,,3.16000004e-009,  0.06117188
,,,3.20000004e-009,  0.04955469
,,,3.24000004e-009,  0.03974219
,,,3.28000004e-009,  0.03203125
,,,3.32000004e-009,  0.02680469
,,,3.36000004e-009,  0.02410156
,,,3.40000005e-009,    0.023625
,,,3.44000005e-009,  0.02497656
,,,3.48000005e-009,  0.02766406
,,,3.52000005e-009,  0.03096875
,,,3.56000005e-009,  0.03413281
,,,3.60000005e-009,  0.03653906
,,,3.64000005e-009,  0.03747656
,,,3.68000005e-009,  0.03646094
,,,3.72000005e-009,  0.03317188
,,,3.76000005e-009,  0.02755469
,,,3.80000005e-009,  0.01969531
,,,3.84000005e-009, 0.009835938
,,,3.88000005e-009, -0.00159375
,,,3.92000005e-009, -0.01392969
,,,3.96000005e-009, -0.02658594
,,,4.00000005e-009,    -0.03875
,,,4.04000005e-009, -0.04982813
,,,4.08000005e-009, -0.05914844
,,,4.12000006e-009,   -0.066375
,,,4.16000006e-009, -0.07110938
,,,4.20000006e-009, -0.07321094
,,,4.24000006e-009, -0.07285938
,,,4.28000006e-009, -0.07021875
,,,4.32000006e-009, -0.06582032
,,,4.36000006e-009, -0.06014063
,,,4.40000006e-009, -0.05377344
,,,4.44000006e-009, -0.04733594
,,,4.48000006e-009, -0.04139063
,,,4.52000006e-009, -0.03649219
,,,4.56000006e-009, -0.03292969
,,,4.60000006e-009, -0.03100781
,,,4.64000006e-009, -0.03078125
,,,4.68000006e-009, -0.03209375
,,,4.72000006e-009, -0.03477344
,,,4.76000006e-009, -0.03841406
,,,4.80000006e-009,   -0.042375
,,,4.84000006e-009, -0.04610156
,,,4.88000007e-009, -0.04908594
,,,4.92000007e-009,    -0.05075
,,,4.96000007e-009, -0.05073438
,,,5.00000007e-009, -0.04871094
,,,5.04000007e-009,  -0.0446875
,,,5.08000007e-009, -0.03875781
,,,5.12000007e-009, -0.03117188
,,,5.16000007e-009,  -0.0223125
,,,5.20000007e-009, -0.01269531
,,,5.24000007e-009,-0.002921875
,,,5.28000007e-009, 0.006484375
,,,5.32000007e-009,  0.01503906
,,,5.36000007e-009,  0.02227344
,,,5.40000007e-009,  0.02782031
,,,5.44000007e-009,  0.03153125
,,,5.48000007e-009,   0.0333125
,,,5.52000007e-009,   0.0333125
,,,5.56000007e-009,  0.03185156
,,,5.60000007e-009,  0.02917188
,,,5.64000008e-009,  0.02586719
,,,5.68000008e-009,  0.02242188
,,,5.72000008e-009,  0.01933594
,,,5.76000008e-009,  0.01704688
,,,5.80000008e-009,  0.01588281
,,,5.84000008e-009,  0.01601563
,,,5.88000008e-009,  0.01755469
,,,5.92000008e-009,  0.02033594
,,,5.96000008e-009,  0.02427344
,,,6.00000008e-009,  0.02892969
,,,6.04000008e-009,  0.03403906
,,,6.08000008e-009,  0.03903906
,,,6.12000008e-009,  0.04357031
,,,6.16000008e-009,  0.04728125
,,,6.20000008e-009,  0.04980469
,,,6.24000008e-009,  0.05085938
,,,6.28000008e-009,    0.050375
,,,6.32000008e-009,  0.04834375
,,,6.36000008e-009,  0.04489844
,,,6.40000009e-009,  0.04025781
,,,6.44000009e-009,   0.0348125
,,,6.48000009e-009,  0.02889063
,,,6.52000009e-009,  0.02296094
,,,6.56000009e-009,  0.01738281
,,,6.60000009e-009,  0.01253125
,,,6.64000009e-009, 0.008546875
,,,6.68000009e-009, 0.005648438
,,,6.72000009e-009, 0.003742188
,,,6.76000009e-009, 0.002835938
,,,6.80000009e-009, 0.002664063
,,,6.84000009e-009, 0.003085938
,,,6.88000009e-009,  0.00371875
,,,6.92000009e-009, 0.004265625
,,,6.96000009e-009, 0.004484375
,,,7.00000009e-009, 0.004148438
,,,7.04000009e-009, 0.003046875
,,,7.08000009e-009, 0.001117188
,,,7.1200001e-009,-0.001609375
,,,7.1600001e-009,-0.005054688
,,,7.2000001e-009,  -0.0090625
,,,7.2400001e-009, -0.01340625
,,,7.2800001e-009, -0.01775781
,,,7.3200001e-009, -0.02182813
,,,7.3600001e-009,   -0.025375
,,,7.4000001e-009, -0.02817188
,,,7.4400001e-009, -0.03009375
,,,7.4800001e-009, -0.03104688
,,,7.5200001e-009, -0.03100781
,,,7.5600001e-009, -0.03010156
,,,7.6000001e-009, -0.02853125
,,,7.6400001e-009, -0.02660156
,,,7.6800001e-009, -0.02441406
,,,7.7200001e-009, -0.02222656
,,,7.7600001e-009, -0.02046875
,,,7.8000001e-009, -0.01929688
,,,7.8400001e-009, -0.01874219
,,,7.88000011e-009, -0.01900781
,,,7.92000011e-009, -0.02002344
,,,7.96000011e-009, -0.02167969
,,,8.00000011e-009, -0.02392969
,,,8.04000011e-009, -0.02639844
,,,8.08000011e-009, -0.02896875
,,,8.12000011e-009,    -0.03125
,,,8.16000011e-009, -0.03313281
,,,8.20000011e-009, -0.03429688
,,,8.24000011e-009, -0.03461719
,,,8.28000011e-009, -0.03403125
,,,8.32000011e-009, -0.03247656
,,,8.36000011e-009, -0.03015625
,,,8.40000011e-009, -0.02716406
,,,8.44000011e-009,  -0.0236875
,,,8.48000011e-009, -0.01997656
,,,8.52000011e-009, -0.01623438
,,,8.56000011e-009, -0.01278125
,,,8.60000011e-009,-0.009773438
,,,8.64000012e-009,-0.007351563
,,,8.68000012e-009,-0.005679688
,,,8.72000012e-009,-0.004679688
,,,8.76000012e-009,   -0.004375
,,,8.80000012e-009, -0.00459375
,,,8.84000012e-009,-0.005195313
,,,8.88000012e-009,-0.006007813
,,,8.92000012e-009,-0.006757813
,,,8.96000012e-009,-0.007289063
,,,9.00000012e-009,-0.007367188
,,,9.04000012e-009, -0.00690625
,,,9.08000012e-009,-0.005804688
,,,9.12000012e-009, -0.00409375
,,,9.16000012e-009,-0.001835938
,,,9.20000012e-009,  0.00090625
,,,9.24000012e-009, 0.003945313
,,,9.28000012e-009, 0.007015625
,,,9.32000012e-009,  0.01007813
,,,9.36000012e-009,  0.01289063
,,,9.40000013e-009,   0.0153125
,,,9.44000013e-009,  0.01725781
,,,9.48000013e-009,  0.01867969
,,,9.52000013e-009,  0.01949219
,,,9.56000013e-009,     0.01975
,,,9.60000013e-009,  0.01949219
,,,9.64000013e-009,  0.01889844
,,,9.68000013e-009,       0.018
,,,9.72000013e-009,  0.01703125
,,,9.76000013e-009,  0.01614063
,,,9.80000013e-009,    0.015375
,,,9.84000013e-009,  0.01496875
,,,9.88000013e-009,  0.01495313
,,,9.92000013e-009,  0.01533594
,,,9.96000013e-009,  0.01610938
,,,1.00000001e-008,  0.01713281
,,,1.00400001e-008,  0.01834375
,,,1.00800001e-008,    0.019625
,,,1.01200001e-008,  0.02076563
,,,1.01600001e-008,  0.02166406
,,,1.02000001e-008,  0.02223438
,,,1.02400001e-008,  0.02232031
,,,1.02800001e-008,  0.02196875
,,,1.03200001e-008,  0.02107031
,,,1.03600001e-008,   0.0198125
,,,1.04000001e-008,  0.01807031
,,,1.04400001e-008,  0.01614063
,,,1.04800001e-008,  0.01398438
,,,1.05200001e-008,  0.01185938
,,,1.05600001e-008,    0.009875
,,,1.06000001e-008, 0.008039063
,,,1.06400001e-008, 0.006554688
,,,1.06800001e-008, 0.005460938
,,,1.07200001e-008, 0.004648438
,,,1.07600001e-008, 0.004242188
,,,1.08000001e-008,  0.00409375
,,,1.08400001e-008, 0.004101563
,,,1.08800001e-008, 0.004171875
,,,1.09200001e-008, 0.004109375
,,,1.09600001e-008, 0.003898438
,,,1.10000001e-008, 0.003328125
,,,1.10400001e-008, 0.002492188
,,,1.10800001e-008, 0.001304688
,,,1.11200001e-008,-0.0002421875
,,,1.11600001e-008,-0.001984375
,,,1.12000001e-008, -0.00396875
,,,1.12400002e-008,-0.006078125
,,,1.12800002e-008,-0.008210938
,,,1.13200002e-008, -0.01026563
,,,1.13600002e-008, -0.01215625
,,,1.14000002e-008, -0.01380469
,,,1.14400002e-008, -0.01508594
,,,1.14800002e-008, -0.01604688
,,,1.15200002e-008, -0.01663281
,,,1.15600002e-008, -0.01692188
,,,1.16000002e-008, -0.01686719
,,,1.16400002e-008, -0.01671875
,,,1.16800002e-008,   -0.016375
,,,1.17200002e-008, -0.01603125
,,,1.17600002e-008, -0.01569531
,,,1.18000002e-008, -0.01545313
,,,1.18400002e-008, -0.01535156
,,,1.18800002e-008, -0.01542188
,,,1.19200002e-008, -0.01575781
,,,1.19600002e-008, -0.01632031
,,,1.20000002e-008, -0.01716406
,,,1.20400002e-008, -0.01813281
,,,1.20800002e-008, -0.01924219
,,,1.21200002e-008, -0.02036719
,,,1.21600002e-008, -0.02133594
,,,1.22000002e-008, -0.02203125
,,,1.22400002e-008, -0.02238281
,,,1.22800002e-008, -0.02228125
,,,1.23200002e-008, -0.02172656
,,,1.23600002e-008, -0.02089063
,,,1.24000002e-008, -0.01967969
,,,1.24400002e-008, -0.01832813
,,,1.24800002e-008, -0.01689844
,,,1.25200002e-008, -0.01552344
,,,1.25600002e-008, -0.01422656
,,,1.26000002e-008, -0.01307031
,,,1.26400002e-008, -0.01209375
,,,1.26800002e-008, -0.01124219
,,,1.27200002e-008, -0.01060938
,,,1.27600002e-008, -0.01004688
,,,1.28000002e-008,-0.009671875
,,,1.28400002e-008,   -0.009375
,,,1.28800002e-008,-0.009132813
,,,1.29200002e-008,-0.008945313
,,,1.29600002e-008, -0.00871875
,,,1.30000002e-008,-0.008453125
,,,1.30400002e-008,-0.008007813
,,,1.30800002e-008,-0.007390625
,,,1.31200002e-008,-0.006523438
,,,1.31600002e-008,-0.005367188
,,,1.32000002e-008,-0.003960938
,,,1.32400002e-008,-0.002398438
,,,1.32800002e-008,  -0.0006875
,,,1.33200002e-008,0.0009765625
,,,1.33600002e-008, 0.002570313
,,,1.34000002e-008, 0.003984375
,,,1.34400002e-008, 0.005070313
,,,1.34800002e-008, 0.005859375
,,,1.35200002e-008,    0.006375
,,,1.35600002e-008, 0.006578125
,,,1.36000002e-008,   0.0065625
,,,1.36400002e-008, 0.006390625
,,,1.36800002e-008, 0.006132813
,,,1.37200002e-008,    0.005875
,,,1.37600002e-008,  0.00565625
,,,1.38000002e-008,  0.00553125
,,,1.38400002e-008, 0.005578125
,,,1.38800002e-008, 0.005789063
,,,1.39200002e-008, 0.006210938
,,,1.39600002e-008, 0.006859375
,,,1.40000002e-008, 0.007640625
,,,1.40400002e-008, 0.008617188
,,,1.40800002e-008, 0.009664063
,,,1.41200002e-008,   0.0106875
,,,1.41600002e-008,  0.01164844
,,,1.42000002e-008,  0.01246875
,,,1.42400002e-008,  0.01303125
,,,1.42800002e-008,  0.01332813
,,,1.43200002e-008,    0.013375
,,,1.43600002e-008,  0.01309375
,,,1.44000002e-008,  0.01254688
,,,1.44400002e-008,  0.01186719
,,,1.44800002e-008,  0.01107813
,,,1.45200002e-008,  0.01021094
,,,1.45600002e-008, 0.009421875
,,,1.46000002e-008, 0.008648438
,,,1.46400002e-008, 0.008015625
,,,1.46800002e-008,  0.00753125
,,,1.47200002e-008, 0.007203125
,,,1.47600002e-008, 0.006992188
,,,1.48000002e-008, 0.006929688
,,,1.48400002e-008, 0.006992188
,,,1.48800002e-008,    0.007125
,,,1.49200002e-008, 0.007335938
,,,1.49600002e-008, 0.007453125
,,,1.50000002e-008, 0.007539063
,,,1.50400002e-008,  0.00746875
,,,1.50800002e-008,  0.00721875
,,,1.51200002e-008,     0.00675
,,,1.51600002e-008, 0.006070313
,,,1.52000002e-008, 0.005070313
,,,1.52400002e-008,  0.00403125
,,,1.52800002e-008, 0.002796875
,,,1.53200002e-008, 0.001554688
,,,1.53600002e-008,0.0003359375
,,,1.54000002e-008,-0.0007578125
,,,1.54400002e-008,-0.001609375
,,,1.54800002e-008, -0.00228125
,,,1.55200002e-008,-0.002765625
,,,1.55600002e-008,-0.002992188
,,,1.56000002e-008,  -0.0030625
,,,1.56400002e-008,  -0.0030625
,,,1.56800002e-008,-0.002984375
,,,1.57200002e-008,-0.002851563
,,,1.57600002e-008,-0.002867188
,,,1.58000002e-008,      -0.003
,,,1.58400002e-008,-0.003257813
,,,1.58800002e-008,-0.003742188
,,,1.59200002e-008,-0.004460938
,,,1.59600002e-008,-0.005328125
,,,1.60000002e-008, -0.00634375
,,,1.60400002e-008,-0.007429688
,,,1.60800002e-008,-0.008609375
,,,1.61200002e-008,-0.009773438
,,,1.61600002e-008,   -0.010875
,,,1.62000002e-008, -0.01189844
,,,1.62400002e-008, -0.01278125
,,,1.62800002e-008, -0.01353906
,,,1.63200002e-008, -0.01403906
,,,1.63600002e-008, -0.01432813
,,,1.64000002e-008, -0.01438281
,,,1.64400002e-008, -0.01426563
,,,1.64800002e-008, -0.01392969
,,,1.65200002e-008, -0.01344531
,,,1.65600002e-008, -0.01286719
,,,1.66000002e-008,    -0.01225
,,,1.66400002e-008, -0.01166406
,,,1.66800002e-008, -0.01116406
,,,1.67200002e-008, -0.01082031
,,,1.67600002e-008, -0.01064063
,,,1.68000002e-008,   -0.010625
,,,1.68400002e-008, -0.01070313
,,,1.68800002e-008, -0.01090625
,,,1.69200002e-008, -0.01115625
,,,1.69600002e-008,   -0.011375
,,,1.70000002e-008, -0.01159375
,,,1.70400002e-008, -0.01172656
,,,1.70800002e-008, -0.01171875
,,,1.71200002e-008, -0.01154688
,,,1.71600002e-008,  -0.0113125
,,,1.72000002e-008, -0.01086719
,,,1.72400002e-008, -0.01028906
,,,1.72800002e-008,-0.009609375
,,,1.73200002e-008,-0.008898438
,,,1.73600002e-008,-0.008101563
,,,1.74000002e-008,-0.007304688
,,,1.74400002e-008,-0.006617188
,,,1.74800002e-008,-0.005914063
,,,1.75200002e-008,  -0.0053125
,,,1.75600002e-008,-0.004773438
,,,1.76000002e-008,-0.004359375
,,,1.76400002e-008,-0.004054688
,,,1.76800002e-008,-0.003757813
,,,1.77200002e-008,   -0.003625
,,,1.77600002e-008,-0.003429688
,,,1.78000002e-008,-0.003320313
,,,1.78400002e-008,-0.003148438
,,,1.78800002e-008,-0.003015625
,,,1.79200002e-008,-0.002789063
,,,1.79600002e-008, -0.00253125
,,,1.80000002e-008,-0.002179688
,,,1.80400002e-008,    -0.00175
,,,1.80800002e-008,-0.001226563
,,,1.81200002e-008,-0.0005703125
,,,1.81600002e-008,  9.375e-005
,,,1.82000002e-008, 0.000796875
,,,1.82400002e-008,  0.00153125
,,,1.82800002e-008, 0.002203125
,,,1.83200002e-008,   0.0028125
,,,1.83600002e-008,  0.00334375
,,,1.84000002e-008, 0.003789063
,,,1.84400002e-008, 0.004117188
,,,1.84800002e-008, 0.004414063
,,,1.85200002e-008, 0.004671875
,,,1.85600002e-008, 0.004914063
,,,1.86000002e-008,  0.00503125
,,,1.86400002e-008, 0.005164063
,,,1.86800002e-008, 0.005257813
,,,1.87200002e-008, 0.005335938
,,,1.87600003e-008, 0.005359375
,,,1.88000003e-008, 0.005429688
,,,1.88400003e-008,  0.00546875
,,,1.88800003e-008,      0.0055
,,,1.89200003e-008, 0.005546875
,,,1.89600003e-008,   0.0055625
,,,1.90000003e-008, 0.005609375
,,,1.90400003e-008,  0.00559375
,,,1.90800003e-008, 0.005609375
,,,1.91200003e-008, 0.005617188
,,,1.91600003e-008, 0.005539063
,,,1.92000003e-008, 0.005421875
,,,1.92400003e-008,   0.0053125
,,,1.92800003e-008, 0.005179688
,,,1.93200003e-008, 0.005046875
,,,1.93600003e-008, 0.004984375
,,,1.94000003e-008, 0.004828125
,,,1.94400003e-008, 0.004765625
,,,1.94800003e-008, 0.004609375
,,,1.95200003e-008,   0.0045625
,,,1.95600003e-008, 0.004390625
,,,1.96000003e-008,     0.00425
,,,1.96400003e-008, 0.004023438
,,,1.96800003e-008, 0.003789063
,,,1.97200003e-008, 0.003523438
,,,1.97600003e-008, 0.003179688
,,,1.98000003e-008, 0.002765625
,,,1.98400003e-008, 0.002304688
,,,1.98800003e-008, 0.001820313
,,,1.99200003e-008,   0.0013125
,,,1.99600003e-008,  0.00078125
,,,2.00000003e-008, 0.000234375
,,,2.00400003e-008,-0.0002109375
,,,2.00800003e-008,-0.0006328125
,,,2.01200003e-008, -0.00103125
,,,2.01600003e-008,  -0.0013125
,,,2.02000003e-008,-0.001523438
,,,2.02400003e-008,-0.001757813
,,,2.02800003e-008,-0.001867188
,,,2.03200003e-008,-0.001921875
,,,2.03600003e-008,-0.002007813
,,,2.04000003e-008,-0.002109375
,,,2.04400003e-008,-0.002210938
,,,2.04800003e-008,-0.002382813
,,,2.05200003e-008,-0.002601563
,,,2.05600003e-008,   -0.002875
,,,2.06000003e-008,-0.003148438
,,,2.06400003e-008, -0.00346875
,,,2.06800003e-008,-0.003914063
,,,2.07200003e-008, -0.00434375
,,,2.07600003e-008,-0.004851563
,,,2.08000003e-008, -0.00546875
,,,2.08400003e-008,-0.006148438
,,,2.08800003e-008, -0.00690625
,,,2.09200003e-008,-0.007640625
,,,2.09600003e-008, -0.00834375
,,,2.10000003e-008,-0.009015625
,,,2.10400003e-008,-0.009523438
,,,2.10800003e-008,-0.009914063
,,,2.11200003e-008, -0.01009375
,,,2.11600003e-008, -0.01008594
,,,2.12000003e-008,-0.009945313
,,,2.12400003e-008,-0.009703125
,,,2.12800003e-008,-0.009335938
,,,2.13200003e-008,-0.008882813
,,,2.13600003e-008,-0.008453125
,,,2.14000003e-008,-0.007992188
,,,2.14400003e-008,-0.007523438
,,,2.14800003e-008,-0.007054688
,,,2.15200003e-008, -0.00653125
,,,2.15600003e-008,   -0.006125
,,,2.16000003e-008,-0.005734375
,,,2.16400003e-008,-0.005335938
,,,2.16800003e-008,-0.004992188
,,,2.17200003e-008,-0.004726563
,,,2.17600003e-008,-0.004546875
,,,2.18000003e-008,-0.004460938
,,,2.18400003e-008,-0.004484375
,,,2.18800003e-008,   -0.004625
,,,2.19200003e-008,-0.004765625
,,,2.19600003e-008,-0.004953125
,,,2.20000003e-008,-0.005117188
,,,2.20400003e-008,-0.005210938
,,,2.20800003e-008,-0.005296875
,,,2.21200003e-008, -0.00521875
,,,2.21600003e-008,-0.005101563
,,,2.22000003e-008,-0.004921875
,,,2.22400003e-008,    -0.00475
,,,2.22800003e-008,     -0.0045
,,,2.23200003e-008,-0.004320313
,,,2.23600003e-008,-0.004109375
,,,2.24000003e-008,-0.003914063
,,,2.24400003e-008,-0.003742188
,,,2.24800003e-008,-0.003554688
,,,2.25200003e-008,-0.003351563
,,,2.25600003e-008,-0.003164063
,,,2.26000003e-008,-0.002960938
,,,2.26400003e-008,-0.002757813
,,,2.26800003e-008,-0.002515625
,,,2.27200003e-008,  -0.0023125
,,,2.27600003e-008,-0.002015625
,,,2.28000003e-008,-0.001820313
,,,2.28400003e-008,-0.001648438
,,,2.28800003e-008,-0.001460938
,,,2.29200003e-008,-0.001320313
,,,2.29600003e-008,-0.001226563
,,,2.30000003e-008,-0.001109375
,,,2.30400003e-008,-0.001039063
,,,2.30800003e-008,-0.0009765625
,,,2.31200003e-008,  -0.0009375
,,,2.31600003e-008,  -0.0009375
,,,2.32000003e-008, -0.00103125
,,,2.32400003e-008,-0.001109375
,,,2.32800003e-008,    -0.00125
,,,2.33200003e-008,-0.001351563
,,,2.33600003e-008,-0.001453125
,,,2.34000003e-008,-0.001515625
,,,2.34400003e-008,-0.001460938
,,,2.34800003e-008, -0.00128125
,,,2.35200003e-008,-0.001023438
,,,2.35600003e-008,-0.000640625
,,,2.36000003e-008,-0.0001328125
,,,2.36400003e-008,   0.0004375
,,,2.36800003e-008, 0.001046875
,,,2.37200003e-008, 0.001710938
,,,2.37600003e-008, 0.002289063
,,,2.38000003e-008,       0.003
,,,2.38400003e-008,  0.00365625
,,,2.38800003e-008,  0.00421875
,,,2.39200003e-008,  0.00465625
,,,2.39600003e-008, 0.005054688
,,,2.40000003e-008, 0.005296875
,,,2.40400003e-008,    0.005375
,,,2.40800003e-008,     0.00525
,,,2.41200003e-008, 0.004953125
,,,2.41600003e-008, 0.004507813
,,,2.42000003e-008, 0.003929688
,,,2.42400003e-008, 0.003234375
,,,2.42800003e-008, 0.002523438
,,,2.43200003e-008, 0.001789063
,,,2.43600003e-008, 0.001148438
,,,2.44000003e-008,   0.0005625
,,,2.44400003e-008,0.0001015625
,,,2.44800003e-008, -0.00034375
,,,2.45200003e-008,-0.0007421875
,,,2.45600003e-008,-0.001015625
,,,2.46000003e-008,-0.001210938
,,,2.46400003e-008, -0.00146875
,,,2.46800003e-008,-0.001578125
,,,2.47200003e-008,-0.001664063
,,,2.47600003e-008,-0.001742188
,,,2.48000003e-008,-0.001796875
,,,2.48400003e-008,-0.001859375
,,,2.48800003e-008,-0.001921875
,,,2.49200003e-008,-0.002023438
,,,2.49600003e-008,-0.002164063
,,,2.50000003e-008,-0.002359375
,,,2.50400003e-008, -0.00253125
,,,2.50800003e-008,-0.002617188
,,,2.51200003e-008,-0.002609375
,,,2.51600003e-008,  -0.0025625
,,,2.52000003e-008,-0.002367188
,,,2.52400003e-008, -0.00209375
,,,2.52800003e-008,-0.001773438
,,,2.53200003e-008, -0.00140625
,,,2.53600003e-008, -0.00096875
,,,2.54000003e-008,-0.0006328125
,,,2.54400003e-008,-0.000296875
,,,2.54800003e-008, -3.125e-005
,,,2.55200003e-008,0.0001484375
,,,2.55600003e-008, 0.000265625
,,,2.56000003e-008,0.0003203125
,,,2.56400003e-008,   0.0001875
,,,2.56800003e-008,  3.125e-005
,,,2.57200003e-008,  -0.0003125
,,,2.57600003e-008,-0.0006953125
,,,2.58000003e-008,-0.001148438
,,,2.58400003e-008,-0.001601563
,,,2.58800003e-008, -0.00209375
,,,2.59200003e-008,  -0.0025625
,,,2.59600003e-008,-0.002960938
,,,2.60000003e-008,-0.003359375
,,,2.60400003e-008,   -0.003625
,,,2.60800003e-008,-0.003804688
,,,2.61200003e-008,-0.003859375
,,,2.61600003e-008, -0.00384375
,,,2.62000003e-008,-0.003742188
,,,2.62400004e-008,  -0.0035625
,,,2.62800004e-008,-0.003382813
,,,2.63200004e-008,-0.003257813
,,,2.63600004e-008,-0.003101563
,,,2.64000004e-008,-0.003109375
,,,2.64400004e-008, -0.00315625
,,,2.64800004e-008,-0.003304688
,,,2.65200004e-008,-0.003570313
,,,2.65600004e-008,-0.003945313
,,,2.66000004e-008,   -0.004375
,,,2.66400004e-008,-0.004914063
,,,2.66800004e-008,-0.005476563
,,,2.67200004e-008,  -0.0060625
,,,2.67600004e-008,-0.006617188
,,,2.68000004e-008,-0.007046875
,,,2.68400004e-008,-0.007382813
,,,2.68800004e-008,-0.007554688
,,,2.69200004e-008,-0.007617188
,,,2.69600004e-008,-0.007578125
,,,2.70000004e-008,-0.007398438
,,,2.70400004e-008,-0.007164063
,,,2.70800004e-008,-0.006835938
,,,2.71200004e-008, -0.00646875
,,,2.71600004e-008,-0.006070313
,,,2.72000004e-008,-0.005632813
,,,2.72400004e-008,-0.005179688
,,,2.72800004e-008, -0.00471875
,,,2.73200004e-008,-0.004304688
,,,2.73600004e-008,-0.003929688
,,,2.74000004e-008,-0.003609375
,,,2.74400004e-008,-0.003335938
,,,2.74800004e-008,-0.003179688
,,,2.75200004e-008, -0.00309375
,,,2.75600004e-008,-0.003023438
,,,2.76000004e-008,-0.002929688
,,,2.76400004e-008,-0.002867188
,,,2.76800004e-008,-0.002695313
,,,2.77200004e-008,-0.002554688
,,,2.77600004e-008,-0.002335938
,,,2.78000004e-008,-0.002101563
,,,2.78400004e-008,-0.001859375
,,,2.78800004e-008,-0.001632813
,,,2.79200004e-008,-0.001382813
,,,2.79600004e-008, -0.00115625
,,,2.80000004e-008, -0.00090625
,,,2.80400004e-008,-0.0007265625
,,,2.80800004e-008,-0.0005078125
,,,2.81200004e-008,-0.0003359375
,,,2.81600004e-008,-0.0001484375
,,,2.82000004e-008, 7.8125e-006
,,,2.82400004e-008,7.03125e-005
,,,2.82800004e-008,0.0001015625
,,,2.83200004e-008,  0.00015625
,,,2.83600004e-008, 0.000171875
,,,2.84000004e-008, 0.000234375
,,,2.84400004e-008, 0.000265625
,,,2.84800004e-008, 0.000328125
,,,2.85200004e-008,0.0003671875
,,,2.85600004e-008,   0.0004375
,,,2.86000004e-008, 0.000515625
,,,2.86400004e-008,0.0005390625
,,,2.86800004e-008,0.0005859375
,,,2.87200004e-008,    0.000625
,,,2.87600004e-008,0.0006796875
,,,2.88000004e-008,0.0007421875
,,,2.88400004e-008, 0.000765625
,,,2.88800004e-008,   0.0008125
,,,2.89200004e-008, 0.000828125
,,,2.89600004e-008,0.0009140625
,,,2.90000004e-008,0.0008828125
,,,2.90400004e-008,0.0009296875
,,,2.90800004e-008, 0.000921875
,,,2.91200004e-008,   0.0009375
,,,2.91600004e-008,0.0009296875
,,,2.92000004e-008,0.0009296875
,,,2.92400004e-008,0.0009140625
,,,2.92800004e-008,0.0008203125
,,,2.93200004e-008, 0.000703125
,,,2.93600004e-008,0.0005078125
,,,2.94000004e-008,0.0003203125
,,,2.94400004e-008, 7.8125e-005
,,,2.94800004e-008,-0.000203125
,,,2.95200004e-008,-0.0004921875
,,,2.95600004e-008,-0.0008359375
,,,2.96000004e-008,-0.001132813
,,,2.96400004e-008,-0.001460938
,,,2.96800004e-008,-0.001804688
,,,2.97200004e-008,  -0.0020625
,,,2.97600004e-008,-0.002328125
,,,2.98000004e-008,-0.002570313
,,,2.98400004e-008,-0.002726563
,,,2.98800004e-008,-0.002851563
,,,2.99200004e-008,-0.002898438
,,,2.99600004e-008,-0.002953125
,,,3.00000004e-008,-0.002984375
,,,3.00400004e-008,-0.003039063
,,,3.00800004e-008,-0.003046875
,,,3.01200004e-008,-0.003085938
,,,3.01600004e-008,-0.003070313
,,,3.02000004e-008,-0.003070313
,,,3.02400004e-008,-0.003039063
,,,3.02800004e-008,-0.002960938
,,,3.03200004e-008,-0.002890625
,,,3.03600004e-008,-0.002820313
,,,3.04000004e-008,-0.002710938
,,,3.04400004e-008, -0.00265625
,,,3.04800004e-008,-0.002617188
,,,3.05200004e-008,-0.002554688
,,,3.05600004e-008,-0.002578125
,,,3.06000004e-008,-0.002515625
,,,3.06400004e-008,-0.002460938
,,,3.06800004e-008,-0.002351563
,,,3.07200004e-008,    -0.00225
,,,3.07600004e-008,-0.002109375
,,,3.08000004e-008,-0.002007813
,,,3.08400004e-008,   -0.001875
,,,3.08800004e-008,  -0.0016875
,,,3.09200004e-008,  -0.0015625
,,,3.09600004e-008,-0.001382813
,,,3.10000004e-008,-0.001203125
,,,3.10400004e-008,-0.0009921875
,,,3.10800004e-008,-0.000796875
,,,3.11200004e-008,-0.0006328125
,,,3.11600004e-008,     -0.0005
,,,3.12000004e-008,-0.0004140625
,,,3.12400004e-008,  -0.0004375
,,,3.12800004e-008,-0.000484375
,,,3.13200004e-008,-0.0006796875
,,,3.13600004e-008,   -0.000875
,,,3.14000004e-008,-0.001109375
,,,3.14400004e-008,-0.001359375
,,,3.14800004e-008,-0.001585938
,,,3.15200004e-008,-0.001820313
,,,3.15600004e-008,-0.002070313
,,,3.16000004e-008,-0.002296875
,,,3.16400004e-008,-0.002476563
,,,3.16800004e-008,-0.002640625
,,,3.17200004e-008,-0.002757813
,,,3.17600004e-008, -0.00284375
,,,3.18000004e-008,-0.002976563
,,,3.18400004e-008,-0.003015625
,,,3.18800004e-008,-0.003039063
,,,3.19200004e-008,-0.003046875
,,,3.19600004e-008,-0.002953125
,,,3.20000004e-008,-0.002921875
,,,3.20400004e-008,   -0.002875
,,,3.20800004e-008, -0.00278125
,,,3.21200004e-008,-0.002726563
,,,3.21600004e-008,-0.002703125
,,,3.22000004e-008,  -0.0026875
,,,3.22400004e-008,-0.002734375
,,,3.22800004e-008, -0.00278125
,,,3.23200004e-008,-0.002898438
,,,3.23600004e-008,-0.003015625
,,,3.24000004e-008,  -0.0031875
,,,3.24400004e-008,-0.003234375
,,,3.24800004e-008,-0.003359375
,,,3.25200004e-008,-0.003351563
,,,3.25600004e-008,-0.003320313
,,,3.26000004e-008,-0.003226563
,,,3.26400004e-008, -0.00309375
,,,3.26800004e-008,-0.002953125
,,,3.27200004e-008, -0.00278125
,,,3.27600004e-008,-0.002632813
,,,3.28000004e-008,-0.002539063
,,,3.28400004e-008,-0.002515625
,,,3.28800004e-008,-0.002492188
,,,3.29200004e-008,-0.002484375
,,,3.29600004e-008,  -0.0025625
,,,3.30000004e-008,-0.002609375
,,,3.30400004e-008,-0.002726563
,,,3.30800004e-008,-0.002804688
,,,3.31200004e-008,-0.002898438
,,,3.31600004e-008, -0.00296875
,,,3.32000004e-008,-0.003054688
,,,3.32400004e-008,-0.003046875
,,,3.32800004e-008,  -0.0030625
,,,3.33200004e-008,-0.002984375
,,,3.33600004e-008,-0.002882813
,,,3.34000004e-008, -0.00278125
,,,3.34400004e-008,-0.002601563
,,,3.34800004e-008,  -0.0024375
,,,3.35200004e-008,    -0.00225
,,,3.35600004e-008,-0.002070313
,,,3.36000004e-008,-0.001960938
,,,3.36400004e-008,  -0.0018125
,,,3.36800004e-008,-0.001609375
,,,3.37200005e-008,-0.001453125
,,,3.37600005e-008,-0.001304688
,,,3.38000005e-008,-0.001117188
,,,3.38400005e-008, -0.00096875
,,,3.38800005e-008,-0.0008671875
,,,3.39200005e-008,-0.0007109375
,,,3.39600005e-008,-0.0006171875
,,,3.40000005e-008,-0.0004921875
,,,3.40400005e-008,-0.0003984375
,,,3.40800005e-008,  -0.0003125
,,,3.41200005e-008,-0.0002578125
,,,3.41600005e-008,-0.000140625
,,,3.42000005e-008,  -6.25e-005
,,,3.42400005e-008, 7.8125e-005
,,,3.42800005e-008,0.0001796875
,,,3.43200005e-008,0.0002578125
,,,3.43600005e-008,0.0002578125
,,,3.44000005e-008,     0.00025
,,,3.44400005e-008,0.0001953125
,,,3.44800005e-008,3.90625e-005
,,,3.45200005e-008,-8.59375e-005
,,,3.45600005e-008,-0.0002890625
,,,3.46000005e-008,     -0.0005
,,,3.46400005e-008,-0.0007109375
,,,3.46800005e-008,-0.000953125
,,,3.47200005e-008,-0.001179688
,,,3.47600005e-008,-0.001335938
,,,3.48000005e-008,-0.001523438
,,,3.48400005e-008,-0.001695313
,,,3.48800005e-008,-0.001765625
,,,3.49200005e-008,-0.001851563
,,,3.49600005e-008,-0.001921875
,,,3.50000005e-008,-0.001914063
,,,3.50400005e-008,  -0.0019375
,,,3.50800005e-008,-0.001882813
,,,3.51200005e-008,-0.001867188
,,,3.51600005e-008,-0.001796875
,,,3.52000005e-008,-0.001726563
,,,3.52400005e-008,  -0.0016875
,,,3.52800005e-008,-0.001640625
,,,3.53200005e-008,-0.001632813
,,,3.53600005e-008,-0.001671875
,,,3.54000005e-008,-0.001664063
,,,3.54400005e-008,    -0.00175
,,,3.54800005e-008,-0.001796875
,,,3.55200005e-008,-0.001945313
,,,3.55600005e-008,-0.002054688
,,,3.56000005e-008, -0.00221875
,,,3.56400005e-008,-0.002382813
,,,3.56800005e-008,-0.002507813
,,,3.57200005e-008, -0.00265625
,,,3.57600005e-008,-0.002742188
,,,3.58000005e-008,-0.002828125
,,,3.58400005e-008,-0.002882813
,,,3.58800005e-008,-0.002859375
,,,3.59200005e-008,-0.002828125
,,,3.59600005e-008,-0.002804688
,,,3.60000005e-008,-0.002710938
,,,3.60400005e-008,  -0.0025625
,,,3.60800005e-008,-0.002460938
,,,3.61200005e-008, -0.00234375
,,,3.61600005e-008,-0.002210938
,,,3.62000005e-008,-0.002132813
,,,3.62400005e-008, -0.00203125
,,,3.62800005e-008,      -0.002
,,,3.63200005e-008,      -0.002
,,,3.63600005e-008,-0.002015625
,,,3.64000005e-008,-0.002023438
,,,3.64400005e-008,-0.002007813
,,,3.64800005e-008,-0.001976563
,,,3.65200005e-008, -0.00196875
,,,3.65600005e-008,-0.001859375
,,,3.66000005e-008,-0.001796875
,,,3.66400005e-008,-0.001773438
,,,3.66800005e-008,-0.001703125
,,,3.67200005e-008,-0.001648438
,,,3.67600005e-008,-0.001664063
,,,3.68000005e-008,-0.001671875
,,,3.68400005e-008,   -0.001625
,,,3.68800005e-008, -0.00165625
,,,3.69200005e-008, -0.00159375
,,,3.69600005e-008,-0.001648438
,,,3.70000005e-008,-0.001671875
,,,3.70400005e-008,-0.001804688
,,,3.70800005e-008,-0.001890625
,,,3.71200005e-008,-0.002023438
,,,3.71600005e-008,  -0.0021875
,,,3.72000005e-008,-0.002335938
,,,3.72400005e-008,-0.002507813
,,,3.72800005e-008,-0.002554688
,,,3.73200005e-008,-0.002648438
,,,3.73600005e-008, -0.00265625
,,,3.74000005e-008,   -0.002625
,,,3.74400005e-008,-0.002476563
,,,3.74800005e-008,-0.002429688
,,,3.75200005e-008, -0.00234375
,,,3.75600005e-008,    -0.00225
,,,3.76000005e-008,  -0.0021875
,,,3.76400005e-008,-0.002140625
,,,3.76800005e-008,-0.002179688
,,,3.77200005e-008,-0.002171875
,,,3.77600005e-008,-0.002210938
,,,3.78000005e-008,    -0.00225
,,,3.78400005e-008,  -0.0023125
,,,3.78800005e-008, -0.00234375
,,,3.79200005e-008,-0.002367188
,,,3.79600005e-008,-0.002367188
,,,3.80000005e-008,-0.002359375
,,,3.80400005e-008, -0.00234375
,,,3.80800005e-008,-0.002289063
,,,3.81200005e-008,-0.002234375
,,,3.81600005e-008, -0.00215625
,,,3.82000005e-008,-0.002132813
,,,3.82400005e-008,   -0.002125
,,,3.82800005e-008,-0.002132813
,,,3.83200005e-008,-0.002148438
,,,3.83600005e-008,-0.002148438
,,,3.84000005e-008,   -0.002125
,,,3.84400005e-008,-0.002132813
,,,3.84800005e-008, -0.00209375
,,,3.85200005e-008,-0.002046875
,,,3.85600005e-008,-0.001945313
,,,3.86000005e-008,   -0.001875
,,,3.86400005e-008, -0.00184375
,,,3.86800005e-008,  -0.0018125
,,,3.87200005e-008, -0.00178125
,,,3.87600005e-008,-0.001867188
,,,3.88000005e-008,-0.001890625
,,,3.88400005e-008,-0.001890625
,,,3.88800005e-008,-0.001851563
,,,3.89200005e-008, -0.00171875
,,,3.89600005e-008,-0.001617188
,,,3.90000005e-008, -0.00146875
,,,3.90400005e-008,-0.001304688
,,,3.90800005e-008, -0.00115625
,,,3.91200005e-008,-0.001085938
,,,3.91600005e-008,-0.001023438
,,,3.92000005e-008,-0.001078125
,,,3.92400005e-008,-0.001085938
,,,3.92800005e-008,-0.001195313
,,,3.93200005e-008,    -0.00125
,,,3.93600005e-008,    -0.00125
,,,3.94000005e-008, -0.00128125
,,,3.94400005e-008,-0.001296875
,,,3.94800005e-008,-0.001320313
,,,3.95200005e-008,-0.001367188
,,,3.95600005e-008,-0.001390625
,,,3.96000005e-008,-0.001460938
,,,3.96400005e-008,-0.001585938
,,,3.96800005e-008,-0.001640625
,,,3.97200005e-008,-0.001789063
,,,3.97600005e-008,  -0.0018125
,,,3.98000005e-008,-0.001867188
,,,3.98400005e-008, -0.00184375
,,,3.98800005e-008,-0.001828125
,,,3.99200005e-008,-0.001859375
,,,3.99600005e-008,-0.001828125
,,,4.00000005e-008,-0.001929688
,,,4.00400005e-008,-0.001921875
,,,4.00800005e-008,-0.002023438
,,,4.01200005e-008,-0.002085938
,,,4.01600005e-008,-0.002078125
,,,4.02000005e-008,-0.002148438
,,,4.02400005e-008,-0.002101563
,,,4.02800005e-008,-0.002109375
,,,4.03200005e-008, -0.00203125
,,,4.03600005e-008,-0.001953125
,,,4.04000005e-008,-0.001921875
,,,4.04400005e-008,-0.001914063
,,,4.04800005e-008,-0.001953125
,,,4.05200005e-008,-0.002039063
,,,4.05600005e-008,-0.002140625
,,,4.06000005e-008,-0.002210938
,,,4.06400005e-008,-0.002296875
,,,4.06800005e-008,-0.002359375
,,,4.07200005e-008,-0.002414063
,,,4.07600005e-008,-0.002398438
,,,4.08000005e-008,-0.002367188
,,,4.08400005e-008,-0.002390625
,,,4.08800005e-008,-0.002367188
,,,4.09200005e-008,-0.002359375
,,,4.09600005e-008,-0.002398438
,,,4.10000005e-008,-0.002390625
,,,4.10400005e-008,-0.002335938
,,,4.10800005e-008,-0.002351563
,,,4.11200005e-008,-0.002289063
,,,4.11600005e-008,-0.002171875
,,,4.12000006e-008,-0.002117188
,,,4.12400006e-008,-0.001984375
,,,4.12800006e-008,-0.001929688
,,,4.13200006e-008,   -0.001875
,,,4.13600006e-008,-0.001867188
,,,4.14000006e-008,-0.001882813
,,,4.14400006e-008, -0.00190625
,,,4.14800006e-008,-0.001898438
,,,4.15200006e-008,-0.001921875
,,,4.15600006e-008,-0.001859375
,,,4.16000006e-008,    -0.00175
,,,4.16400006e-008, -0.00171875
,,,4.16800006e-008,-0.001648438
,,,4.17200006e-008,-0.001601563
,,,4.17600006e-008,-0.001632813
,,,4.18000006e-008,-0.001578125
,,,4.18400006e-008,   -0.001625
,,,4.18800006e-008,   -0.001625
,,,4.19200006e-008,-0.001671875
,,,4.19600006e-008,-0.001617188
,,,4.20000006e-008,-0.001578125
,,,4.20400006e-008,-0.001546875
,,,4.20800006e-008,-0.001390625
,,,4.21200006e-008, -0.00134375
,,,4.21600006e-008,-0.001320313
,,,4.22000006e-008,-0.001359375
,,,4.22400006e-008,-0.001367188
,,,4.22800006e-008,-0.001429688
,,,4.23200006e-008,-0.001476563
,,,4.23600006e-008,-0.001578125
,,,4.24000006e-008,-0.001617188
,,,4.24400006e-008,-0.001695313
,,,4.24800006e-008,-0.001710938
,,,4.25200006e-008,-0.001671875
,,,4.25600006e-008,  -0.0016875
,,,4.26000006e-008, -0.00165625
,,,4.26400006e-008,-0.001578125
,,,4.26800006e-008,-0.001523438
,,,4.27200006e-008,-0.001484375
,,,4.27600006e-008,-0.001484375
,,,4.28000006e-008, -0.00140625
,,,4.28400006e-008, -0.00140625
,,,4.28800006e-008,-0.001359375
,,,4.29200006e-008,-0.001289063
,,,4.29600006e-008,-0.001242188
,,,4.30000006e-008,-0.001226563
,,,4.30400006e-008,-0.001226563
,,,4.30800006e-008, -0.00128125
,,,4.31200006e-008,-0.001359375
,,,4.31600006e-008,-0.001429688
,,,4.32000006e-008,     -0.0015
,,,4.32400006e-008,-0.001648438
,,,4.32800006e-008,-0.001695313
,,,4.33200006e-008,-0.001703125
,,,4.33600006e-008,-0.001804688
,,,4.34000006e-008,-0.001796875
,,,4.34400006e-008,  -0.0018125
,,,4.34800006e-008, -0.00178125
,,,4.35200006e-008,-0.001820313
,,,4.35600006e-008,-0.001867188
,,,4.36000006e-008,  -0.0019375
,,,4.36400006e-008,-0.002007813
,,,4.36800006e-008,-0.002007813
,,,4.37200006e-008,-0.002015625
,,,4.37600006e-008,-0.002015625
,,,4.38000006e-008,-0.001992188
,,,4.38400006e-008,-0.002007813
,,,4.38800006e-008,-0.002039063
,,,4.39200006e-008,-0.002148438
,,,4.39600006e-008,-0.002171875
,,,4.40000006e-008,-0.002328125
,,,4.40400006e-008,-0.002429688
,,,4.40800006e-008,-0.002539063
,,,4.41200006e-008,-0.002578125
,,,4.41600006e-008,  -0.0025625
,,,4.42000006e-008,-0.002484375
,,,4.42400006e-008,-0.002421875
,,,4.42800006e-008, -0.00228125
,,,4.43200006e-008,-0.002195313
,,,4.43600006e-008,-0.002117188
,,,4.44000006e-008,-0.002039063
,,,4.44400006e-008, -0.00203125
,,,4.44800006e-008,      -0.002
,,,4.45200006e-008,-0.001976563
,,,4.45600006e-008,  -0.0019375
,,,4.46000006e-008,-0.001921875
,,,4.46400006e-008, -0.00190625
,,,4.46800006e-008, -0.00190625
,,,4.47200006e-008,-0.001882813
,,,4.47600006e-008, -0.00190625
,,,4.48000006e-008, -0.00196875
,,,4.48400006e-008, -0.00203125
,,,4.48800006e-008,-0.002109375
,,,4.49200006e-008,-0.002179688
,,,4.49600006e-008,-0.002265625
,,,4.50000006e-008, -0.00228125
,,,4.50400006e-008,-0.002335938
,,,4.50800006e-008,-0.002328125
,,,4.51200006e-008,  -0.0023125
,,,4.51600006e-008,-0.002328125
,,,4.52000006e-008,  -0.0023125
,,,4.52400006e-008,-0.002289063
,,,4.52800006e-008,-0.002273438
,,,4.53200006e-008,-0.002273438
,,,4.53600006e-008, -0.00221875
,,,4.54000006e-008,-0.002179688
,,,4.54400006e-008,-0.002171875
,,,4.54800006e-008,   -0.002125
,,,4.55200006e-008, -0.00209375
,,,4.55600006e-008,      -0.002
,,,4.56000006e-008, -0.00196875
,,,4.56400006e-008,-0.001914063
,,,4.56800006e-008,-0.001851563
,,,4.57200006e-008,-0.001851563
,,,4.57600006e-008,-0.001828125
,,,4.58000006e-008,-0.001804688
,,,4.58400006e-008,-0.001835938
,,,4.58800006e-008,-0.001851563
,,,4.59200006e-008,-0.001796875
,,,4.59600006e-008,  -0.0018125
,,,4.60000006e-008,-0.001773438
,,,4.60400006e-008,    -0.00175
,,,4.60800006e-008, -0.00171875
,,,4.61200006e-008,-0.001664063
,,,4.61600006e-008,-0.001695313
,,,4.62000006e-008,-0.001648438
,,,4.62400006e-008,-0.001671875
,,,4.62800006e-008,-0.001648438
,,,4.63200006e-008,-0.001671875
,,,4.63600006e-008,-0.001695313
,,,4.64000006e-008,-0.001726563
,,,4.64400006e-008,-0.001726563
,,,4.64800006e-008,-0.001734375
,,,4.65200006e-008,-0.001789063
,,,4.65600006e-008,-0.001867188
,,,4.66000006e-008,-0.001953125
,,,4.66400006e-008, -0.00203125
,,,4.66800006e-008,-0.002070313
,,,4.67200006e-008,-0.002117188
,,,4.67600006e-008,   -0.002125
,,,4.68000006e-008, -0.00209375
,,,4.68400006e-008, -0.00203125
,,,4.68800006e-008,-0.001867188
,,,4.69200006e-008,-0.001679688
,,,4.69600006e-008,-0.001523438
,,,4.70000006e-008,  -0.0013125
,,,4.70400006e-008,-0.001171875
,,,4.70800006e-008, -0.00109375
,,,4.71200006e-008, -0.00109375
,,,4.71600006e-008, -0.00109375
,,,4.72000006e-008,-0.001132813
,,,4.72400006e-008,-0.001226563
,,,4.72800006e-008,-0.001289063
,,,4.73200006e-008,-0.001382813
,,,4.73600006e-008,-0.001414063
,,,4.74000006e-008,-0.001453125
,,,4.74400006e-008,-0.001507813
,,,4.74800006e-008,-0.001515625
,,,4.75200006e-008,-0.001601563
,,,4.75600006e-008,-0.001609375
,,,4.76000006e-008,-0.001679688
,,,4.76400006e-008,-0.001734375
,,,4.76800006e-008,-0.001804688
,,,4.77200006e-008,-0.001796875
,,,4.77600006e-008,-0.001859375
,,,4.78000006e-008,-0.001820313
,,,4.78400006e-008, -0.00184375
,,,4.78800006e-008,-0.001796875
,,,4.79200006e-008,-0.001757813
,,,4.79600006e-008,-0.001765625
,,,4.80000006e-008,-0.001726563
,,,4.80400006e-008,-0.001734375
,,,4.80800006e-008,-0.001734375
,,,4.81200006e-008,-0.001710938
,,,4.81600006e-008,-0.001726563
,,,4.82000006e-008, -0.00165625
,,,4.82400006e-008,-0.001632813
,,,4.82800006e-008,-0.001570313
,,,4.83200006e-008,-0.001523438
,,,4.83600006e-008, -0.00153125
,,,4.84000006e-008,-0.001546875
,,,4.84400006e-008,-0.001601563
,,,4.84800006e-008,  -0.0016875
,,,4.85200006e-008,-0.001742188
,,,4.85600006e-008,-0.001796875
,,,4.86000006e-008,-0.001867188
,,,4.86400006e-008,-0.001914063
,,,4.86800006e-008, -0.00190625
,,,4.87200007e-008,-0.001882813
,,,4.87600007e-008,   -0.001875
,,,4.88000007e-008,-0.001953125
,,,4.88400007e-008,-0.002023438
,,,4.88800007e-008,-0.002101563
,,,4.89200007e-008,  -0.0023125
,,,4.89600007e-008,-0.002429688
,,,4.90000007e-008,-0.002539063
,,,4.90400007e-008, -0.00265625
,,,4.90800007e-008,-0.002664063
,,,4.91200007e-008,-0.002664063
,,,4.91600007e-008,-0.002671875
,,,4.92000007e-008,-0.002554688
,,,4.92400007e-008,-0.002476563
,,,4.92800007e-008, -0.00234375
,,,4.93200007e-008,-0.002296875
,,,4.93600007e-008,-0.002210938
,,,4.94000007e-008,-0.002179688
,,,4.94400007e-008,-0.002140625
,,,4.94800007e-008,-0.002085938
,,,4.95200007e-008, -0.00215625
,,,4.95600007e-008,-0.002195313
,,,4.96000007e-008,-0.002210938
,,,4.96400007e-008,-0.002242188
,,,4.96800007e-008,-0.002296875
,,,4.97200007e-008,    -0.00225
,,,4.97600007e-008,  -0.0021875
,,,4.98000007e-008,-0.002148438
,,,4.98400007e-008,-0.002054688
,,,4.98800007e-008,-0.001953125
,,,4.99200007e-008,   -0.001875
,,,4.99600007e-008,-0.001828125
,,,5.00000007e-008,-0.001757813
,,,5.00400007e-008, -0.00171875
,,,5.00800007e-008,-0.001757813
,,,5.01200007e-008,-0.001789063
,,,5.01600007e-008,-0.001820313
,,,5.02000007e-008,-0.001890625
,,,5.02400007e-008,-0.001960938
,,,5.02800007e-008, -0.00203125
,,,5.03200007e-008,-0.002054688
,,,5.03600007e-008,  -0.0020625
,,,5.04000007e-008,-0.002078125
,,,5.04400007e-008,-0.002070313
,,,5.04800007e-008,-0.002109375
,,,5.05200007e-008,-0.002140625
,,,5.05600007e-008, -0.00209375
,,,5.06000007e-008,-0.002109375
,,,5.06400007e-008,-0.002140625
,,,5.06800007e-008,-0.002140625
,,,5.07200007e-008,-0.002117188
,,,5.07600007e-008,  -0.0020625
,,,5.08000007e-008,-0.002078125
,,,5.08400007e-008,-0.002023438
,,,5.08800007e-008, -0.00203125
,,,5.09200007e-008,-0.001992188
,,,5.09600007e-008,      -0.002
,,,5.10000007e-008,-0.002007813
,,,5.10400007e-008,-0.002007813
,,,5.10800007e-008,      -0.002
,,,5.11200007e-008,-0.001976563
,,,5.11600007e-008, -0.00196875
,,,5.12000007e-008,-0.001976563
,,,5.12400007e-008,-0.002039063
,,,5.12800007e-008,-0.002101563
,,,5.13200007e-008,-0.002179688
,,,5.13600007e-008,-0.002210938
,,,5.14000007e-008,-0.002265625
,,,5.14400007e-008,-0.002257813
,,,5.14800007e-008,-0.002265625
,,,5.15200007e-008, -0.00221875
,,,5.15600007e-008, -0.00215625
,,,5.16000007e-008,-0.002078125
,,,5.16400007e-008,-0.002046875
,,,5.16800007e-008,-0.002007813
,,,5.17200007e-008,-0.001945313
,,,5.17600007e-008,-0.001851563
,,,5.18000007e-008, -0.00178125
,,,5.18400007e-008,-0.001703125
,,,5.18800007e-008,  -0.0015625
,,,5.19200007e-008,-0.001484375
,,,5.19600007e-008, -0.00146875
,,,5.20000007e-008,-0.001484375
,,,5.20400007e-008,-0.001515625
,,,5.20800007e-008,-0.001632813
,,,5.21200007e-008,-0.001726563
,,,5.21600007e-008,-0.001859375
,,,5.22000007e-008,-0.001945313
,,,5.22400007e-008,      -0.002
,,,5.22800007e-008,  -0.0020625
,,,5.23200007e-008,  -0.0020625
,,,5.23600007e-008,-0.001960938
,,,5.24000007e-008,-0.001929688
,,,5.24400007e-008,-0.001859375
,,,5.24800007e-008,-0.001804688
,,,5.25200007e-008,    -0.00175
,,,5.25600007e-008,-0.001710938
,,,5.26000007e-008,-0.001671875
,,,5.26400007e-008,  -0.0016875
,,,5.26800007e-008,-0.001640625
,,,5.27200007e-008,-0.001609375
,,,5.27600007e-008,-0.001585938
,,,5.28000007e-008,-0.001546875
,,,5.28400007e-008,-0.001507813
,,,5.28800007e-008,-0.001515625
,,,5.29200007e-008,-0.001484375
,,,5.29600007e-008,-0.001539063
,,,5.30000007e-008,  -0.0015625
,,,5.30400007e-008,-0.001648438
,,,5.30800007e-008,-0.001695313
,,,5.31200007e-008,-0.001765625
,,,5.31600007e-008,-0.001820313
,,,5.32000007e-008,-0.001890625
,,,5.32400007e-008,-0.001914063
,,,5.32800007e-008,  -0.0019375
,,,5.33200007e-008,-0.001882813
,,,5.33600007e-008,-0.001882813
,,,5.34000007e-008,-0.001835938
,,,5.34400007e-008,  -0.0018125
,,,5.34800007e-008,-0.001789063
,,,5.35200007e-008,-0.001789063
,,,5.35600007e-008,-0.001742188
,,,5.36000007e-008,-0.001742188
,,,5.36400007e-008, -0.00165625
,,,5.36800007e-008,-0.001664063
,,,5.37200007e-008,-0.001640625
,,,5.37600007e-008,-0.001710938
,,,5.38000007e-008,-0.001703125
,,,5.38400007e-008,-0.001828125
,,,5.38800007e-008,-0.001851563
,,,5.39200007e-008, -0.00196875
,,,5.39600007e-008,-0.001976563
,,,5.40000007e-008,-0.002023438
,,,5.40400007e-008,-0.002046875
,,,5.40800007e-008, -0.00209375
,,,5.41200007e-008,-0.002085938
,,,5.41600007e-008,-0.002132813
,,,5.42000007e-008,-0.002171875
,,,5.42400007e-008,-0.002164063
,,,5.42800007e-008,  -0.0021875
,,,5.43200007e-008,-0.002203125
,,,5.43600007e-008,-0.002171875
,,,5.44000007e-008,-0.002117188
,,,5.44400007e-008,-0.002015625
,,,5.44800007e-008,-0.001929688
,,,5.45200007e-008,-0.001804688
,,,5.45600007e-008,    -0.00175
,,,5.46000007e-008,-0.001671875
,,,5.46400007e-008,-0.001640625
,,,5.46800007e-008,-0.001679688
,,,5.47200007e-008,-0.001726563
,,,5.47600007e-008,-0.001820313
,,,5.48000007e-008,-0.001921875
,,,5.48400007e-008,-0.002054688
,,,5.48800007e-008,   -0.002125
,,,5.49200007e-008,-0.002171875
,,,5.49600007e-008,-0.002171875
,,,5.50000007e-008,  -0.0021875
,,,5.50400007e-008,-0.002140625
,,,5.50800007e-008,-0.002078125
,,,5.51200007e-008,-0.002015625
,,,5.51600007e-008,-0.001914063
,,,5.52000007e-008,   -0.001875
,,,5.52400007e-008,-0.001867188
,,,5.52800007e-008,  -0.0018125
,,,5.53200007e-008,  -0.0018125
,,,5.53600007e-008,  -0.0018125
,,,5.54000007e-008,    -0.00175
,,,5.54400007e-008,-0.001734375
,,,5.54800007e-008, -0.00171875
,,,5.55200007e-008,  -0.0016875
,,,5.55600007e-008,-0.001703125
,,,5.56000007e-008,-0.001726563
,,,5.56400007e-008,  -0.0018125
,,,5.56800007e-008,-0.001882813
,,,5.57200007e-008,-0.001984375
,,,5.57600007e-008,-0.002046875
,,,5.58000007e-008, -0.00209375
,,,5.58400007e-008,-0.002132813
,,,5.58800007e-008,-0.002164063
,,,5.59200007e-008,-0.002171875
,,,5.59600007e-008,   -0.002125
,,,5.60000007e-008,-0.002140625
,,,5.60400007e-008,   -0.002125
,,,5.60800007e-008,-0.002078125
,,,5.61200007e-008, -0.00203125
,,,5.61600007e-008,-0.001960938
,,,5.62000008e-008, -0.00190625
,,,5.62400008e-008, -0.00184375
,,,5.62800008e-008, -0.00184375
,,,5.63200008e-008,-0.001851563
,,,5.63600008e-008, -0.00184375
,,,5.64000008e-008,-0.001898438
,,,5.64400008e-008, -0.00190625
,,,5.64800008e-008, -0.00196875
,,,5.65200008e-008,-0.001984375
,,,5.65600008e-008,  -0.0019375
,,,5.66000008e-008,  -0.0019375
,,,5.66400008e-008,-0.001898438
,,,5.66800008e-008, -0.00196875
,,,5.67200008e-008,-0.001953125
,,,5.67600008e-008, -0.00196875
,,,5.68000008e-008,      -0.002
,,,5.68400008e-008,-0.002101563
,,,5.68800008e-008,-0.002109375
,,,5.69200008e-008,-0.002109375
,,,5.69600008e-008,-0.002054688
,,,5.70000008e-008,      -0.002
,,,5.70400008e-008,-0.001890625
,,,5.70800008e-008,-0.001757813
,,,5.71200008e-008,-0.001671875
,,,5.71600008e-008,-0.001648438
,,,5.72000008e-008,-0.001648438
,,,5.72400008e-008, -0.00171875
,,,5.72800008e-008,-0.001765625
,,,5.73200008e-008,-0.001835938
,,,5.73600008e-008, -0.00190625
,,,5.74000008e-008,  -0.0019375
,,,5.74400008e-008,  -0.0019375
,,,5.74800008e-008,-0.001914063
,,,5.75200008e-008, -0.00184375
,,,5.75600008e-008,-0.001757813
,,,5.76000008e-008,-0.001757813
,,,5.76400008e-008,-0.001804688
,,,5.76800008e-008,-0.001867188
,,,5.77200008e-008,-0.001929688
,,,5.77600008e-008,-0.001984375
,,,5.78000008e-008,-0.002070313
,,,5.78400008e-008,-0.002085938
,,,5.78800008e-008,-0.002101563
,,,5.79200008e-008,-0.002109375
,,,5.79600008e-008, -0.00203125
,,,5.80000008e-008,-0.002007813
,,,5.80400008e-008,-0.001984375
,,,5.80800008e-008,-0.001890625
,,,5.81200008e-008, -0.00190625
,,,5.81600008e-008,-0.001867188
,,,5.82000008e-008,-0.001914063
,,,5.82400008e-008,-0.001921875
,,,5.82800008e-008,-0.001984375
,,,5.83200008e-008,-0.002023438
,,,5.83600008e-008,-0.002023438
,,,5.84000008e-008,-0.002046875
,,,5.84400008e-008,-0.002015625
,,,5.84800008e-008,-0.001984375
,,,5.85200008e-008,-0.001898438
,,,5.85600008e-008, -0.00184375
,,,5.86000008e-008,-0.001742188
,,,5.86400008e-008,-0.001671875
,,,5.86800008e-008,-0.001585938
,,,5.87200008e-008, -0.00159375
,,,5.87600008e-008,-0.001617188
,,,5.88000008e-008,-0.001640625
,,,5.88400008e-008, -0.00171875
,,,5.88800008e-008,-0.001726563
,,,5.89200008e-008,-0.001757813
,,,5.89600008e-008,-0.001765625
,,,5.90000008e-008,    -0.00175
,,,5.90400008e-008,-0.001695313
,,,5.90800008e-008,  -0.0016875
,,,5.91200008e-008,-0.001679688
,,,5.91600008e-008,-0.001703125
,,,5.92000008e-008,-0.001726563
,,,5.92400008e-008,-0.001734375
,,,5.92800008e-008,-0.001773438
,,,5.93200008e-008,-0.001742188
,,,5.93600008e-008, -0.00171875
,,,5.94000008e-008,-0.001695313
,,,5.94400008e-008,-0.001640625
,,,5.94800008e-008, -0.00153125
,,,5.95200008e-008,     -0.0015
,,,5.95600008e-008,-0.001507813
,,,5.96000008e-008,-0.001515625
,,,5.96400008e-008,-0.001539063
,,,5.96800008e-008, -0.00159375
,,,5.97200008e-008,-0.001617188
,,,5.97600008e-008,-0.001695313
,,,5.98000008e-008,-0.001664063
,,,5.98400008e-008,-0.001695313
,,,5.98800008e-008,-0.001671875
,,,5.99200008e-008,-0.001648438
,,,5.99600008e-008,-0.001640625
,,,6.00000008e-008,-0.001648438
,,,6.00400008e-008, -0.00165625
,,,6.00800008e-008,-0.001710938
,,,6.01200008e-008,-0.001742188
,,,6.01600008e-008,-0.001765625
,,,6.02000008e-008,-0.001742188
,,,6.02400008e-008,-0.001710938
,,,6.02800008e-008,-0.001609375
,,,6.03200008e-008,-0.001539063
,,,6.03600008e-008,-0.001492188
,,,6.04000008e-008, -0.00140625
,,,6.04400008e-008,-0.001382813
,,,6.04800008e-008, -0.00140625
,,,6.05200008e-008,-0.001460938
,,,6.05600008e-008,-0.001570313
,,,6.06000008e-008,  -0.0016875
,,,6.06400008e-008,-0.001765625
,,,6.06800008e-008,  -0.0018125
,,,6.07200008e-008,-0.001867188
,,,6.07600008e-008,-0.001890625
,,,6.08000008e-008,-0.001898438
,,,6.08400008e-008, -0.00190625
,,,6.08800008e-008,-0.001890625
,,,6.09200008e-008,-0.001882813
,,,6.09600008e-008,   -0.001875
,,,6.10000008e-008,   -0.001875
,,,6.10400008e-008,-0.001890625
,,,6.10800008e-008,-0.001851563
,,,6.11200008e-008,   -0.001875
,,,6.11600008e-008,-0.001851563
,,,6.12000008e-008,-0.001835938
,,,6.12400008e-008,-0.001835938
,,,6.12800008e-008,   -0.001875
,,,6.13200008e-008,-0.001867188
,,,6.13600008e-008,-0.001914063
,,,6.14000008e-008,-0.001921875
,,,6.14400008e-008,-0.001945313
,,,6.14800008e-008,-0.001984375
,,,6.15200008e-008,-0.002015625
,,,6.15600008e-008,-0.002007813
,,,6.16000008e-008,-0.002015625
,,,6.16400008e-008,-0.002007813
,,,6.16800008e-008,      -0.002
,,,6.17200008e-008,  -0.0019375
,,,6.17600008e-008, -0.00190625
,,,6.18000008e-008,-0.001890625
,,,6.18400008e-008,-0.001890625
,,,6.18800008e-008, -0.00190625
,,,6.19200008e-008,-0.001953125
,,,6.19600008e-008,-0.001953125
,,,6.20000008e-008,-0.001992188
,,,6.20400008e-008,-0.002054688
,,,6.20800008e-008,-0.002070313
,,,6.21200008e-008,-0.002070313
,,,6.21600008e-008,-0.002054688
,,,6.22000008e-008,-0.002054688
,,,6.22400008e-008,-0.002007813
,,,6.22800008e-008,-0.002046875
,,,6.23200008e-008, -0.00203125
,,,6.23600008e-008,-0.001984375
,,,6.24000008e-008,-0.002015625
,,,6.24400008e-008,-0.001992188
,,,6.24800008e-008,  -0.0019375
,,,6.25200008e-008,-0.001921875
,,,6.25600008e-008,-0.001921875
,,,6.26000008e-008,-0.001898438
,,,6.26400008e-008,-0.001929688
,,,6.26800008e-008,-0.001890625
,,,6.27200008e-008,-0.001921875
,,,6.27600008e-008, -0.00190625
,,,6.28000008e-008,  -0.0019375
,,,6.28400008e-008,      -0.002
,,,6.28800008e-008,-0.001984375
,,,6.29200008e-008,-0.001992188
,,,6.29600008e-008,  -0.0019375
,,,6.30000008e-008,-0.001867188
,,,6.30400008e-008,-0.001867188
,,,6.30800008e-008,-0.001804688
,,,6.31200008e-008,-0.001757813
,,,6.31600008e-008,-0.001820313
,,,6.32000008e-008,-0.001867188
,,,6.32400008e-008,-0.001960938
,,,6.32800008e-008,-0.002078125
,,,6.33200008e-008,-0.002164063
,,,6.33600008e-008,-0.002195313
,,,6.34000008e-008,-0.002210938
,,,6.34400008e-008,-0.002171875
,,,6.34800008e-008, -0.00215625
,,,6.35200008e-008,-0.002054688
,,,6.35600008e-008,      -0.002
,,,6.36000008e-008,-0.001960938
,,,6.36400008e-008,-0.001929688
,,,6.36800009e-008,  -0.0019375
,,,6.37200009e-008,-0.001921875
,,,6.37600009e-008, -0.00190625
,,,6.38000009e-008,-0.001882813
,,,6.38400009e-008,-0.001820313
,,,6.38800009e-008, -0.00171875
,,,6.39200009e-008,-0.001664063
,,,6.39600009e-008,-0.001640625
,,,6.40000009e-008,-0.001617188
,,,6.40400009e-008,-0.001679688
,,,6.40800009e-008, -0.00165625
,,,6.41200009e-008,-0.001734375
,,,6.41600009e-008, -0.00171875
,,,6.42000009e-008,-0.001734375
,,,6.42400009e-008,-0.001726563
,,,6.42800009e-008,-0.001640625
,,,6.43200009e-008,-0.001632813
,,,6.43600009e-008,-0.001609375
,,,6.44000009e-008,-0.001578125
,,,6.44400009e-008,-0.001585938
,,,6.44800009e-008,-0.001609375
,,,6.45200009e-008,-0.001609375
,,,6.45600009e-008,-0.001695313
,,,6.46000009e-008,-0.001695313
,,,6.46400009e-008,-0.001703125
,,,6.46800009e-008,-0.001679688
,,,6.47200009e-008,-0.001648438
,,,6.47600009e-008, -0.00165625
,,,6.48000009e-008,-0.001664063
,,,6.48400009e-008,-0.001679688
,,,6.48800009e-008,  -0.0016875
,,,6.49200009e-008,-0.001726563
,,,6.49600009e-008,    -0.00175
,,,6.50000009e-008,-0.001757813
,,,6.50400009e-008,-0.001726563
,,,6.50800009e-008,-0.001679688
,,,6.51200009e-008, -0.00171875
,,,6.51600009e-008,    -0.00175
,,,6.52000009e-008,-0.001703125
,,,6.52400009e-008,-0.001757813
,,,6.52800009e-008,-0.001796875
,,,6.53200009e-008,-0.001804688
,,,6.53600009e-008,-0.001835938
,,,6.54000009e-008, -0.00184375
,,,6.54400009e-008,-0.001835938
,,,6.54800009e-008,-0.001796875
,,,6.55200009e-008,-0.001773438
,,,6.55600009e-008,-0.001765625
,,,6.56000009e-008,    -0.00175
,,,6.56400009e-008,-0.001789063
,,,6.56800009e-008,-0.001789063
,,,6.57200009e-008,-0.001859375
,,,6.57600009e-008,-0.001890625
,,,6.58000009e-008,-0.001921875
,,,6.58400009e-008,-0.001984375
,,,6.58800009e-008,-0.001945313
,,,6.59200009e-008, -0.00196875
,,,6.59600009e-008,-0.001960938
,,,6.60000009e-008,-0.001976563
,,,6.60400009e-008,-0.002007813
,,,6.60800009e-008,-0.001984375
,,,6.61200009e-008,-0.002070313
,,,6.61600009e-008,-0.002046875
,,,6.62000009e-008,-0.002085938
,,,6.62400009e-008, -0.00209375
,,,6.62800009e-008,   -0.002125
,,,6.63200009e-008, -0.00209375
,,,6.63600009e-008,-0.002085938
,,,6.64000009e-008,-0.002109375
,,,6.64400009e-008,-0.002109375
,,,6.64800009e-008, -0.00215625
,,,6.65200009e-008,-0.002195313
,,,6.65600009e-008,-0.002203125
,,,6.66000009e-008,-0.002226563
,,,6.66400009e-008,  -0.0021875
,,,6.66800009e-008,-0.002117188
,,,6.67200009e-008,-0.002117188
,,,6.67600009e-008,-0.002039063
,,,6.68000009e-008,-0.002007813
,,,6.68400009e-008,-0.001976563
,,,6.68800009e-008,-0.002023438
,,,6.69200009e-008, -0.00203125
,,,6.69600009e-008,-0.002070313
,,,6.70000009e-008,-0.002078125
,,,6.70400009e-008,-0.002078125
,,,6.70800009e-008, -0.00203125
,,,6.71200009e-008,-0.002039063
,,,6.71600009e-008,-0.001953125
,,,6.72000009e-008,-0.001929688
,,,6.72400009e-008,-0.001898438
,,,6.72800009e-008, -0.00196875
,,,6.73200009e-008,-0.001960938
,,,6.73600009e-008,      -0.002
,,,6.74000009e-008,  -0.0020625
,,,6.74400009e-008,-0.002109375
,,,6.74800009e-008,-0.002109375
,,,6.75200009e-008,-0.002085938
,,,6.75600009e-008,  -0.0020625
,,,6.76000009e-008,-0.001992188
,,,6.76400009e-008,-0.001945313
,,,6.76800009e-008,-0.001898438
,,,6.77200009e-008,-0.001882813
,,,6.77600009e-008,-0.001859375
,,,6.78000009e-008,-0.001867188
,,,6.78400009e-008,-0.001867188
,,,6.78800009e-008,-0.001851563
,,,6.79200009e-008, -0.00184375
,,,6.79600009e-008,-0.001851563
,,,6.80000009e-008,-0.001851563
,,,6.80400009e-008,   -0.001875
,,,6.80800009e-008,-0.001867188
,,,6.81200009e-008, -0.00190625
,,,6.81600009e-008,-0.001921875
,,,6.82000009e-008,-0.001929688
,,,6.82400009e-008,-0.001945313
,,,6.82800009e-008,  -0.0019375
,,,6.83200009e-008,-0.001929688
,,,6.83600009e-008,-0.001867188
,,,6.84000009e-008,-0.001835938
,,,6.84400009e-008,-0.001828125
,,,6.84800009e-008,-0.001796875
,,,6.85200009e-008,-0.001789063
,,,6.85600009e-008,-0.001789063
,,,6.86000009e-008,-0.001820313
,,,6.86400009e-008,-0.001773438
,,,6.86800009e-008,-0.001757813
,,,6.87200009e-008,-0.001742188
,,,6.87600009e-008,  -0.0016875
,,,6.88000009e-008, -0.00165625
,,,6.88400009e-008,-0.001671875
,,,6.88800009e-008,-0.001648438
,,,6.89200009e-008,-0.001671875
,,,6.89600009e-008,-0.001789063
,,,6.90000009e-008,-0.001796875
,,,6.90400009e-008,-0.001867188
,,,6.90800009e-008,-0.001820313
,,,6.91200009e-008,  -0.0018125
,,,6.91600009e-008, -0.00178125
,,,6.92000009e-008,-0.001703125
,,,6.92400009e-008,-0.001695313
,,,6.92800009e-008,-0.001609375
,,,6.93200009e-008,-0.001648438
,,,6.93600009e-008,  -0.0016875
,,,6.94000009e-008,-0.001703125
,,,6.94400009e-008,-0.001710938
,,,6.94800009e-008, -0.00171875
,,,6.95200009e-008,  -0.0016875
,,,6.95600009e-008,-0.001710938
,,,6.96000009e-008,-0.001671875
,,,6.96400009e-008,-0.001679688
,,,6.96800009e-008,-0.001679688
,,,6.97200009e-008, -0.00171875
,,,6.97600009e-008,-0.001789063
,,,6.98000009e-008, -0.00178125
,,,6.98400009e-008,-0.001820313
,,,6.98800009e-008,-0.001828125
,,,6.99200009e-008,-0.001820313
,,,6.99600009e-008,-0.001851563
,,,7.00000009e-008,-0.001859375
