"Record Length",2500,"Points",-2.99600004e-008,-0.001359375
"Sample Interval",4.00000005e-011,s,-2.99200004e-008,-0.001421875
"Trigger Point",749,"Samples",-2.98800004e-008,-0.001453125
"Trigger Time",           0,s,-2.98400004e-008,-0.001523438
"",,,-2.98000004e-008,-0.001515625
"Horizontal Offset",-3.00000004e-008,s,-2.97600004e-008,-0.001523438
,,,-2.97200004e-008,-0.001445313
,,,-2.96800004e-008,-0.001445313
,,,-2.96400004e-008,-0.001445313
,,,-2.96000004e-008,-0.001390625
,,,-2.95600004e-008,-0.001445313
,,,-2.95200004e-008,-0.001507813
,,,-2.94800004e-008,-0.001554688
,,,-2.94400004e-008,-0.001585938
,,,-2.94000004e-008,-0.001632813
,,,-2.93600004e-008,-0.001648438
,,,-2.93200004e-008,-0.001609375
,,,-2.92800004e-008,  -0.0015625
,,,-2.92400004e-008,-0.001507813
,,,-2.92000004e-008,-0.001453125
,,,-2.91600004e-008,-0.001429688
,,,-2.91200004e-008,-0.001390625
,,,-2.90800004e-008,-0.001460938
,,,-2.90400004e-008,     -0.0015
,,,-2.90000004e-008,-0.001617188
,,,-2.89600004e-008,-0.001648438
,,,-2.89200004e-008,-0.001679688
,,,-2.88800004e-008,  -0.0016875
,,,-2.88400004e-008,-0.001640625
,,,-2.88000004e-008, -0.00153125
,,,-2.87600004e-008,-0.001484375
,,,-2.87200004e-008,-0.001414063
,,,-2.86800004e-008,-0.001398438
,,,-2.86400004e-008,  -0.0014375
,,,-2.86000004e-008,  -0.0014375
,,,-2.85600004e-008,-0.001507813
,,,-2.85200004e-008,-0.001648438
,,,-2.84800004e-008,-0.001664063
,,,-2.84400004e-008,-0.001726563
,,,-2.84000004e-008,    -0.00175
,,,-2.83600004e-008,-0.001789063
,,,-2.83200004e-008,-0.001757813
,,,-2.82800004e-008,-0.001757813
,,,-2.82400004e-008,-0.001703125
,,,-2.82000004e-008,-0.001671875
,,,-2.81600004e-008,-0.001578125
,,,-2.81200004e-008,-0.001460938
,,,-2.80800004e-008,-0.001351563
,,,-2.80400004e-008,-0.001265625
,,,-2.80000004e-008,-0.001171875
,,,-2.79600004e-008,-0.001101563
,,,-2.79200004e-008, -0.00109375
,,,-2.78800004e-008,-0.001109375
,,,-2.78400004e-008,-0.001171875
,,,-2.78000004e-008,-0.001265625
,,,-2.77600004e-008,  -0.0013125
,,,-2.77200004e-008,-0.001359375
,,,-2.76800004e-008,  -0.0014375
,,,-2.76400004e-008,     -0.0015
,,,-2.76000004e-008,-0.001539063
,,,-2.75600004e-008,  -0.0015625
,,,-2.75200004e-008,-0.001570313
,,,-2.74800004e-008,-0.001539063
,,,-2.74400004e-008,-0.001523438
,,,-2.74000004e-008,-0.001523438
,,,-2.73600004e-008,-0.001507813
,,,-2.73200004e-008,-0.001515625
,,,-2.72800004e-008,-0.001523438
,,,-2.72400004e-008, -0.00153125
,,,-2.72000004e-008, -0.00153125
,,,-2.71600004e-008,-0.001554688
,,,-2.71200004e-008,  -0.0015625
,,,-2.70800004e-008,-0.001601563
,,,-2.70400004e-008,-0.001554688
,,,-2.70000004e-008,-0.001578125
,,,-2.69600004e-008,-0.001507813
,,,-2.69200004e-008,-0.001484375
,,,-2.68800004e-008,  -0.0014375
,,,-2.68400004e-008,-0.001445313
,,,-2.68000004e-008, -0.00140625
,,,-2.67600004e-008,  -0.0014375
,,,-2.67200004e-008,-0.001460938
,,,-2.66800004e-008,-0.001445313
,,,-2.66400004e-008,  -0.0014375
,,,-2.66000004e-008,-0.001421875
,,,-2.65600004e-008,  -0.0014375
,,,-2.65200004e-008,-0.001414063
,,,-2.64800004e-008,-0.001382813
,,,-2.64400004e-008,-0.001351563
,,,-2.64000004e-008,-0.001328125
,,,-2.63600004e-008,-0.001359375
,,,-2.63200004e-008,-0.001351563
,,,-2.62800004e-008,   -0.001375
,,,-2.62400004e-008,  -0.0014375
,,,-2.62000003e-008,-0.001492188
,,,-2.61600003e-008,-0.001523438
,,,-2.61200003e-008,-0.001554688
,,,-2.60800003e-008,-0.001578125
,,,-2.60400003e-008,-0.001570313
,,,-2.60000003e-008,-0.001554688
,,,-2.59600003e-008,-0.001515625
,,,-2.59200003e-008, -0.00153125
,,,-2.58800003e-008,-0.001523438
,,,-2.58400003e-008,-0.001578125
,,,-2.58000003e-008,-0.001578125
,,,-2.57600003e-008,-0.001617188
,,,-2.57200003e-008,-0.001679688
,,,-2.56800003e-008,  -0.0016875
,,,-2.56400003e-008,-0.001710938
,,,-2.56000003e-008,  -0.0016875
,,,-2.55600003e-008, -0.00165625
,,,-2.55200003e-008, -0.00165625
,,,-2.54800003e-008, -0.00159375
,,,-2.54400003e-008,-0.001640625
,,,-2.54000003e-008,   -0.001625
,,,-2.53600003e-008,-0.001609375
,,,-2.53200003e-008,-0.001640625
,,,-2.52800003e-008,  -0.0016875
,,,-2.52400003e-008,-0.001703125
,,,-2.52000003e-008,-0.001703125
,,,-2.51600003e-008,-0.001742188
,,,-2.51200003e-008, -0.00171875
,,,-2.50800003e-008,-0.001679688
,,,-2.50400003e-008,-0.001648438
,,,-2.50000003e-008,-0.001640625
,,,-2.49600003e-008,-0.001640625
,,,-2.49200003e-008,  -0.0015625
,,,-2.48800003e-008,  -0.0015625
,,,-2.48400003e-008,-0.001539063
,,,-2.48000003e-008,-0.001546875
,,,-2.47600003e-008,-0.001523438
,,,-2.47200003e-008,-0.001507813
,,,-2.46800003e-008, -0.00153125
,,,-2.46400003e-008,-0.001570313
,,,-2.46000003e-008,-0.001546875
,,,-2.45600003e-008,  -0.0015625
,,,-2.45200003e-008,-0.001601563
,,,-2.44800003e-008, -0.00165625
,,,-2.44400003e-008, -0.00159375
,,,-2.44000003e-008,-0.001601563
,,,-2.43600003e-008, -0.00159375
,,,-2.43200003e-008,-0.001539063
,,,-2.42800003e-008,  -0.0014375
,,,-2.42400003e-008, -0.00140625
,,,-2.42000003e-008,-0.001382813
,,,-2.41600003e-008,   -0.001375
,,,-2.41200003e-008,-0.001382813
,,,-2.40800003e-008,-0.001445313
,,,-2.40400003e-008,  -0.0014375
,,,-2.40000003e-008,-0.001539063
,,,-2.39600003e-008,-0.001578125
,,,-2.39200003e-008,-0.001578125
,,,-2.38800003e-008,-0.001648438
,,,-2.38400003e-008, -0.00165625
,,,-2.38000003e-008,-0.001679688
,,,-2.37600003e-008,   -0.001625
,,,-2.37200003e-008,-0.001585938
,,,-2.36800003e-008,-0.001585938
,,,-2.36400003e-008,-0.001554688
,,,-2.36000003e-008,  -0.0015625
,,,-2.35600003e-008,-0.001453125
,,,-2.35200003e-008, -0.00140625
,,,-2.34800003e-008,-0.001359375
,,,-2.34400003e-008,-0.001304688
,,,-2.34000003e-008,-0.001265625
,,,-2.33600003e-008,-0.001257813
,,,-2.33200003e-008,-0.001304688
,,,-2.32800003e-008,   -0.001375
,,,-2.32400003e-008,-0.001398438
,,,-2.32000003e-008, -0.00146875
,,,-2.31600003e-008,-0.001507813
,,,-2.31200003e-008,-0.001546875
,,,-2.30800003e-008,  -0.0015625
,,,-2.30400003e-008,-0.001554688
,,,-2.30000003e-008, -0.00159375
,,,-2.29600003e-008,-0.001507813
,,,-2.29200003e-008,-0.001507813
,,,-2.28800003e-008,-0.001453125
,,,-2.28400003e-008,-0.001445313
,,,-2.28000003e-008,-0.001460938
,,,-2.27600003e-008,-0.001460938
,,,-2.27200003e-008,-0.001507813
,,,-2.26800003e-008,-0.001578125
,,,-2.26400003e-008,-0.001609375
,,,-2.26000003e-008, -0.00165625
,,,-2.25600003e-008,-0.001640625
,,,-2.25200003e-008,-0.001632813
,,,-2.24800003e-008,-0.001609375
,,,-2.24400003e-008,  -0.0015625
,,,-2.24000003e-008,-0.001460938
,,,-2.23600003e-008,  -0.0014375
,,,-2.23200003e-008,-0.001414063
,,,-2.22800003e-008,-0.001398438
,,,-2.22400003e-008,-0.001429688
,,,-2.22000003e-008,-0.001460938
,,,-2.21600003e-008,     -0.0015
,,,-2.21200003e-008, -0.00153125
,,,-2.20800003e-008,-0.001515625
,,,-2.20400003e-008,-0.001515625
,,,-2.20000003e-008,-0.001515625
,,,-2.19600003e-008,-0.001507813
,,,-2.19200003e-008, -0.00153125
,,,-2.18800003e-008,-0.001570313
,,,-2.18400003e-008,-0.001609375
,,,-2.18000003e-008,-0.001664063
,,,-2.17600003e-008,-0.001726563
,,,-2.17200003e-008,-0.001757813
,,,-2.16800003e-008,-0.001796875
,,,-2.16400003e-008,-0.001828125
,,,-2.16000003e-008,-0.001773438
,,,-2.15600003e-008,-0.001742188
,,,-2.15200003e-008,-0.001679688
,,,-2.14800003e-008,   -0.001625
,,,-2.14400003e-008,-0.001585938
,,,-2.14000003e-008,-0.001539063
,,,-2.13600003e-008,-0.001507813
,,,-2.13200003e-008,-0.001476563
,,,-2.12800003e-008,-0.001523438
,,,-2.12400003e-008,-0.001507813
,,,-2.12000003e-008,-0.001507813
,,,-2.11600003e-008,-0.001546875
,,,-2.11200003e-008,-0.001476563
,,,-2.10800003e-008,-0.001492188
,,,-2.10400003e-008,     -0.0015
,,,-2.10000003e-008,-0.001484375
,,,-2.09600003e-008,-0.001453125
,,,-2.09200003e-008,     -0.0015
,,,-2.08800003e-008,-0.001554688
,,,-2.08400003e-008,-0.001585938
,,,-2.08000003e-008,-0.001601563
,,,-2.07600003e-008, -0.00165625
,,,-2.07200003e-008,-0.001648438
,,,-2.06800003e-008,-0.001601563
,,,-2.06400003e-008,-0.001546875
,,,-2.06000003e-008,-0.001507813
,,,-2.05600003e-008,-0.001453125
,,,-2.05200003e-008,-0.001453125
,,,-2.04800003e-008,-0.001445313
,,,-2.04400003e-008,-0.001484375
,,,-2.04000003e-008,-0.001515625
,,,-2.03600003e-008,-0.001523438
,,,-2.03200003e-008,  -0.0015625
,,,-2.02800003e-008,-0.001523438
,,,-2.02400003e-008,-0.001492188
,,,-2.02000003e-008,-0.001492188
,,,-2.01600003e-008,-0.001453125
,,,-2.01200003e-008,-0.001453125
,,,-2.00800003e-008,  -0.0014375
,,,-2.00400003e-008, -0.00146875
,,,-2.00000003e-008,-0.001523438
,,,-1.99600003e-008,-0.001539063
,,,-1.99200003e-008,-0.001585938
,,,-1.98800003e-008,-0.001601563
,,,-1.98400003e-008,  -0.0015625
,,,-1.98000003e-008,-0.001554688
,,,-1.97600003e-008,-0.001546875
,,,-1.97200003e-008,-0.001539063
,,,-1.96800003e-008,  -0.0015625
,,,-1.96400003e-008,-0.001546875
,,,-1.96000003e-008,-0.001539063
,,,-1.95600003e-008,-0.001578125
,,,-1.95200003e-008,-0.001507813
,,,-1.94800003e-008,-0.001523438
,,,-1.94400003e-008,-0.001476563
,,,-1.94000003e-008,-0.001429688
,,,-1.93600003e-008, -0.00140625
,,,-1.93200003e-008,-0.001414063
,,,-1.92800003e-008,  -0.0014375
,,,-1.92400003e-008, -0.00146875
,,,-1.92000003e-008,-0.001523438
,,,-1.91600003e-008,-0.001546875
,,,-1.91200003e-008, -0.00159375
,,,-1.90800003e-008,-0.001648438
,,,-1.90400003e-008, -0.00165625
,,,-1.90000003e-008,-0.001679688
,,,-1.89600003e-008,-0.001671875
,,,-1.89200003e-008,-0.001726563
,,,-1.88800003e-008,-0.001695313
,,,-1.88400003e-008,-0.001734375
,,,-1.88000003e-008,-0.001664063
,,,-1.87600003e-008,-0.001601563
,,,-1.87200002e-008,  -0.0015625
,,,-1.86800002e-008,-0.001546875
,,,-1.86400002e-008,-0.001507813
,,,-1.86000002e-008,-0.001523438
,,,-1.85600002e-008,-0.001578125
,,,-1.85200002e-008,-0.001664063
,,,-1.84800002e-008,-0.001671875
,,,-1.84400002e-008,-0.001742188
,,,-1.84000002e-008,-0.001742188
,,,-1.83600002e-008,-0.001679688
,,,-1.83200002e-008,-0.001601563
,,,-1.82800002e-008,-0.001515625
,,,-1.82400002e-008,-0.001398438
,,,-1.82000002e-008, -0.00134375
,,,-1.81600002e-008, -0.00134375
,,,-1.81200002e-008,-0.001335938
,,,-1.80800002e-008,-0.001390625
,,,-1.80400002e-008,-0.001421875
,,,-1.80000002e-008,-0.001507813
,,,-1.79600002e-008,-0.001523438
,,,-1.79200002e-008,     -0.0015
,,,-1.78800002e-008,-0.001523438
,,,-1.78400002e-008,-0.001445313
,,,-1.78000002e-008,-0.001460938
,,,-1.77600002e-008,-0.001484375
,,,-1.77200002e-008,     -0.0015
,,,-1.76800002e-008,  -0.0015625
,,,-1.76400002e-008,-0.001554688
,,,-1.76000002e-008,-0.001578125
,,,-1.75600002e-008,  -0.0015625
,,,-1.75200002e-008,-0.001554688
,,,-1.74800002e-008,-0.001539063
,,,-1.74400002e-008,-0.001539063
,,,-1.74000002e-008,-0.001554688
,,,-1.73600002e-008,-0.001546875
,,,-1.73200002e-008,-0.001585938
,,,-1.72800002e-008,-0.001609375
,,,-1.72400002e-008, -0.00159375
,,,-1.72000002e-008,-0.001585938
,,,-1.71600002e-008,-0.001546875
,,,-1.71200002e-008,-0.001523438
,,,-1.70800002e-008,     -0.0015
,,,-1.70400002e-008,-0.001445313
,,,-1.70000002e-008,-0.001484375
,,,-1.69600002e-008,-0.001523438
,,,-1.69200002e-008,-0.001570313
,,,-1.68800002e-008,-0.001632813
,,,-1.68400002e-008,-0.001710938
,,,-1.68000002e-008, -0.00171875
,,,-1.67600002e-008,-0.001703125
,,,-1.67200002e-008, -0.00165625
,,,-1.66800002e-008,   -0.001625
,,,-1.66400002e-008,-0.001515625
,,,-1.66000002e-008,-0.001414063
,,,-1.65600002e-008,-0.001367188
,,,-1.65200002e-008,-0.001328125
,,,-1.64800002e-008,  -0.0013125
,,,-1.64400002e-008,-0.001359375
,,,-1.64000002e-008,-0.001398438
,,,-1.63600002e-008,-0.001492188
,,,-1.63200002e-008,-0.001554688
,,,-1.62800002e-008,-0.001601563
,,,-1.62400002e-008,-0.001648438
,,,-1.62000002e-008,-0.001671875
,,,-1.61600002e-008,-0.001632813
,,,-1.61200002e-008,-0.001578125
,,,-1.60800002e-008,-0.001492188
,,,-1.60400002e-008,  -0.0014375
,,,-1.60000002e-008,-0.001359375
,,,-1.59600002e-008,  -0.0013125
,,,-1.59200002e-008,-0.001289063
,,,-1.58800002e-008,  -0.0013125
,,,-1.58400002e-008,-0.001359375
,,,-1.58000002e-008,-0.001414063
,,,-1.57600002e-008,     -0.0015
,,,-1.57200002e-008,-0.001523438
,,,-1.56800002e-008,-0.001617188
,,,-1.56400002e-008,-0.001664063
,,,-1.56000002e-008,-0.001695313
,,,-1.55600002e-008,  -0.0016875
,,,-1.55200002e-008,-0.001703125
,,,-1.54800002e-008,  -0.0016875
,,,-1.54400002e-008,-0.001648438
,,,-1.54000002e-008,-0.001617188
,,,-1.53600002e-008,-0.001554688
,,,-1.53200002e-008,-0.001578125
,,,-1.52800002e-008,-0.001507813
,,,-1.52400002e-008,-0.001484375
,,,-1.52000002e-008,-0.001507813
,,,-1.51600002e-008,-0.001515625
,,,-1.51200002e-008,  -0.0015625
,,,-1.50800002e-008,  -0.0015625
,,,-1.50400002e-008,   -0.001625
,,,-1.50000002e-008,-0.001632813
,,,-1.49600002e-008,-0.001609375
,,,-1.49200002e-008,   -0.001625
,,,-1.48800002e-008,-0.001617188
,,,-1.48400002e-008,-0.001585938
,,,-1.48000002e-008, -0.00159375
,,,-1.47600002e-008,  -0.0015625
,,,-1.47200002e-008,-0.001546875
,,,-1.46800002e-008,     -0.0015
,,,-1.46400002e-008,-0.001476563
,,,-1.46000002e-008,-0.001492188
,,,-1.45600002e-008,-0.001476563
,,,-1.45200002e-008,-0.001492188
,,,-1.44800002e-008, -0.00153125
,,,-1.44400002e-008,  -0.0015625
,,,-1.44000002e-008,-0.001609375
,,,-1.43600002e-008, -0.00165625
,,,-1.43200002e-008,-0.001679688
,,,-1.42800002e-008, -0.00171875
,,,-1.42400002e-008, -0.00171875
,,,-1.42000002e-008,-0.001632813
,,,-1.41600002e-008,-0.001578125
,,,-1.41200002e-008,-0.001546875
,,,-1.40800002e-008, -0.00153125
,,,-1.40400002e-008,-0.001523438
,,,-1.40000002e-008,-0.001578125
,,,-1.39600002e-008,-0.001617188
,,,-1.39200002e-008,-0.001679688
,,,-1.38800002e-008,-0.001695313
,,,-1.38400002e-008,-0.001703125
,,,-1.38000002e-008,-0.001671875
,,,-1.37600002e-008, -0.00159375
,,,-1.37200002e-008,-0.001539063
,,,-1.36800002e-008,-0.001484375
,,,-1.36400002e-008,-0.001453125
,,,-1.36000002e-008,-0.001484375
,,,-1.35600002e-008,-0.001484375
,,,-1.35200002e-008,-0.001523438
,,,-1.34800002e-008,-0.001554688
,,,-1.34400002e-008,-0.001570313
,,,-1.34000002e-008, -0.00159375
,,,-1.33600002e-008, -0.00159375
,,,-1.33200002e-008,-0.001578125
,,,-1.32800002e-008,-0.001546875
,,,-1.32400002e-008,-0.001523438
,,,-1.32000002e-008,-0.001539063
,,,-1.31600002e-008,-0.001523438
,,,-1.31200002e-008,-0.001570313
,,,-1.30800002e-008,  -0.0015625
,,,-1.30400002e-008,-0.001585938
,,,-1.30000002e-008,-0.001578125
,,,-1.29600002e-008,-0.001617188
,,,-1.29200002e-008,-0.001609375
,,,-1.28800002e-008,-0.001617188
,,,-1.28400002e-008,-0.001609375
,,,-1.28000002e-008, -0.00165625
,,,-1.27600002e-008,-0.001609375
,,,-1.27200002e-008,-0.001617188
,,,-1.26800002e-008,-0.001617188
,,,-1.26400002e-008,-0.001640625
,,,-1.26000002e-008,   -0.001625
,,,-1.25600002e-008,-0.001617188
,,,-1.25200002e-008,-0.001617188
,,,-1.24800002e-008,-0.001640625
,,,-1.24400002e-008,-0.001640625
,,,-1.24000002e-008,-0.001648438
,,,-1.23600002e-008,-0.001640625
,,,-1.23200002e-008,-0.001679688
,,,-1.22800002e-008, -0.00165625
,,,-1.22400002e-008,-0.001664063
,,,-1.22000002e-008,   -0.001625
,,,-1.21600002e-008,   -0.001625
,,,-1.21200002e-008,-0.001578125
,,,-1.20800002e-008,-0.001578125
,,,-1.20400002e-008,-0.001585938
,,,-1.20000002e-008,  -0.0015625
,,,-1.19600002e-008,-0.001578125
,,,-1.19200002e-008,-0.001546875
,,,-1.18800002e-008,-0.001507813
,,,-1.18400002e-008,-0.001523438
,,,-1.18000002e-008,-0.001476563
,,,-1.17600002e-008,  -0.0014375
,,,-1.17200002e-008,-0.001359375
,,,-1.16800002e-008,-0.001382813
,,,-1.16400002e-008,-0.001351563
,,,-1.16000002e-008,-0.001335938
,,,-1.15600002e-008,-0.001296875
,,,-1.15200002e-008,-0.001328125
,,,-1.14800002e-008,-0.001351563
,,,-1.14400002e-008,   -0.001375
,,,-1.14000002e-008,-0.001460938
,,,-1.13600002e-008,-0.001476563
,,,-1.13200002e-008,-0.001546875
,,,-1.12800002e-008,-0.001632813
,,,-1.12400002e-008,  -0.0016875
,,,-1.12000001e-008, -0.00171875
,,,-1.11600001e-008,-0.001734375
,,,-1.11200001e-008,-0.001734375
,,,-1.10800001e-008,  -0.0016875
,,,-1.10400001e-008,-0.001695313
,,,-1.10000001e-008,-0.001664063
,,,-1.09600001e-008,-0.001601563
,,,-1.09200001e-008,-0.001609375
,,,-1.08800001e-008,-0.001578125
,,,-1.08400001e-008,-0.001578125
,,,-1.08000001e-008,-0.001585938
,,,-1.07600001e-008,-0.001585938
,,,-1.07200001e-008,-0.001570313
,,,-1.06800001e-008, -0.00159375
,,,-1.06400001e-008, -0.00153125
,,,-1.06000001e-008, -0.00153125
,,,-1.05600001e-008,-0.001554688
,,,-1.05200001e-008,-0.001507813
,,,-1.04800001e-008,-0.001523438
,,,-1.04400001e-008,-0.001539063
,,,-1.04000001e-008,-0.001554688
,,,-1.03600001e-008,-0.001570313
,,,-1.03200001e-008,-0.001570313
,,,-1.02800001e-008,-0.001570313
,,,-1.02400001e-008,-0.001609375
,,,-1.02000001e-008,-0.001640625
,,,-1.01600001e-008,-0.001640625
,,,-1.01200001e-008,-0.001679688
,,,-1.00800001e-008,-0.001734375
,,,-1.00400001e-008,-0.001726563
,,,-1.00000001e-008,-0.001734375
,,,-9.96000013e-009,-0.001742188
,,,-9.92000013e-009,-0.001710938
,,,-9.88000013e-009,-0.001695313
,,,-9.84000013e-009,-0.001648438
,,,-9.80000013e-009,   -0.001625
,,,-9.76000013e-009,   -0.001625
,,,-9.72000013e-009, -0.00159375
,,,-9.68000013e-009,   -0.001625
,,,-9.64000013e-009,-0.001617188
,,,-9.60000013e-009, -0.00159375
,,,-9.56000013e-009, -0.00159375
,,,-9.52000013e-009,-0.001570313
,,,-9.48000013e-009,-0.001578125
,,,-9.44000013e-009,-0.001601563
,,,-9.40000013e-009,-0.001617188
,,,-9.36000012e-009,-0.001609375
,,,-9.32000012e-009, -0.00159375
,,,-9.28000012e-009,-0.001570313
,,,-9.24000012e-009, -0.00153125
,,,-9.20000012e-009, -0.00146875
,,,-9.16000012e-009, -0.00140625
,,,-9.12000012e-009,-0.001328125
,,,-9.08000012e-009,    -0.00125
,,,-9.04000012e-009,-0.001242188
,,,-9.00000012e-009,-0.001265625
,,,-8.96000012e-009,-0.001289063
,,,-8.92000012e-009,-0.001414063
,,,-8.88000012e-009,-0.001484375
,,,-8.84000012e-009,-0.001554688
,,,-8.80000012e-009,   -0.001625
,,,-8.76000012e-009,   -0.001625
,,,-8.72000012e-009, -0.00159375
,,,-8.68000012e-009,  -0.0015625
,,,-8.64000012e-009,     -0.0015
,,,-8.60000011e-009,-0.001445313
,,,-8.56000011e-009,-0.001382813
,,,-8.52000011e-009,   -0.001375
,,,-8.48000011e-009,-0.001398438
,,,-8.44000011e-009,  -0.0014375
,,,-8.40000011e-009,-0.001460938
,,,-8.36000011e-009,-0.001429688
,,,-8.32000011e-009,-0.001484375
,,,-8.28000011e-009,-0.001460938
,,,-8.24000011e-009,-0.001492188
,,,-8.20000011e-009,-0.001453125
,,,-8.16000011e-009,-0.001421875
,,,-8.12000011e-009, -0.00140625
,,,-8.08000011e-009,-0.001414063
,,,-8.04000011e-009,  -0.0014375
,,,-8.00000011e-009,-0.001453125
,,,-7.96000011e-009,-0.001507813
,,,-7.92000011e-009, -0.00153125
,,,-7.88000011e-009,  -0.0015625
,,,-7.8400001e-009,-0.001585938
,,,-7.8000001e-009,-0.001554688
,,,-7.7600001e-009,  -0.0015625
,,,-7.7200001e-009,-0.001523438
,,,-7.6800001e-009,-0.001539063
,,,-7.6400001e-009,-0.001554688
,,,-7.6000001e-009,-0.001554688
,,,-7.5600001e-009,-0.001578125
,,,-7.5200001e-009,-0.001617188
,,,-7.4800001e-009,  -0.0015625
,,,-7.4400001e-009,-0.001578125
,,,-7.4000001e-009,-0.001539063
,,,-7.3600001e-009,-0.001492188
,,,-7.3200001e-009,-0.001523438
,,,-7.2800001e-009,-0.001546875
,,,-7.2400001e-009,-0.001539063
,,,-7.2000001e-009,  -0.0015625
,,,-7.1600001e-009, -0.00153125
,,,-7.1200001e-009,-0.001585938
,,,-7.08000009e-009,-0.001578125
,,,-7.04000009e-009,-0.001601563
,,,-7.00000009e-009,-0.001617188
,,,-6.96000009e-009,-0.001609375
,,,-6.92000009e-009,-0.001664063
,,,-6.88000009e-009,-0.001609375
,,,-6.84000009e-009,-0.001617188
,,,-6.80000009e-009,-0.001617188
,,,-6.76000009e-009,-0.001585938
,,,-6.72000009e-009,-0.001578125
,,,-6.68000009e-009, -0.00153125
,,,-6.64000009e-009,-0.001554688
,,,-6.60000009e-009,-0.001554688
,,,-6.56000009e-009,-0.001554688
,,,-6.52000009e-009,-0.001554688
,,,-6.48000009e-009,  -0.0015625
,,,-6.44000009e-009,-0.001585938
,,,-6.40000009e-009,-0.001554688
,,,-6.36000008e-009,-0.001515625
,,,-6.32000008e-009,-0.001453125
,,,-6.28000008e-009,-0.001398438
,,,-6.24000008e-009,-0.001367188
,,,-6.20000008e-009,-0.001320313
,,,-6.16000008e-009,-0.001320313
,,,-6.12000008e-009,-0.001328125
,,,-6.08000008e-009,-0.001328125
,,,-6.04000008e-009,-0.001382813
,,,-6.00000008e-009, -0.00140625
,,,-5.96000008e-009,-0.001460938
,,,-5.92000008e-009, -0.00146875
,,,-5.88000008e-009,-0.001507813
,,,-5.84000008e-009,-0.001539063
,,,-5.80000008e-009,-0.001585938
,,,-5.76000008e-009,-0.001546875
,,,-5.72000008e-009,-0.001484375
,,,-5.68000008e-009,-0.001414063
,,,-5.64000008e-009,-0.001335938
,,,-5.60000007e-009,-0.001257813
,,,-5.56000007e-009,-0.001179688
,,,-5.52000007e-009,   -0.001125
,,,-5.48000007e-009,-0.001117188
,,,-5.44000007e-009,-0.001132813
,,,-5.40000007e-009,  -0.0011875
,,,-5.36000007e-009,-0.001242188
,,,-5.32000007e-009,-0.001296875
,,,-5.28000007e-009,   -0.001375
,,,-5.24000007e-009,-0.001367188
,,,-5.20000007e-009,-0.001351563
,,,-5.16000007e-009, -0.00134375
,,,-5.12000007e-009,-0.001304688
,,,-5.08000007e-009,-0.001296875
,,,-5.04000007e-009,-0.001289063
,,,-5.00000007e-009,-0.001398438
,,,-4.96000007e-009,  -0.0014375
,,,-4.92000007e-009,-0.001515625
,,,-4.88000007e-009,-0.001585938
,,,-4.84000006e-009, -0.00165625
,,,-4.80000006e-009,-0.001671875
,,,-4.76000006e-009,-0.001648438
,,,-4.72000006e-009,-0.001640625
,,,-4.68000006e-009,-0.001601563
,,,-4.64000006e-009,-0.001585938
,,,-4.60000006e-009,-0.001570313
,,,-4.56000006e-009,-0.001539063
,,,-4.52000006e-009,-0.001554688
,,,-4.48000006e-009,-0.001554688
,,,-4.44000006e-009, -0.00153125
,,,-4.40000006e-009,-0.001476563
,,,-4.36000006e-009, -0.00146875
,,,-4.32000006e-009,-0.001453125
,,,-4.28000006e-009,-0.001484375
,,,-4.24000006e-009,-0.001546875
,,,-4.20000006e-009,   -0.001625
,,,-4.16000006e-009,-0.001679688
,,,-4.12000006e-009,-0.001703125
,,,-4.08000005e-009,-0.001734375
,,,-4.04000005e-009,-0.001757813
,,,-4.00000005e-009,-0.001695313
,,,-3.96000005e-009,-0.001648438
,,,-3.92000005e-009, -0.00159375
,,,-3.88000005e-009,-0.001554688
,,,-3.84000005e-009, -0.00153125
,,,-3.80000005e-009,-0.001539063
,,,-3.76000005e-009,     -0.0015
,,,-3.72000005e-009,-0.001445313
,,,-3.68000005e-009,-0.001421875
,,,-3.64000005e-009,-0.001351563
,,,-3.60000005e-009,-0.001359375
,,,-3.56000005e-009,-0.001328125
,,,-3.52000005e-009,-0.001335938
,,,-3.48000005e-009,-0.001320313
,,,-3.44000005e-009,   -0.001375
,,,-3.40000005e-009,-0.001367188
,,,-3.36000004e-009,-0.001367188
,,,-3.32000004e-009,-0.001390625
,,,-3.28000004e-009,-0.001445313
,,,-3.24000004e-009,-0.001414063
,,,-3.20000004e-009,-0.001414063
,,,-3.16000004e-009,-0.001445313
,,,-3.12000004e-009,-0.001460938
,,,-3.08000004e-009,-0.001421875
,,,-3.04000004e-009,-0.001421875
,,,-3.00000004e-009,-0.001359375
,,,-2.96000004e-009, -0.00134375
,,,-2.92000004e-009,-0.001289063
,,,-2.88000004e-009,  -0.0013125
,,,-2.84000004e-009,-0.001367188
,,,-2.80000004e-009,-0.001390625
,,,-2.76000004e-009,-0.001445313
,,,-2.72000004e-009,-0.001515625
,,,-2.68000004e-009,-0.001578125
,,,-2.64000004e-009,  -0.0015625
,,,-2.60000003e-009,-0.001570313
,,,-2.56000003e-009,-0.001523438
,,,-2.52000003e-009,-0.001507813
,,,-2.48000003e-009, -0.00146875
,,,-2.44000003e-009,-0.001460938
,,,-2.40000003e-009, -0.00146875
,,,-2.36000003e-009,-0.001507813
,,,-2.32000003e-009,-0.001617188
,,,-2.28000003e-009, -0.00165625
,,,-2.24000003e-009, -0.00165625
,,,-2.20000003e-009,  -0.0016875
,,,-2.16000003e-009,-0.001640625
,,,-2.12000003e-009,-0.001601563
,,,-2.08000003e-009,-0.001617188
,,,-2.04000003e-009,-0.001546875
,,,-2.00000003e-009,-0.001585938
,,,-1.96000003e-009,-0.001546875
,,,-1.92000003e-009,-0.001539063
,,,-1.88000003e-009, -0.00153125
,,,-1.84000002e-009, -0.00153125
,,,-1.80000002e-009,-0.001507813
,,,-1.76000002e-009,-0.001539063
,,,-1.72000002e-009,-0.001507813
,,,-1.68000002e-009,-0.001492188
,,,-1.64000002e-009,-0.001492188
,,,-1.60000002e-009,-0.001492188
,,,-1.56000002e-009,-0.001554688
,,,-1.52000002e-009,-0.001585938
,,,-1.48000002e-009,-0.001640625
,,,-1.44000002e-009, -0.00159375
,,,-1.40000002e-009,-0.001617188
,,,-1.36000002e-009,-0.001546875
,,,-1.32000002e-009,-0.001554688
,,,-1.28000002e-009,-0.001484375
,,,-1.24000002e-009, -0.00146875
,,,-1.20000002e-009,-0.001484375
,,,-1.16000002e-009, -0.00153125
,,,-1.12000001e-009,-0.001578125
,,,-1.08000001e-009,-0.001671875
,,,-1.04000001e-009,-0.001695313
,,,-1.00000001e-009,-0.001695313
,,,-9.60000013e-010,  -0.0016875
,,,-9.20000012e-010,-0.001601563
,,,-8.80000012e-010,-0.001492188
,,,-8.40000011e-010,-0.001382813
,,,-8.00000011e-010,-0.001320313
,,,-7.6000001e-010,-0.001296875
,,,-7.2000001e-010,-0.001320313
,,,-6.80000009e-010,-0.001359375
,,,-6.40000009e-010,-0.001382813
,,,-6.00000008e-010,  -0.0014375
,,,-5.60000007e-010,-0.001484375
,,,-5.20000007e-010,     -0.0015
,,,-4.80000006e-010,-0.001539063
,,,-4.40000006e-010, -0.00159375
,,,-4.00000005e-010,-0.001679688
,,,-3.60000005e-010,-0.001820313
,,,-3.20000004e-010,-0.001960938
,,,-2.80000004e-010,-0.002203125
,,,-2.40000003e-010,-0.002453125
,,,-2.00000003e-010,-0.002648438
,,,-1.60000002e-010,-0.002835938
,,,-1.20000002e-010,-0.002984375
,,,-8.00000011e-011,-0.003117188
,,,-4.00000005e-011,-0.003164063
,,,           0,-0.003242188
,,,4.00000005e-011, -0.00321875
,,,8.00000011e-011,-0.003140625
,,,1.20000002e-010,      -0.003
,,,1.60000002e-010,-0.002820313
,,,2.00000003e-010,-0.002601563
,,,2.40000003e-010,-0.002296875
,,,2.80000004e-010,-0.001976563
,,,3.20000004e-010,-0.001671875
,,,3.60000005e-010,   -0.001375
,,,4.00000005e-010,   -0.001125
,,,4.40000006e-010,-0.000953125
,,,4.80000006e-010,-0.0008203125
,,,5.20000007e-010,-0.0008359375
,,,5.60000007e-010,-0.000890625
,,,6.00000008e-010,-0.001046875
,,,6.40000009e-010,-0.001289063
,,,6.80000009e-010,-0.001601563
,,,7.2000001e-010, -0.00196875
,,,7.6000001e-010,-0.002382813
,,,8.00000011e-010,-0.002695313
,,,8.40000011e-010,-0.002890625
,,,8.80000012e-010, -0.00284375
,,,9.20000012e-010,-0.002515625
,,,9.60000013e-010,   -0.001875
,,,1.00000001e-009,-0.000703125
,,,1.04000001e-009, 0.000984375
,,,1.08000001e-009, 0.003273438
,,,1.12000001e-009, 0.006101563
,,,1.16000002e-009,  0.00934375
,,,1.20000002e-009,  0.01309375
,,,1.24000002e-009,  0.01703125
,,,1.28000002e-009,  0.02100781
,,,1.32000002e-009,  0.02477344
,,,1.36000002e-009,   0.0280625
,,,1.40000002e-009,  0.03050781
,,,1.44000002e-009,  0.03191406
,,,1.48000002e-009,   0.0319375
,,,1.52000002e-009,  0.03041406
,,,1.56000002e-009,  0.02710156
,,,1.60000002e-009,  0.02195313
,,,1.64000002e-009,  0.01500781
,,,1.68000002e-009, 0.006265625
,,,1.72000002e-009,-0.004054688
,,,1.76000002e-009, -0.01569531
,,,1.80000002e-009, -0.02829688
,,,1.84000002e-009, -0.04139063
,,,1.88000003e-009, -0.05446094
,,,1.92000003e-009,   -0.066875
,,,1.96000003e-009, -0.07801563
,,,2.00000003e-009, -0.08725782
,,,2.04000003e-009, -0.09397657
,,,2.08000003e-009,  -0.0976875
,,,2.12000003e-009, -0.09809375
,,,2.16000003e-009,   -0.094875
,,,2.20000003e-009,  -0.0880625
,,,2.24000003e-009, -0.07786719
,,,2.28000003e-009, -0.06450782
,,,2.32000003e-009, -0.04853125
,,,2.36000003e-009, -0.03057813
,,,2.40000003e-009, -0.01134375
,,,2.44000003e-009,   0.0084375
,,,2.48000003e-009,  0.02791406
,,,2.52000003e-009,  0.04628906
,,,2.56000003e-009,  0.06285157
,,,2.60000003e-009,  0.07689063
,,,2.64000004e-009,  0.08783594
,,,2.68000004e-009,    0.095375
,,,2.72000004e-009,  0.09922657
,,,2.76000004e-009,  0.09942969
,,,2.80000004e-009,  0.09617969
,,,2.84000004e-009,  0.08984375
,,,2.88000004e-009,   0.0810625
,,,2.92000004e-009,   0.0704375
,,,2.96000004e-009,  0.05866407
,,,3.00000004e-009,  0.04655469
,,,3.04000004e-009,  0.03474219
,,,3.08000004e-009,  0.02392969
,,,3.12000004e-009,  0.01450781
,,,3.16000004e-009, 0.007007813
,,,3.20000004e-009, 0.001328125
,,,3.24000004e-009,-0.002242188
,,,3.28000004e-009,-0.004015625
,,,3.32000004e-009,-0.004203125
,,,3.36000004e-009,-0.003234375
,,,3.40000005e-009,-0.001539063
,,,3.44000005e-009,0.0003203125
,,,3.48000005e-009, 0.001921875
,,,3.52000005e-009, 0.002835938
,,,3.56000005e-009, 0.002640625
,,,3.60000005e-009,  0.00115625
,,,3.64000005e-009,    -0.00175
,,,3.68000005e-009, -0.00609375
,,,3.72000005e-009, -0.01167188
,,,3.76000005e-009, -0.01825781
,,,3.80000005e-009, -0.02555469
,,,3.84000005e-009, -0.03304688
,,,3.88000005e-009, -0.04035938
,,,3.92000005e-009, -0.04696094
,,,3.96000005e-009, -0.05247656
,,,4.00000005e-009, -0.05654688
,,,4.04000005e-009, -0.05900782
,,,4.08000005e-009, -0.05966407
,,,4.12000006e-009, -0.05861719
,,,4.16000006e-009, -0.05588282
,,,4.20000006e-009, -0.05178906
,,,4.24000006e-009, -0.04666406
,,,4.28000006e-009, -0.04090625
,,,4.32000006e-009,  -0.0349375
,,,4.36000006e-009, -0.02915625
,,,4.40000006e-009, -0.02402344
,,,4.44000006e-009, -0.01977344
,,,4.48000006e-009, -0.01664063
,,,4.52000006e-009, -0.01464063
,,,4.56000006e-009, -0.01369531
,,,4.60000006e-009, -0.01366406
,,,4.64000006e-009, -0.01420313
,,,4.68000006e-009, -0.01504688
,,,4.72000006e-009, -0.01582813
,,,4.76000006e-009, -0.01628125
,,,4.80000006e-009, -0.01617969
,,,4.84000006e-009, -0.01524219
,,,4.88000007e-009, -0.01344531
,,,4.92000007e-009, -0.01072656
,,,4.96000007e-009,-0.007070313
,,,5.00000007e-009, -0.00259375
,,,5.04000007e-009, 0.002632813
,,,5.08000007e-009, 0.008296875
,,,5.12000007e-009,  0.01415625
,,,5.16000007e-009,  0.01983594
,,,5.20000007e-009,  0.02510156
,,,5.24000007e-009,  0.02960156
,,,5.28000007e-009,  0.03309375
,,,5.32000007e-009,   0.0354375
,,,5.36000007e-009,   0.0365625
,,,5.40000007e-009,  0.03652344
,,,5.44000007e-009,  0.03539844
,,,5.48000007e-009,      0.0335
,,,5.52000007e-009,  0.03096875
,,,5.56000007e-009,  0.02816406
,,,5.60000007e-009,  0.02540625
,,,5.64000008e-009,  0.02283594
,,,5.68000008e-009,  0.02079688
,,,5.72000008e-009,    0.019375
,,,5.76000008e-009,   0.0186875
,,,5.80000008e-009,  0.01866406
,,,5.84000008e-009,  0.01926563
,,,5.88000008e-009,  0.02034375
,,,5.92000008e-009,  0.02169531
,,,5.96000008e-009,  0.02308594
,,,6.00000008e-009,  0.02427344
,,,6.04000008e-009,  0.02517188
,,,6.08000008e-009,  0.02542969
,,,6.12000008e-009,  0.02507031
,,,6.16000008e-009,  0.02395313
,,,6.20000008e-009,  0.02214844
,,,6.24000008e-009,  0.01957031
,,,6.28000008e-009,  0.01633594
,,,6.32000008e-009,  0.01265625
,,,6.36000008e-009, 0.008648438
,,,6.40000009e-009, 0.004523438
,,,6.44000009e-009,0.0005078125
,,,6.48000009e-009,-0.003210938
,,,6.52000009e-009,-0.006429688
,,,6.56000009e-009,-0.009101563
,,,6.60000009e-009, -0.01113281
,,,6.64000009e-009, -0.01254688
,,,6.68000009e-009, -0.01342188
,,,6.72000009e-009, -0.01394531
,,,6.76000009e-009, -0.01420313
,,,6.80000009e-009, -0.01435938
,,,6.84000009e-009,     -0.0145
,,,6.88000009e-009, -0.01478906
,,,6.92000009e-009, -0.01532813
,,,6.96000009e-009,  -0.0160625
,,,7.00000009e-009, -0.01710156
,,,7.04000009e-009, -0.01839844
,,,7.08000009e-009,   -0.019875
,,,7.1200001e-009, -0.02148438
,,,7.1600001e-009, -0.02314063
,,,7.2000001e-009, -0.02469531
,,,7.2400001e-009, -0.02598438
,,,7.2800001e-009, -0.02692969
,,,7.3200001e-009, -0.02744531
,,,7.3600001e-009, -0.02746094
,,,7.4000001e-009, -0.02690625
,,,7.4400001e-009, -0.02585938
,,,7.4800001e-009, -0.02444531
,,,7.5200001e-009,  -0.0226875
,,,7.5600001e-009, -0.02078906
,,,7.6000001e-009, -0.01884375
,,,7.6400001e-009, -0.01707813
,,,7.6800001e-009,  -0.0155625
,,,7.7200001e-009, -0.01438281
,,,7.7600001e-009, -0.01360156
,,,7.8000001e-009, -0.01313281
,,,7.8400001e-009, -0.01304688
,,,7.88000011e-009, -0.01319531
,,,7.92000011e-009,  -0.0135625
,,,7.96000011e-009, -0.01396094
,,,8.00000011e-009, -0.01436719
,,,8.04000011e-009, -0.01457031
,,,8.08000011e-009,  -0.0145625
,,,8.12000011e-009, -0.01422656
,,,8.16000011e-009, -0.01348438
,,,8.20000011e-009, -0.01236719
,,,8.24000011e-009, -0.01078125
,,,8.28000011e-009,-0.008890625
,,,8.32000011e-009,    -0.00675
,,,8.36000011e-009,  -0.0044375
,,,8.40000011e-009,-0.002101563
,,,8.44000011e-009,0.0001640625
,,,8.48000011e-009, 0.002226563
,,,8.52000011e-009, 0.004070313
,,,8.56000011e-009, 0.005585938
,,,8.60000011e-009,   0.0068125
,,,8.64000012e-009,  0.00765625
,,,8.68000012e-009, 0.008234375
,,,8.72000012e-009, 0.008507813
,,,8.76000012e-009, 0.008570313
,,,8.80000012e-009, 0.008578125
,,,8.84000012e-009,  0.00846875
,,,8.88000012e-009,  0.00853125
,,,8.92000012e-009, 0.008679688
,,,8.96000012e-009, 0.008976563
,,,9.00000012e-009, 0.009507813
,,,9.04000012e-009,  0.01029688
,,,9.08000012e-009,  0.01125781
,,,9.12000012e-009,  0.01235156
,,,9.16000012e-009,  0.01350781
,,,9.20000012e-009,  0.01467969
,,,9.24000012e-009,  0.01578906
,,,9.28000012e-009,  0.01670313
,,,9.32000012e-009,  0.01740625
,,,9.36000012e-009,  0.01786719
,,,9.40000013e-009,  0.01796094
,,,9.44000013e-009,   0.0178125
,,,9.48000013e-009,  0.01738281
,,,9.52000013e-009,  0.01666406
,,,9.56000013e-009,  0.01585938
,,,9.60000013e-009,  0.01483594
,,,9.64000013e-009,    0.013875
,,,9.68000013e-009,  0.01288281
,,,9.72000013e-009,  0.01201563
,,,9.76000013e-009,  0.01128125
,,,9.80000013e-009,  0.01071094
,,,9.84000013e-009,  0.01025781
,,,9.88000013e-009, 0.009984375
,,,9.92000013e-009,     0.00975
,,,9.96000013e-009, 0.009601563
,,,1.00000001e-008, 0.009351563
,,,1.00400001e-008,       0.009
,,,1.00800001e-008, 0.008554688
,,,1.01200001e-008, 0.007851563
,,,1.01600001e-008,  0.00703125
,,,1.02000001e-008,  0.00590625
,,,1.02400001e-008, 0.004648438
,,,1.02800001e-008, 0.003179688
,,,1.03200001e-008,   0.0016875
,,,1.03600001e-008,8.59375e-005
,,,1.04000001e-008,-0.001476563
,,,1.04400001e-008,-0.002960938
,,,1.04800001e-008,-0.004351563
,,,1.05200001e-008, -0.00553125
,,,1.05600001e-008,-0.006546875
,,,1.06000001e-008,-0.007335938
,,,1.06400001e-008,-0.007859375
,,,1.06800001e-008,-0.008226563
,,,1.07200001e-008, -0.00840625
,,,1.07600001e-008, -0.00853125
,,,1.08000001e-008,-0.008640625
,,,1.08400001e-008,-0.008820313
,,,1.08800001e-008,  -0.0090625
,,,1.09200001e-008,     -0.0095
,,,1.09600001e-008, -0.01013281
,,,1.10000001e-008, -0.01090625
,,,1.10400001e-008,  -0.0118125
,,,1.10800001e-008, -0.01278906
,,,1.11200001e-008, -0.01380469
,,,1.11600001e-008, -0.01475781
,,,1.12000001e-008, -0.01565625
,,,1.12400002e-008, -0.01640625
,,,1.12800002e-008,  -0.0170625
,,,1.13200002e-008, -0.01749219
,,,1.13600002e-008, -0.01772656
,,,1.14000002e-008, -0.01778125
,,,1.14400002e-008, -0.01760938
,,,1.14800002e-008, -0.01728125
,,,1.15200002e-008, -0.01676563
,,,1.15600002e-008, -0.01610156
,,,1.16000002e-008, -0.01532813
,,,1.16400002e-008, -0.01455469
,,,1.16800002e-008, -0.01378906
,,,1.17200002e-008, -0.01310156
,,,1.17600002e-008, -0.01248438
,,,1.18000002e-008, -0.01207813
,,,1.18400002e-008, -0.01171094
,,,1.18800002e-008, -0.01152344
,,,1.19200002e-008, -0.01142188
,,,1.19600002e-008, -0.01132031
,,,1.20000002e-008, -0.01122656
,,,1.20400002e-008, -0.01104688
,,,1.20800002e-008, -0.01075781
,,,1.21200002e-008, -0.01035156
,,,1.21600002e-008,-0.009765625
,,,1.22000002e-008,-0.009007813
,,,1.22400002e-008,  -0.0081875
,,,1.22800002e-008, -0.00721875
,,,1.23200002e-008,-0.006140625
,,,1.23600002e-008,-0.005015625
,,,1.24000002e-008,-0.003867188
,,,1.24400002e-008,    -0.00275
,,,1.24800002e-008,  -0.0016875
,,,1.25200002e-008,-0.000671875
,,,1.25600002e-008,0.0001953125
,,,1.26000002e-008, 0.000984375
,,,1.26400002e-008, 0.001570313
,,,1.26800002e-008,  0.00209375
,,,1.27200002e-008, 0.002484375
,,,1.27600002e-008, 0.002789063
,,,1.28000002e-008,  0.00309375
,,,1.28400002e-008, 0.003328125
,,,1.28800002e-008, 0.003632813
,,,1.29200002e-008, 0.003960938
,,,1.29600002e-008,   0.0044375
,,,1.30000002e-008, 0.004945313
,,,1.30400002e-008,  0.00553125
,,,1.30800002e-008, 0.006210938
,,,1.31200002e-008, 0.006914063
,,,1.31600002e-008,  0.00765625
,,,1.32000002e-008, 0.008359375
,,,1.32400002e-008, 0.009023438
,,,1.32800002e-008, 0.009648438
,,,1.33200002e-008,  0.01010938
,,,1.33600002e-008,  0.01039844
,,,1.34000002e-008,   0.0105625
,,,1.34400002e-008,  0.01059375
,,,1.34800002e-008,   0.0104375
,,,1.35200002e-008,  0.01021875
,,,1.35600002e-008,    0.009875
,,,1.36000002e-008, 0.009507813
,,,1.36400002e-008, 0.009109375
,,,1.36800002e-008, 0.008679688
,,,1.37200002e-008,  0.00828125
,,,1.37600002e-008, 0.007945313
,,,1.38000002e-008, 0.007632813
,,,1.38400002e-008,  0.00740625
,,,1.38800002e-008, 0.007234375
,,,1.39200002e-008, 0.007132813
,,,1.39600002e-008, 0.007101563
,,,1.40000002e-008,  0.00709375
,,,1.40400002e-008, 0.007085938
,,,1.40800002e-008, 0.007039063
,,,1.41200002e-008, 0.006929688
,,,1.41600002e-008, 0.006703125
,,,1.42000002e-008, 0.006320313
,,,1.42400002e-008, 0.005796875
,,,1.42800002e-008, 0.005148438
,,,1.43200002e-008,  0.00446875
,,,1.43600002e-008, 0.003664063
,,,1.44000002e-008, 0.002898438
,,,1.44400002e-008,  0.00209375
,,,1.44800002e-008, 0.001367188
,,,1.45200002e-008,0.0006328125
,,,1.45600002e-008, 4.6875e-005
,,,1.46000002e-008,-0.0005390625
,,,1.46400002e-008,-0.001023438
,,,1.46800002e-008,-0.001421875
,,,1.47200002e-008,-0.001773438
,,,1.47600002e-008,-0.002039063
,,,1.48000002e-008,-0.002304688
,,,1.48400002e-008,  -0.0025625
,,,1.48800002e-008,-0.002859375
,,,1.49200002e-008, -0.00315625
,,,1.49600002e-008,-0.003460938
,,,1.50000002e-008,-0.003828125
,,,1.50400002e-008,-0.004234375
,,,1.50800002e-008,    -0.00475
,,,1.51200002e-008,-0.005265625
,,,1.51600002e-008,-0.005851563
,,,1.52000002e-008,-0.006460938
,,,1.52400002e-008,  -0.0070625
,,,1.52800002e-008, -0.00771875
,,,1.53200002e-008, -0.00828125
,,,1.53600002e-008,-0.008859375
,,,1.54000002e-008,-0.009242188
,,,1.54400002e-008,-0.009476563
,,,1.54800002e-008,-0.009578125
,,,1.55200002e-008,-0.009578125
,,,1.55600002e-008,-0.009507813
,,,1.56000002e-008, -0.00940625
,,,1.56400002e-008,-0.009296875
,,,1.56800002e-008, -0.00921875
,,,1.57200002e-008,-0.009210938
,,,1.57600002e-008,-0.009210938
,,,1.58000002e-008,-0.009296875
,,,1.58400002e-008,   -0.009375
,,,1.58800002e-008,-0.009507813
,,,1.59200002e-008, -0.00971875
,,,1.59600002e-008,   -0.009875
,,,1.60000002e-008, -0.01000781
,,,1.60400002e-008, -0.01017969
,,,1.60800002e-008, -0.01029688
,,,1.61200002e-008,  -0.0104375
,,,1.61600002e-008,     -0.0105
,,,1.62000002e-008, -0.01046875
,,,1.62400002e-008, -0.01035156
,,,1.62800002e-008, -0.01011719
,,,1.63200002e-008,-0.009765625
,,,1.63600002e-008,-0.009273438
,,,1.64000002e-008,-0.008726563
,,,1.64400002e-008,-0.008117188
,,,1.64800002e-008,  -0.0074375
,,,1.65200002e-008,-0.006742188
,,,1.65600002e-008,-0.006140625
,,,1.66000002e-008,-0.005546875
,,,1.66400002e-008,-0.005046875
,,,1.66800002e-008,-0.004640625
,,,1.67200002e-008,-0.004296875
,,,1.67600002e-008,-0.004007813
,,,1.68000002e-008,-0.003734375
,,,1.68400002e-008,-0.003507813
,,,1.68800002e-008, -0.00321875
,,,1.69200002e-008, -0.00290625
,,,1.69600002e-008,-0.002585938
,,,1.70000002e-008,-0.002242188
,,,1.70400002e-008,-0.001882813
,,,1.70800002e-008,-0.001445313
,,,1.71200002e-008,  -0.0010625
,,,1.71600002e-008,  -0.0006875
,,,1.72000002e-008,-0.0002890625
,,,1.72400002e-008,0.0001484375
,,,1.72800002e-008,0.0006328125
,,,1.73200002e-008, 0.001023438
,,,1.73600002e-008,  0.00140625
,,,1.74000002e-008, 0.001882813
,,,1.74400002e-008, 0.002265625
,,,1.74800002e-008, 0.002601563
,,,1.75200002e-008, 0.002882813
,,,1.75600002e-008,    0.003125
,,,1.76000002e-008, 0.003328125
,,,1.76400002e-008, 0.003484375
,,,1.76800002e-008,  0.00359375
,,,1.77200002e-008, 0.003742188
,,,1.77600002e-008,    0.003875
,,,1.78000002e-008,   0.0040625
,,,1.78400002e-008, 0.004265625
,,,1.78800002e-008,      0.0045
,,,1.79200002e-008, 0.004703125
,,,1.79600002e-008, 0.004898438
,,,1.80000002e-008, 0.005148438
,,,1.80400002e-008, 0.005289063
,,,1.80800002e-008, 0.005429688
,,,1.81200002e-008,   0.0055625
,,,1.81600002e-008, 0.005578125
,,,1.82000002e-008,    0.005625
,,,1.82400002e-008, 0.005554688
,,,1.82800002e-008, 0.005539063
,,,1.83200002e-008, 0.005429688
,,,1.83600002e-008,    0.005375
,,,1.84000002e-008, 0.005359375
,,,1.84400002e-008, 0.005265625
,,,1.84800002e-008, 0.005210938
,,,1.85200002e-008,    0.005125
,,,1.85600002e-008,  0.00496875
,,,1.86000002e-008, 0.004804688
,,,1.86400002e-008,  0.00453125
,,,1.86800002e-008, 0.004164063
,,,1.87200002e-008, 0.003796875
,,,1.87600003e-008,    0.003375
,,,1.88000003e-008, 0.002992188
,,,1.88400003e-008, 0.002648438
,,,1.88800003e-008, 0.002320313
,,,1.89200003e-008, 0.002046875
,,,1.89600003e-008, 0.001835938
,,,1.90000003e-008, 0.001617188
,,,1.90400003e-008,  0.00140625
,,,1.90800003e-008,   0.0011875
,,,1.91200003e-008, 0.000828125
,,,1.91600003e-008,  0.00046875
,,,1.92000003e-008,  9.375e-005
,,,1.92400003e-008,-0.0003671875
,,,1.92800003e-008,-0.0007421875
,,,1.93200003e-008,-0.001164063
,,,1.93600003e-008,-0.001539063
,,,1.94000003e-008,-0.001921875
,,,1.94400003e-008,-0.002265625
,,,1.94800003e-008,-0.002578125
,,,1.95200003e-008,-0.002953125
,,,1.95600003e-008, -0.00328125
,,,1.96000003e-008,-0.003570313
,,,1.96400003e-008,-0.003890625
,,,1.96800003e-008,-0.004171875
,,,1.97200003e-008, -0.00446875
,,,1.97600003e-008,-0.004664063
,,,1.98000003e-008,-0.004914063
,,,1.98400003e-008,-0.005101563
,,,1.98800003e-008,-0.005273438
,,,1.99200003e-008,-0.005421875
,,,1.99600003e-008,-0.005601563
,,,2.00000003e-008, -0.00571875
,,,2.00400003e-008,   -0.005875
,,,2.00800003e-008,-0.006023438
,,,2.01200003e-008,-0.006171875
,,,2.01600003e-008,-0.006273438
,,,2.02000003e-008,-0.006414063
,,,2.02400003e-008,-0.006523438
,,,2.02800003e-008, -0.00665625
,,,2.03200003e-008,-0.006742188
,,,2.03600003e-008,-0.006835938
,,,2.04000003e-008,-0.006851563
,,,2.04400003e-008,-0.006921875
,,,2.04800003e-008,-0.007015625
,,,2.05200003e-008,-0.007070313
,,,2.05600003e-008,  -0.0071875
,,,2.06000003e-008,-0.007296875
,,,2.06400003e-008,-0.007460938
,,,2.06800003e-008,-0.007546875
,,,2.07200003e-008,-0.007648438
,,,2.07600003e-008,-0.007640625
,,,2.08000003e-008,-0.007609375
,,,2.08400003e-008,-0.007460938
,,,2.08800003e-008,-0.007320313
,,,2.09200003e-008,-0.007078125
,,,2.09600003e-008,-0.006859375
,,,2.10000003e-008,-0.006632813
,,,2.10400003e-008,-0.006382813
,,,2.10800003e-008,   -0.006125
,,,2.11200003e-008,-0.005882813
,,,2.11600003e-008,-0.005554688
,,,2.12000003e-008,-0.005195313
,,,2.12400003e-008,-0.004835938
,,,2.12800003e-008,   -0.004375
,,,2.13200003e-008,-0.003882813
,,,2.13600003e-008,-0.003382813
,,,2.14000003e-008,-0.002945313
,,,2.14400003e-008,-0.002546875
,,,2.14800003e-008,-0.002226563
,,,2.15200003e-008,-0.001859375
,,,2.15600003e-008,-0.001664063
,,,2.16000003e-008,-0.001445313
,,,2.16400003e-008,-0.001226563
,,,2.16800003e-008,-0.001015625
,,,2.17200003e-008,  -0.0008125
,,,2.17600003e-008,  -0.0005625
,,,2.18000003e-008, -0.00034375
,,,2.18400003e-008, -0.00015625
,,,2.18800003e-008,-4.6875e-005
,,,2.19200003e-008,0.0001171875
,,,2.19600003e-008,0.0001640625
,,,2.20000003e-008,  0.00021875
,,,2.20400003e-008,0.0003046875
,,,2.20800003e-008,0.0004296875
,,,2.21200003e-008,0.0005234375
,,,2.21600003e-008,0.0006796875
,,,2.22000003e-008,    0.000875
,,,2.22400003e-008, 0.001039063
,,,2.22800003e-008, 0.001148438
,,,2.23200003e-008, 0.001265625
,,,2.23600003e-008, 0.001320313
,,,2.24000003e-008, 0.001390625
,,,2.24400003e-008, 0.001453125
,,,2.24800003e-008, 0.001484375
,,,2.25200003e-008, 0.001585938
,,,2.25600003e-008, 0.001742188
,,,2.26000003e-008, 0.001929688
,,,2.26400003e-008, 0.002148438
,,,2.26800003e-008, 0.002289063
,,,2.27200003e-008, 0.002421875
,,,2.27600003e-008, 0.002453125
,,,2.28000003e-008,    0.002375
,,,2.28400003e-008, 0.002296875
,,,2.28800003e-008, 0.002132813
,,,2.29200003e-008, 0.001992188
,,,2.29600003e-008, 0.001796875
,,,2.30000003e-008, 0.001609375
,,,2.30400003e-008,      0.0015
,,,2.30800003e-008,    0.001375
,,,2.31200003e-008, 0.001304688
,,,2.31600003e-008, 0.001140625
,,,2.32000003e-008, 0.001007813
,,,2.32400003e-008,   0.0009375
,,,2.32800003e-008,0.0007578125
,,,2.33200003e-008,0.0006796875
,,,2.33600003e-008,0.0006328125
,,,2.34000003e-008, 0.000640625
,,,2.34400003e-008,   0.0006875
,,,2.34800003e-008,0.0008515625
,,,2.35200003e-008, 0.001039063
,,,2.35600003e-008, 0.001242188
,,,2.36000003e-008,  0.00146875
,,,2.36400003e-008, 0.001664063
,,,2.36800003e-008, 0.001765625
,,,2.37200003e-008,  0.00184375
,,,2.37600003e-008,  0.00184375
,,,2.38000003e-008, 0.001773438
,,,2.38400003e-008, 0.001640625
,,,2.38800003e-008,      0.0015
,,,2.39200003e-008,   0.0013125
,,,2.39600003e-008, 0.001070313
,,,2.40000003e-008, 0.000828125
,,,2.40400003e-008,      0.0005
,,,2.40800003e-008,0.0001171875
,,,2.41200003e-008,-0.0003671875
,,,2.41600003e-008,-0.0008984375
,,,2.42000003e-008,-0.001507813
,,,2.42400003e-008,-0.002039063
,,,2.42800003e-008,-0.002640625
,,,2.43200003e-008,-0.003109375
,,,2.43600003e-008,-0.003515625
,,,2.44000003e-008,-0.003835938
,,,2.44400003e-008,  -0.0040625
,,,2.44800003e-008,    -0.00425
,,,2.45200003e-008, -0.00434375
,,,2.45600003e-008,-0.004429688
,,,2.46000003e-008,-0.004515625
,,,2.46400003e-008,   -0.004625
,,,2.46800003e-008,-0.004742188
,,,2.47200003e-008,-0.004804688
,,,2.47600003e-008,-0.004835938
,,,2.48000003e-008,-0.004882813
,,,2.48400003e-008,   -0.004875
,,,2.48800003e-008,-0.004890625
,,,2.49200003e-008,-0.004796875
,,,2.49600003e-008,-0.004789063
,,,2.50000003e-008,-0.004710938
,,,2.50400003e-008, -0.00459375
,,,2.50800003e-008,-0.004429688
,,,2.51200003e-008,    -0.00425
,,,2.51600003e-008,-0.004007813
,,,2.52000003e-008,-0.003734375
,,,2.52400003e-008,-0.003445313
,,,2.52800003e-008,  -0.0031875
,,,2.53200003e-008,-0.002960938
,,,2.53600003e-008,-0.002757813
,,,2.54000003e-008, -0.00259375
,,,2.54400003e-008,-0.002445313
,,,2.54800003e-008,-0.002421875
,,,2.55200003e-008,-0.002390625
,,,2.55600003e-008, -0.00240625
,,,2.56000003e-008,-0.002492188
,,,2.56400003e-008,-0.002578125
,,,2.56800003e-008,-0.002742188
,,,2.57200003e-008,-0.002890625
,,,2.57600003e-008,-0.003039063
,,,2.58000003e-008, -0.00321875
,,,2.58400003e-008,-0.003328125
,,,2.58800003e-008,  -0.0034375
,,,2.59200003e-008,-0.003515625
,,,2.59600003e-008, -0.00353125
,,,2.60000003e-008, -0.00353125
,,,2.60400003e-008,     -0.0035
,,,2.60800003e-008,-0.003414063
,,,2.61200003e-008,-0.003335938
,,,2.61600003e-008,-0.003210938
,,,2.62000003e-008, -0.00309375
,,,2.62400004e-008,-0.002953125
,,,2.62800004e-008,-0.002820313
,,,2.63200004e-008,-0.002695313
,,,2.63600004e-008,-0.002601563
,,,2.64000004e-008,-0.002578125
,,,2.64400004e-008,-0.002578125
,,,2.64800004e-008,-0.002609375
,,,2.65200004e-008,-0.002671875
,,,2.65600004e-008,-0.002757813
,,,2.66000004e-008,-0.002773438
,,,2.66400004e-008,-0.002765625
,,,2.66800004e-008,-0.002757813
,,,2.67200004e-008,-0.002671875
,,,2.67600004e-008, -0.00259375
,,,2.68000004e-008,-0.002429688
,,,2.68400004e-008,-0.002320313
,,,2.68800004e-008,-0.002195313
,,,2.69200004e-008,-0.002023438
,,,2.69600004e-008,-0.001867188
,,,2.70000004e-008,-0.001671875
,,,2.70400004e-008,-0.001414063
,,,2.70800004e-008,   -0.001125
,,,2.71200004e-008,  -0.0008125
,,,2.71600004e-008,  -0.0004375
,,,2.72000004e-008, -0.00015625
,,,2.72400004e-008,0.0001953125
,,,2.72800004e-008,0.0004296875
,,,2.73200004e-008,0.0005859375
,,,2.73600004e-008,     0.00075
,,,2.74000004e-008, 0.000828125
,,,2.74400004e-008,0.0009140625
,,,2.74800004e-008,0.0009453125
,,,2.75200004e-008, 0.001007813
,,,2.75600004e-008, 0.001070313
,,,2.76000004e-008, 0.001203125
,,,2.76400004e-008,  0.00128125
,,,2.76800004e-008, 0.001351563
,,,2.77200004e-008,  0.00140625
,,,2.77600004e-008, 0.001460938
,,,2.78000004e-008, 0.001523438
,,,2.78400004e-008, 0.001515625
,,,2.78800004e-008, 0.001453125
,,,2.79200004e-008, 0.001453125
,,,2.79600004e-008, 0.001429688
,,,2.80000004e-008, 0.001367188
,,,2.80400004e-008,  0.00134375
,,,2.80800004e-008, 0.001273438
,,,2.81200004e-008, 0.001234375
,,,2.81600004e-008, 0.001070313
,,,2.82000004e-008,0.0009140625
,,,2.82400004e-008,0.0007109375
,,,2.82800004e-008,0.0005390625
,,,2.83200004e-008, 0.000328125
,,,2.83600004e-008,    0.000125
,,,2.84000004e-008,  3.125e-005
,,,2.84400004e-008,-7.03125e-005
,,,2.84800004e-008,-0.000140625
,,,2.85200004e-008,-0.0001796875
,,,2.85600004e-008,  -0.0001875
,,,2.86000004e-008, -0.00021875
,,,2.86400004e-008,-0.0003203125
,,,2.86800004e-008,-0.000390625
,,,2.87200004e-008,-0.000484375
,,,2.87600004e-008, -0.00065625
,,,2.88000004e-008,-0.000734375
,,,2.88400004e-008,   -0.000875
,,,2.88800004e-008,-0.0009921875
,,,2.89200004e-008,  -0.0010625
,,,2.89600004e-008, -0.00115625
,,,2.90000004e-008,    -0.00125
,,,2.90400004e-008,-0.001367188
,,,2.90800004e-008,-0.001476563
,,,2.91200004e-008,-0.001648438
,,,2.91600004e-008,-0.001851563
,,,2.92000004e-008,-0.002007813
,,,2.92400004e-008,-0.002179688
,,,2.92800004e-008,-0.002335938
,,,2.93200004e-008, -0.00246875
,,,2.93600004e-008,-0.002648438
,,,2.94000004e-008,-0.002757813
,,,2.94400004e-008,-0.002882813
,,,2.94800004e-008,-0.002976563
,,,2.95200004e-008,  -0.0030625
,,,2.95600004e-008,-0.003164063
,,,2.96000004e-008,-0.003234375
,,,2.96400004e-008,-0.003335938
,,,2.96800004e-008,  -0.0034375
,,,2.97200004e-008,-0.003539063
,,,2.97600004e-008,-0.003664063
,,,2.98000004e-008,-0.003734375
,,,2.98400004e-008,  -0.0038125
,,,2.98800004e-008, -0.00384375
,,,2.99200004e-008,-0.003828125
,,,2.99600004e-008,-0.003851563
,,,3.00000004e-008,-0.003765625
,,,3.00400004e-008,-0.003726563
,,,3.00800004e-008, -0.00365625
,,,3.01200004e-008, -0.00359375
,,,3.01600004e-008,-0.003515625
,,,3.02000004e-008,-0.003453125
,,,3.02400004e-008,-0.003398438
,,,3.02800004e-008,-0.003335938
,,,3.03200004e-008,-0.003328125
,,,3.03600004e-008,-0.003234375
,,,3.04000004e-008,-0.003148438
,,,3.04400004e-008,-0.003046875
,,,3.04800004e-008,-0.002851563
,,,3.05200004e-008,-0.002726563
,,,3.05600004e-008,-0.002515625
,,,3.06000004e-008,-0.002382813
,,,3.06400004e-008,-0.002234375
,,,3.06800004e-008,   -0.002125
,,,3.07200004e-008,  -0.0019375
,,,3.07600004e-008,-0.001859375
,,,3.08000004e-008,-0.001695313
,,,3.08400004e-008,-0.001585938
,,,3.08800004e-008, -0.00140625
,,,3.09200004e-008, -0.00128125
,,,3.09600004e-008,-0.001164063
,,,3.10000004e-008,-0.001070313
,,,3.10400004e-008, -0.00103125
,,,3.10800004e-008,-0.0009765625
,,,3.11200004e-008,  -0.0009375
,,,3.11600004e-008, -0.00090625
,,,3.12000004e-008,-0.0008828125
,,,3.12400004e-008,-0.0008359375
,,,3.12800004e-008,-0.0008515625
,,,3.13200004e-008,-0.0008359375
,,,3.13600004e-008,-0.0008671875
,,,3.14000004e-008, -0.00090625
,,,3.14400004e-008, -0.00103125
,,,3.14800004e-008,-0.001046875
,,,3.15200004e-008,-0.001179688
,,,3.15600004e-008, -0.00121875
,,,3.16000004e-008,-0.001273438
,,,3.16400004e-008,-0.001296875
,,,3.16800004e-008,-0.001242188
,,,3.17200004e-008,    -0.00125
,,,3.17600004e-008,    -0.00125
,,,3.18000004e-008,-0.001226563
,,,3.18400004e-008,-0.001210938
,,,3.18800004e-008,-0.001164063
,,,3.19200004e-008,-0.001117188
,,,3.19600004e-008,-0.001015625
,,,3.20000004e-008,-0.000984375
,,,3.20400004e-008,-0.0009296875
,,,3.20800004e-008,-0.0008828125
,,,3.21200004e-008,-0.0008671875
,,,3.21600004e-008, -0.00090625
,,,3.22000004e-008,-0.000953125
,,,3.22400004e-008, -0.00103125
,,,3.22800004e-008,-0.001101563
,,,3.23200004e-008, -0.00115625
,,,3.23600004e-008,-0.001210938
,,,3.24000004e-008,-0.001242188
,,,3.24400004e-008,-0.001242188
,,,3.24800004e-008,-0.001171875
,,,3.25200004e-008,-0.001164063
,,,3.25600004e-008,-0.001164063
,,,3.26000004e-008, -0.00109375
,,,3.26400004e-008,-0.001078125
,,,3.26800004e-008,  -0.0010625
,,,3.27200004e-008,  -0.0010625
,,,3.27600004e-008,-0.001070313
,,,3.28000004e-008,-0.001109375
,,,3.28400004e-008,-0.001132813
,,,3.28800004e-008, -0.00115625
,,,3.29200004e-008, -0.00115625
,,,3.29600004e-008,-0.001132813
,,,3.30000004e-008,-0.001171875
,,,3.30400004e-008,-0.001203125
,,,3.30800004e-008,-0.001289063
,,,3.31200004e-008,-0.001367188
,,,3.31600004e-008,-0.001382813
,,,3.32000004e-008, -0.00146875
,,,3.32400004e-008,     -0.0015
,,,3.32800004e-008, -0.00159375
,,,3.33200004e-008,-0.001617188
,,,3.33600004e-008,-0.001617188
,,,3.34000004e-008,-0.001617188
,,,3.34400004e-008,-0.001554688
,,,3.34800004e-008,     -0.0015
,,,3.35200004e-008,-0.001390625
,,,3.35600004e-008,-0.001265625
,,,3.36000004e-008,-0.001117188
,,,3.36400004e-008,-0.001015625
,,,3.36800004e-008,   -0.000875
,,,3.37200005e-008,   -0.000875
,,,3.37600005e-008,-0.0008046875
,,,3.38000005e-008,-0.000859375
,,,3.38400005e-008,  -0.0009375
,,,3.38800005e-008,-0.001015625
,,,3.39200005e-008,-0.001070313
,,,3.39600005e-008,-0.001132813
,,,3.40000005e-008,-0.001164063
,,,3.40400005e-008,-0.001148438
,,,3.40800005e-008,-0.001085938
,,,3.41200005e-008,-0.001078125
,,,3.41600005e-008,-0.001015625
,,,3.42000005e-008,-0.001007813
,,,3.42400005e-008,      -0.001
,,,3.42800005e-008,-0.001078125
,,,3.43200005e-008,-0.001148438
,,,3.43600005e-008,-0.001234375
,,,3.44000005e-008, -0.00134375
,,,3.44400005e-008,-0.001445313
,,,3.44800005e-008,-0.001601563
,,,3.45200005e-008,-0.001710938
,,,3.45600005e-008,-0.001835938
,,,3.46000005e-008,-0.001984375
,,,3.46400005e-008,-0.002054688
,,,3.46800005e-008,-0.002265625
,,,3.47200005e-008,-0.002398438
,,,3.47600005e-008,-0.002546875
,,,3.48000005e-008,-0.002585938
,,,3.48400005e-008,-0.002664063
,,,3.48800005e-008, -0.00265625
,,,3.49200005e-008,-0.002671875
,,,3.49600005e-008,   -0.002625
,,,3.50000005e-008,-0.002617188
,,,3.50400005e-008,-0.002578125
,,,3.50800005e-008,-0.002601563
,,,3.51200005e-008,-0.002609375
,,,3.51600005e-008,-0.002601563
,,,3.52000005e-008,-0.002585938
,,,3.52400005e-008,-0.002578125
,,,3.52800005e-008, -0.00253125
,,,3.53200005e-008,     -0.0025
,,,3.53600005e-008,-0.002445313
,,,3.54000005e-008,-0.002398438
,,,3.54400005e-008,-0.002359375
,,,3.54800005e-008,-0.002367188
,,,3.55200005e-008,-0.002398438
,,,3.55600005e-008,-0.002398438
,,,3.56000005e-008,-0.002445313
,,,3.56400005e-008,-0.002351563
,,,3.56800005e-008,-0.002320313
,,,3.57200005e-008,-0.002210938
,,,3.57600005e-008,-0.002070313
,,,3.58000005e-008, -0.00196875
,,,3.58400005e-008,-0.001851563
,,,3.58800005e-008,-0.001734375
,,,3.59200005e-008,-0.001679688
,,,3.59600005e-008,-0.001585938
,,,3.60000005e-008,  -0.0015625
,,,3.60400005e-008,-0.001507813
,,,3.60800005e-008,-0.001429688
,,,3.61200005e-008,-0.001421875
,,,3.61600005e-008, -0.00134375
,,,3.62000005e-008,-0.001273438
,,,3.62400005e-008,-0.001226563
,,,3.62800005e-008,-0.001203125
,,,3.63200005e-008,-0.001171875
,,,3.63600005e-008,-0.001148438
,,,3.64000005e-008,-0.001132813
,,,3.64400005e-008,-0.001140625
,,,3.64800005e-008,-0.001085938
,,,3.65200005e-008,-0.001078125
,,,3.65600005e-008,-0.001085938
,,,3.66000005e-008,-0.001109375
,,,3.66400005e-008, -0.00109375
,,,3.66800005e-008,-0.001054688
,,,3.67200005e-008,-0.001007813
,,,3.67600005e-008,-0.0009296875
,,,3.68000005e-008,-0.000859375
,,,3.68400005e-008,-0.0008046875
,,,3.68800005e-008,-0.000765625
,,,3.69200005e-008,-0.000734375
,,,3.69600005e-008,-0.000765625
,,,3.70000005e-008,-0.0008359375
,,,3.70400005e-008,-0.0009296875
,,,3.70800005e-008,-0.000984375
,,,3.71200005e-008,-0.001085938
,,,3.71600005e-008, -0.00115625
,,,3.72000005e-008,-0.001210938
,,,3.72400005e-008,-0.001226563
,,,3.72800005e-008,-0.001273438
,,,3.73200005e-008,-0.001257813
,,,3.73600005e-008,-0.001242188
,,,3.74000005e-008, -0.00121875
,,,3.74400005e-008,-0.001179688
,,,3.74800005e-008,-0.001164063
,,,3.75200005e-008,-0.001164063
,,,3.75600005e-008,-0.001101563
,,,3.76000005e-008,   -0.001125
,,,3.76400005e-008,-0.001070313
,,,3.76800005e-008,-0.001054688
,,,3.77200005e-008, -0.00109375
,,,3.77600005e-008,-0.001101563
,,,3.78000005e-008, -0.00115625
,,,3.78400005e-008,-0.001179688
,,,3.78800005e-008,-0.001195313
,,,3.79200005e-008,-0.001242188
,,,3.79600005e-008,    -0.00125
,,,3.80000005e-008,  -0.0013125
,,,3.80400005e-008, -0.00140625
,,,3.80800005e-008,-0.001453125
,,,3.81200005e-008,-0.001570313
,,,3.81600005e-008,  -0.0016875
,,,3.82000005e-008,-0.001710938
,,,3.82400005e-008,-0.001789063
,,,3.82800005e-008, -0.00178125
,,,3.83200005e-008,    -0.00175
,,,3.83600005e-008,  -0.0016875
,,,3.84000005e-008,-0.001609375
,,,3.84400005e-008,-0.001484375
,,,3.84800005e-008,-0.001414063
,,,3.85200005e-008,-0.001382813
,,,3.85600005e-008,-0.001351563
,,,3.86000005e-008,-0.001382813
,,,3.86400005e-008,-0.001421875
,,,3.86800005e-008,     -0.0015
,,,3.87200005e-008, -0.00159375
,,,3.87600005e-008,-0.001671875
,,,3.88000005e-008,-0.001703125
,,,3.88400005e-008,-0.001773438
,,,3.88800005e-008,-0.001765625
,,,3.89200005e-008,-0.001765625
,,,3.89600005e-008,-0.001726563
,,,3.90000005e-008,-0.001671875
,,,3.90400005e-008, -0.00159375
,,,3.90800005e-008,-0.001601563
,,,3.91200005e-008,-0.001578125
,,,3.91600005e-008, -0.00159375
,,,3.92000005e-008, -0.00165625
,,,3.92400005e-008,-0.001742188
,,,3.92800005e-008,-0.001773438
,,,3.93200005e-008,-0.001859375
,,,3.93600005e-008,-0.001945313
,,,3.94000005e-008,-0.001992188
,,,3.94400005e-008,-0.001945313
,,,3.94800005e-008,-0.002007813
,,,3.95200005e-008,-0.001921875
,,,3.95600005e-008,-0.001867188
,,,3.96000005e-008,-0.001859375
,,,3.96400005e-008,-0.001773438
,,,3.96800005e-008,-0.001820313
,,,3.97200005e-008,  -0.0018125
,,,3.97600005e-008,-0.001867188
,,,3.98000005e-008,-0.001929688
,,,3.98400005e-008,-0.002007813
,,,3.98800005e-008,-0.002015625
,,,3.99200005e-008,-0.002046875
,,,3.99600005e-008, -0.00203125
,,,4.00000005e-008,-0.002007813
,,,4.00400005e-008,-0.001976563
,,,4.00800005e-008, -0.00196875
,,,4.01200005e-008,      -0.002
,,,4.01600005e-008, -0.00196875
,,,4.02000005e-008,-0.002007813
,,,4.02400005e-008,-0.002023438
,,,4.02800005e-008, -0.00203125
,,,4.03200005e-008,-0.002039063
,,,4.03600005e-008, -0.00203125
,,,4.04000005e-008,-0.001976563
,,,4.04400005e-008,-0.001953125
,,,4.04800005e-008,-0.001890625
,,,4.05200005e-008,-0.001828125
,,,4.05600005e-008,-0.001789063
,,,4.06000005e-008,-0.001828125
,,,4.06400005e-008,-0.001773438
,,,4.06800005e-008,  -0.0018125
,,,4.07200005e-008,  -0.0018125
,,,4.07600005e-008,-0.001820313
,,,4.08000005e-008,-0.001773438
,,,4.08400005e-008,-0.001734375
,,,4.08800005e-008,-0.001640625
,,,4.09200005e-008,-0.001554688
,,,4.09600005e-008,-0.001484375
,,,4.10000005e-008,-0.001398438
,,,4.10400005e-008,-0.001367188
,,,4.10800005e-008,   -0.001375
,,,4.11200005e-008,-0.001382813
,,,4.11600005e-008,-0.001359375
,,,4.12000006e-008,-0.001328125
,,,4.12400006e-008, -0.00128125
,,,4.12800006e-008,-0.001203125
,,,4.13200006e-008,   -0.001125
,,,4.13600006e-008,-0.001046875
,,,4.14000006e-008,-0.001015625
,,,4.14400006e-008,-0.000984375
,,,4.14800006e-008,-0.000984375
,,,4.15200006e-008, -0.00103125
,,,4.15600006e-008, -0.00109375
,,,4.16000006e-008,-0.001117188
,,,4.16400006e-008,-0.001101563
,,,4.16800006e-008,   -0.001125
,,,4.17200006e-008,-0.001054688
,,,4.17600006e-008,-0.001023438
,,,4.18000006e-008,-0.0009921875
,,,4.18400006e-008,-0.000953125
,,,4.18800006e-008,-0.0009296875
,,,4.19200006e-008,  -0.0009375
,,,4.19600006e-008,-0.0009296875
,,,4.20000006e-008,-0.0009296875
,,,4.20400006e-008, -0.00096875
,,,4.20800006e-008,-0.000953125
,,,4.21200006e-008,  -0.0009375
,,,4.21600006e-008,-0.0009765625
,,,4.22000006e-008,-0.001015625
,,,4.22400006e-008,-0.001046875
,,,4.22800006e-008, -0.00109375
,,,4.23200006e-008,-0.001140625
,,,4.23600006e-008,-0.001148438
,,,4.24000006e-008,  -0.0011875
,,,4.24400006e-008,  -0.0011875
,,,4.24800006e-008,-0.001164063
,,,4.25200006e-008,-0.001148438
,,,4.25600006e-008,   -0.001125
,,,4.26000006e-008,   -0.001125
,,,4.26400006e-008,   -0.001125
,,,4.26800006e-008,-0.001140625
,,,4.27200006e-008,-0.001210938
,,,4.27600006e-008,-0.001265625
,,,4.28000006e-008,-0.001359375
,,,4.28400006e-008,-0.001484375
,,,4.28800006e-008,-0.001539063
,,,4.29200006e-008,-0.001632813
,,,4.29600006e-008,-0.001664063
,,,4.30000006e-008,-0.001703125
,,,4.30400006e-008,-0.001710938
,,,4.30800006e-008,-0.001710938
,,,4.31200006e-008,-0.001679688
,,,4.31600006e-008,-0.001703125
,,,4.32000006e-008,-0.001726563
,,,4.32400006e-008, -0.00171875
,,,4.32800006e-008,    -0.00175
,,,4.33200006e-008,-0.001757813
,,,4.33600006e-008,-0.001765625
,,,4.34000006e-008, -0.00178125
,,,4.34400006e-008, -0.00178125
,,,4.34800006e-008,-0.001789063
,,,4.35200006e-008,-0.001804688
,,,4.35600006e-008,-0.001851563
,,,4.36000006e-008,-0.001898438
,,,4.36400006e-008,-0.001945313
,,,4.36800006e-008,-0.002039063
,,,4.37200006e-008,-0.002109375
,,,4.37600006e-008,-0.002164063
,,,4.38000006e-008,-0.002234375
,,,4.38400006e-008,-0.002351563
,,,4.38800006e-008,-0.002328125
,,,4.39200006e-008,-0.002304688
,,,4.39600006e-008,-0.002273438
,,,4.40000006e-008,-0.002234375
,,,4.40400006e-008, -0.00215625
,,,4.40800006e-008,-0.002070313
,,,4.41200006e-008,-0.002023438
,,,4.41600006e-008,-0.001953125
,,,4.42000006e-008,-0.001953125
,,,4.42400006e-008, -0.00196875
,,,4.42800006e-008,-0.002007813
,,,4.43200006e-008,-0.002007813
,,,4.43600006e-008,-0.002007813
,,,4.44000006e-008,-0.001960938
,,,4.44400006e-008, -0.00196875
,,,4.44800006e-008,-0.001867188
,,,4.45200006e-008,-0.001804688
,,,4.45600006e-008,-0.001773438
,,,4.46000006e-008,-0.001703125
,,,4.46400006e-008, -0.00171875
,,,4.46800006e-008,-0.001742188
,,,4.47200006e-008,    -0.00175
,,,4.47600006e-008,-0.001757813
,,,4.48000006e-008,-0.001742188
,,,4.48400006e-008,-0.001765625
,,,4.48800006e-008,-0.001765625
,,,4.49200006e-008,-0.001789063
,,,4.49600006e-008,-0.001859375
,,,4.50000006e-008,   -0.001875
,,,4.50400006e-008,-0.001929688
,,,4.50800006e-008, -0.00196875
,,,4.51200006e-008,  -0.0019375
,,,4.51600006e-008,-0.001914063
,,,4.52000006e-008, -0.00184375
,,,4.52400006e-008,-0.001765625
,,,4.52800006e-008,-0.001679688
,,,4.53200006e-008,-0.001601563
,,,4.53600006e-008,-0.001554688
,,,4.54000006e-008,-0.001507813
,,,4.54400006e-008,-0.001507813
,,,4.54800006e-008,-0.001539063
,,,4.55200006e-008,-0.001546875
,,,4.55600006e-008, -0.00153125
,,,4.56000006e-008, -0.00146875
,,,4.56400006e-008,-0.001453125
,,,4.56800006e-008,-0.001445313
,,,4.57200006e-008,-0.001414063
,,,4.57600006e-008,-0.001421875
,,,4.58000006e-008,-0.001421875
,,,4.58400006e-008,  -0.0014375
,,,4.58800006e-008,-0.001398438
,,,4.59200006e-008, -0.00140625
,,,4.59600006e-008,   -0.001375
,,,4.60000006e-008,-0.001359375
,,,4.60400006e-008,-0.001304688
,,,4.60800006e-008,-0.001234375
,,,4.61200006e-008,-0.001195313
,,,4.61600006e-008,-0.001117188
,,,4.62000006e-008,-0.001054688
,,,4.62400006e-008,-0.000984375
,,,4.62800006e-008,-0.001007813
,,,4.63200006e-008,-0.0009921875
,,,4.63600006e-008,-0.001070313
,,,4.64000006e-008,-0.001164063
,,,4.64400006e-008,    -0.00125
,,,4.64800006e-008,-0.001367188
,,,4.65200006e-008,-0.001445313
,,,4.65600006e-008,-0.001460938
,,,4.66000006e-008,-0.001484375
,,,4.66400006e-008,-0.001460938
,,,4.66800006e-008,   -0.001375
,,,4.67200006e-008,-0.001296875
,,,4.67600006e-008,-0.001195313
,,,4.68000006e-008,   -0.001125
,,,4.68400006e-008,-0.001070313
,,,4.68800006e-008, -0.00109375
,,,4.69200006e-008,-0.001148438
,,,4.69600006e-008,-0.001195313
,,,4.70000006e-008, -0.00128125
,,,4.70400006e-008,-0.001320313
,,,4.70800006e-008, -0.00134375
,,,4.71200006e-008,-0.001351563
,,,4.71600006e-008,-0.001320313
,,,4.72000006e-008,-0.001289063
,,,4.72400006e-008,-0.001234375
,,,4.72800006e-008,-0.001226563
,,,4.73200006e-008,-0.001203125
,,,4.73600006e-008,-0.001242188
,,,4.74000006e-008,-0.001359375
,,,4.74400006e-008,  -0.0014375
,,,4.74800006e-008,  -0.0015625
,,,4.75200006e-008,  -0.0016875
,,,4.75600006e-008,  -0.0018125
,,,4.76000006e-008,  -0.0018125
,,,4.76400006e-008,  -0.0018125
,,,4.76800006e-008,-0.001835938
,,,4.77200006e-008,-0.001773438
,,,4.77600006e-008,    -0.00175
,,,4.78000006e-008,-0.001726563
,,,4.78400006e-008,-0.001710938
,,,4.78800006e-008,-0.001734375
,,,4.79200006e-008,-0.001765625
,,,4.79600006e-008,    -0.00175
,,,4.80000006e-008,-0.001734375
,,,4.80400006e-008,-0.001710938
,,,4.80800006e-008,  -0.0016875
,,,4.81200006e-008,-0.001640625
,,,4.81600006e-008,-0.001640625
,,,4.82000006e-008,-0.001609375
,,,4.82400006e-008,-0.001640625
,,,4.82800006e-008,  -0.0016875
,,,4.83200006e-008,   -0.001625
,,,4.83600006e-008,-0.001648438
,,,4.84000006e-008,  -0.0016875
,,,4.84400006e-008,-0.001734375
,,,4.84800006e-008,-0.001757813
,,,4.85200006e-008,-0.001851563
,,,4.85600006e-008,-0.001960938
,,,4.86000006e-008,-0.002054688
,,,4.86400006e-008,-0.002148438
,,,4.86800006e-008,-0.002226563
,,,4.87200007e-008, -0.00228125
,,,4.87600007e-008, -0.00228125
,,,4.88000007e-008, -0.00221875
,,,4.88400007e-008,-0.002132813
,,,4.88800007e-008,  -0.0020625
,,,4.89200007e-008,-0.001976563
,,,4.89600007e-008, -0.00190625
,,,4.90000007e-008,   -0.001875
,,,4.90400007e-008,-0.001851563
,,,4.90800007e-008,-0.001828125
,,,4.91200007e-008,  -0.0018125
,,,4.91600007e-008,-0.001796875
,,,4.92000007e-008,-0.001804688
,,,4.92400007e-008,-0.001757813
,,,4.92800007e-008,-0.001703125
,,,4.93200007e-008,-0.001664063
,,,4.93600007e-008, -0.00159375
,,,4.94000007e-008,-0.001507813
,,,4.94400007e-008, -0.00146875
,,,4.94800007e-008,-0.001492188
,,,4.95200007e-008, -0.00153125
,,,4.95600007e-008,  -0.0015625
,,,4.96000007e-008,-0.001632813
,,,4.96400007e-008,-0.001742188
,,,4.96800007e-008,  -0.0018125
,,,4.97200007e-008,-0.001796875
,,,4.97600007e-008, -0.00178125
,,,4.98000007e-008,-0.001710938
,,,4.98400007e-008,-0.001640625
,,,4.98800007e-008,-0.001523438
,,,4.99200007e-008,     -0.0015
,,,4.99600007e-008,-0.001445313
,,,5.00000007e-008,-0.001429688
,,,5.00400007e-008,-0.001476563
,,,5.00800007e-008,-0.001429688
,,,5.01200007e-008,-0.001414063
,,,5.01600007e-008,-0.001382813
,,,5.02000007e-008,-0.001335938
,,,5.02400007e-008,-0.001273438
,,,5.02800007e-008,-0.001179688
,,,5.03200007e-008,-0.001164063
,,,5.03600007e-008,-0.001171875
,,,5.04000007e-008,-0.001195313
,,,5.04400007e-008,-0.001273438
,,,5.04800007e-008,-0.001320313
,,,5.05200007e-008,  -0.0014375
,,,5.05600007e-008,-0.001484375
,,,5.06000007e-008,-0.001554688
,,,5.06400007e-008, -0.00153125
,,,5.06800007e-008,-0.001578125
,,,5.07200007e-008,-0.001546875
,,,5.07600007e-008,     -0.0015
,,,5.08000007e-008,-0.001507813
,,,5.08400007e-008,-0.001492188
,,,5.08800007e-008,-0.001453125
,,,5.09200007e-008,-0.001421875
,,,5.09600007e-008,-0.001382813
,,,5.10000007e-008,-0.001335938
,,,5.10400007e-008,-0.001226563
,,,5.10800007e-008,-0.001226563
,,,5.11200007e-008,-0.001195313
,,,5.11600007e-008,  -0.0011875
,,,5.12000007e-008,-0.001171875
,,,5.12400007e-008,-0.001210938
,,,5.12800007e-008,    -0.00125
,,,5.13200007e-008, -0.00128125
,,,5.13600007e-008,-0.001328125
,,,5.14000007e-008,   -0.001375
,,,5.14400007e-008,-0.001328125
,,,5.14800007e-008,-0.001328125
,,,5.15200007e-008,-0.001257813
,,,5.15600007e-008,-0.001242188
,,,5.16000007e-008,    -0.00125
,,,5.16400007e-008, -0.00121875
,,,5.16800007e-008,-0.001273438
,,,5.17200007e-008,-0.001328125
,,,5.17600007e-008,-0.001320313
,,,5.18000007e-008,-0.001359375
,,,5.18400007e-008,-0.001359375
,,,5.18800007e-008,   -0.001375
,,,5.19200007e-008,-0.001359375
,,,5.19600007e-008,-0.001351563
,,,5.20000007e-008,-0.001351563
,,,5.20400007e-008,-0.001335938
,,,5.20800007e-008,-0.001359375
,,,5.21200007e-008,-0.001445313
,,,5.21600007e-008,     -0.0015
,,,5.22000007e-008,-0.001554688
,,,5.22400007e-008, -0.00165625
,,,5.22800007e-008, -0.00159375
,,,5.23200007e-008, -0.00159375
,,,5.23600007e-008,-0.001546875
,,,5.24000007e-008,-0.001460938
,,,5.24400007e-008,-0.001390625
,,,5.24800007e-008, -0.00140625
,,,5.25200007e-008,-0.001429688
,,,5.25600007e-008,-0.001476563
,,,5.26000007e-008,-0.001585938
,,,5.26400007e-008,-0.001664063
,,,5.26800007e-008,-0.001773438
,,,5.27200007e-008, -0.00178125
,,,5.27600007e-008, -0.00178125
,,,5.28000007e-008,-0.001757813
,,,5.28400007e-008,  -0.0016875
,,,5.28800007e-008,-0.001601563
,,,5.29200007e-008, -0.00165625
,,,5.29600007e-008,  -0.0016875
,,,5.30000007e-008,  -0.0016875
,,,5.30400007e-008,    -0.00175
,,,5.30800007e-008,-0.001734375
,,,5.31200007e-008,-0.001796875
,,,5.31600007e-008,-0.001742188
,,,5.32000007e-008,-0.001695313
,,,5.32400007e-008,-0.001609375
,,,5.32800007e-008,-0.001585938
,,,5.33200007e-008,-0.001570313
,,,5.33600007e-008,-0.001570313
,,,5.34000007e-008,-0.001601563
,,,5.34400007e-008,-0.001578125
,,,5.34800007e-008,-0.001585938
,,,5.35200007e-008, -0.00165625
,,,5.35600007e-008,-0.001609375
,,,5.36000007e-008,-0.001601563
,,,5.36400007e-008,  -0.0015625
,,,5.36800007e-008,-0.001546875
,,,5.37200007e-008,-0.001539063
,,,5.37600007e-008,-0.001570313
,,,5.38000007e-008,-0.001617188
,,,5.38400007e-008,-0.001617188
,,,5.38800007e-008,-0.001664063
,,,5.39200007e-008,-0.001664063
,,,5.39600007e-008,-0.001695313
,,,5.40000007e-008,-0.001679688
,,,5.40400007e-008, -0.00171875
,,,5.40800007e-008,-0.001726563
,,,5.41200007e-008,-0.001703125
,,,5.41600007e-008,-0.001695313
,,,5.42000007e-008,-0.001710938
,,,5.42400007e-008,-0.001710938
,,,5.42800007e-008,-0.001726563
,,,5.43200007e-008,-0.001710938
,,,5.43600007e-008,-0.001703125
,,,5.44000007e-008,-0.001664063
,,,5.44400007e-008,-0.001632813
,,,5.44800007e-008,-0.001578125
,,,5.45200007e-008,-0.001484375
,,,5.45600007e-008,-0.001507813
,,,5.46000007e-008,-0.001515625
,,,5.46400007e-008,-0.001546875
,,,5.46800007e-008,-0.001539063
,,,5.47200007e-008,-0.001578125
,,,5.47600007e-008,-0.001601563
,,,5.48000007e-008,-0.001601563
,,,5.48400007e-008,  -0.0015625
,,,5.48800007e-008,-0.001523438
,,,5.49200007e-008,-0.001429688
,,,5.49600007e-008,-0.001398438
,,,5.50000007e-008,-0.001328125
,,,5.50400007e-008,-0.001351563
,,,5.50800007e-008,-0.001398438
,,,5.51200007e-008,-0.001390625
,,,5.51600007e-008,-0.001476563
,,,5.52000007e-008,-0.001507813
,,,5.52400007e-008,  -0.0015625
,,,5.52800007e-008,-0.001554688
,,,5.53200007e-008,-0.001476563
,,,5.53600007e-008,-0.001484375
,,,5.54000007e-008,-0.001351563
,,,5.54400007e-008,-0.001320313
,,,5.54800007e-008, -0.00128125
,,,5.55200007e-008,-0.001257813
,,,5.55600007e-008, -0.00121875
,,,5.56000007e-008,-0.001304688
,,,5.56400007e-008,-0.001289063
,,,5.56800007e-008,-0.001367188
,,,5.57200007e-008,-0.001421875
,,,5.57600007e-008,-0.001453125
,,,5.58000007e-008,-0.001507813
,,,5.58400007e-008,-0.001484375
,,,5.58800007e-008,-0.001460938
,,,5.59200007e-008,-0.001453125
,,,5.59600007e-008,   -0.001375
,,,5.60000007e-008,   -0.001375
,,,5.60400007e-008,-0.001367188
,,,5.60800007e-008,-0.001390625
,,,5.61200007e-008,  -0.0014375
,,,5.61600007e-008, -0.00146875
,,,5.62000008e-008,-0.001585938
,,,5.62400008e-008,-0.001609375
,,,5.62800008e-008,-0.001664063
,,,5.63200008e-008,-0.001640625
,,,5.63600008e-008,-0.001601563
,,,5.64000008e-008,-0.001539063
,,,5.64400008e-008, -0.00146875
,,,5.64800008e-008,-0.001421875
,,,5.65200008e-008,-0.001367188
,,,5.65600008e-008,-0.001367188
,,,5.66000008e-008, -0.00134375
,,,5.66400008e-008, -0.00134375
,,,5.66800008e-008,-0.001320313
,,,5.67200008e-008,-0.001320313
,,,5.67600008e-008,-0.001367188
,,,5.68000008e-008,-0.001351563
,,,5.68400008e-008,-0.001390625
,,,5.68800008e-008,-0.001320313
,,,5.69200008e-008,-0.001351563
,,,5.69600008e-008, -0.00140625
,,,5.70000008e-008,-0.001390625
,,,5.70400008e-008,-0.001476563
,,,5.70800008e-008,-0.001476563
,,,5.71200008e-008,-0.001507813
,,,5.71600008e-008,-0.001585938
,,,5.72000008e-008, -0.00165625
,,,5.72400008e-008,-0.001710938
,,,5.72800008e-008,-0.001757813
,,,5.73200008e-008,-0.001796875
,,,5.73600008e-008,-0.001835938
,,,5.74000008e-008,-0.001796875
,,,5.74400008e-008, -0.00178125
,,,5.74800008e-008,-0.001757813
,,,5.75200008e-008,-0.001757813
,,,5.75600008e-008,-0.001710938
,,,5.76000008e-008,-0.001726563
,,,5.76400008e-008,    -0.00175
,,,5.76800008e-008,    -0.00175
,,,5.77200008e-008,-0.001726563
,,,5.77600008e-008,-0.001703125
,,,5.78000008e-008,-0.001648438
,,,5.78400008e-008,-0.001671875
,,,5.78800008e-008,-0.001648438
,,,5.79200008e-008,-0.001632813
,,,5.79600008e-008, -0.00165625
,,,5.80000008e-008,-0.001671875
,,,5.80400008e-008,-0.001726563
,,,5.80800008e-008,-0.001734375
,,,5.81200008e-008,-0.001726563
,,,5.81600008e-008,-0.001726563
,,,5.82000008e-008,-0.001679688
,,,5.82400008e-008,-0.001648438
,,,5.82800008e-008,-0.001648438
,,,5.83200008e-008,   -0.001625
,,,5.83600008e-008,  -0.0016875
,,,5.84000008e-008,-0.001671875
,,,5.84400008e-008,-0.001679688
,,,5.84800008e-008,-0.001710938
,,,5.85200008e-008,-0.001695313
,,,5.85600008e-008,-0.001648438
,,,5.86000008e-008,-0.001601563
,,,5.86400008e-008,-0.001609375
,,,5.86800008e-008,-0.001585938
,,,5.87200008e-008,-0.001585938
,,,5.87600008e-008, -0.00159375
,,,5.88000008e-008,-0.001617188
,,,5.88400008e-008,-0.001648438
,,,5.88800008e-008, -0.00165625
,,,5.89200008e-008,-0.001679688
,,,5.89600008e-008,-0.001609375
,,,5.90000008e-008,-0.001609375
,,,5.90400008e-008, -0.00153125
,,,5.90800008e-008,-0.001515625
,,,5.91200008e-008,-0.001515625
,,,5.91600008e-008,-0.001507813
,,,5.92000008e-008,  -0.0015625
,,,5.92400008e-008,-0.001578125
,,,5.92800008e-008, -0.00159375
,,,5.93200008e-008,-0.001617188
,,,5.93600008e-008,-0.001554688
,,,5.94000008e-008,-0.001546875
,,,5.94400008e-008,-0.001492188
,,,5.94800008e-008,-0.001445313
,,,5.95200008e-008,-0.001414063
,,,5.95600008e-008, -0.00140625
,,,5.96000008e-008, -0.00146875
,,,5.96400008e-008,-0.001515625
,,,5.96800008e-008,-0.001609375
,,,5.97200008e-008,-0.001679688
,,,5.97600008e-008,-0.001726563
,,,5.98000008e-008,-0.001710938
,,,5.98400008e-008,  -0.0016875
,,,5.98800008e-008,-0.001617188
,,,5.99200008e-008,-0.001546875
,,,5.99600008e-008,     -0.0015
,,,6.00000008e-008,-0.001453125
,,,6.00400008e-008,-0.001453125
,,,6.00800008e-008, -0.00146875
,,,6.01200008e-008,     -0.0015
,,,6.01600008e-008,-0.001554688
,,,6.02000008e-008,-0.001632813
,,,6.02400008e-008, -0.00165625
,,,6.02800008e-008,-0.001703125
,,,6.03200008e-008, -0.00171875
,,,6.03600008e-008,-0.001703125
,,,6.04000008e-008,-0.001710938
,,,6.04400008e-008,-0.001703125
,,,6.04800008e-008, -0.00171875
,,,6.05200008e-008,-0.001679688
,,,6.05600008e-008,-0.001703125
,,,6.06000008e-008,  -0.0016875
,,,6.06400008e-008, -0.00165625
,,,6.06800008e-008,-0.001617188
,,,6.07200008e-008,  -0.0015625
,,,6.07600008e-008,-0.001523438
,,,6.08000008e-008,-0.001492188
,,,6.08400008e-008,-0.001515625
,,,6.08800008e-008,-0.001507813
,,,6.09200008e-008,-0.001570313
,,,6.09600008e-008,-0.001578125
,,,6.10000008e-008,-0.001609375
,,,6.10400008e-008,  -0.0015625
,,,6.10800008e-008, -0.00159375
,,,6.11200008e-008, -0.00159375
,,,6.11600008e-008,-0.001585938
,,,6.12000008e-008,-0.001601563
,,,6.12400008e-008,-0.001632813
,,,6.12800008e-008,-0.001695313
,,,6.13200008e-008,  -0.0016875
,,,6.13600008e-008, -0.00171875
,,,6.14000008e-008,-0.001726563
,,,6.14400008e-008,-0.001710938
,,,6.14800008e-008,  -0.0016875
,,,6.15200008e-008,-0.001640625
,,,6.15600008e-008,   -0.001625
,,,6.16000008e-008, -0.00159375
,,,6.16400008e-008,-0.001601563
,,,6.16800008e-008, -0.00159375
,,,6.17200008e-008, -0.00159375
,,,6.17600008e-008,-0.001601563
,,,6.18000008e-008,   -0.001625
,,,6.18400008e-008,-0.001601563
,,,6.18800008e-008,-0.001640625
,,,6.19200008e-008,-0.001609375
,,,6.19600008e-008,   -0.001625
,,,6.20000008e-008,-0.001664063
,,,6.20400008e-008, -0.00171875
,,,6.20800008e-008,-0.001726563
,,,6.21200008e-008,-0.001734375
,,,6.21600008e-008, -0.00178125
,,,6.22000008e-008,    -0.00175
,,,6.22400008e-008,-0.001757813
,,,6.22800008e-008,    -0.00175
,,,6.23200008e-008,-0.001742188
,,,6.23600008e-008,-0.001734375
,,,6.24000008e-008, -0.00171875
,,,6.24400008e-008,  -0.0016875
,,,6.24800008e-008,-0.001695313
,,,6.25200008e-008,-0.001710938
,,,6.25600008e-008,-0.001765625
,,,6.26000008e-008,-0.001726563
,,,6.26400008e-008,-0.001765625
,,,6.26800008e-008, -0.00178125
,,,6.27200008e-008,-0.001773438
,,,6.27600008e-008,    -0.00175
,,,6.28000008e-008,-0.001726563
,,,6.28400008e-008,  -0.0016875
,,,6.28800008e-008, -0.00165625
,,,6.29200008e-008,-0.001585938
,,,6.29600008e-008, -0.00159375
,,,6.30000008e-008,-0.001554688
,,,6.30400008e-008,  -0.0015625
,,,6.30800008e-008,-0.001515625
,,,6.31200008e-008,-0.001492188
,,,6.31600008e-008,-0.001421875
,,,6.32000008e-008,-0.001359375
,,,6.32400008e-008,  -0.0013125
,,,6.32800008e-008,-0.001304688
,,,6.33200008e-008,-0.001296875
,,,6.33600008e-008,-0.001304688
,,,6.34000008e-008,-0.001359375
,,,6.34400008e-008,-0.001398438
,,,6.34800008e-008,-0.001507813
,,,6.35200008e-008,-0.001515625
,,,6.35600008e-008,  -0.0015625
,,,6.36000008e-008,-0.001601563
,,,6.36400008e-008, -0.00159375
,,,6.36800009e-008,-0.001601563
,,,6.37200009e-008,-0.001554688
,,,6.37600009e-008,-0.001554688
,,,6.38000009e-008,-0.001578125
,,,6.38400009e-008,-0.001585938
,,,6.38800009e-008,  -0.0015625
,,,6.39200009e-008,-0.001585938
,,,6.39600009e-008, -0.00159375
,,,6.40000009e-008, -0.00159375
,,,6.40400009e-008,-0.001578125
,,,6.40800009e-008,-0.001554688
,,,6.41200009e-008, -0.00153125
,,,6.41600009e-008,-0.001476563
,,,6.42000009e-008,  -0.0014375
,,,6.42400009e-008,-0.001414063
,,,6.42800009e-008,-0.001359375
,,,6.43200009e-008,-0.001359375
,,,6.43600009e-008, -0.00134375
,,,6.44000009e-008,-0.001367188
,,,6.44400009e-008,-0.001390625
,,,6.44800009e-008,-0.001445313
,,,6.45200009e-008,-0.001515625
,,,6.45600009e-008,-0.001539063
,,,6.46000009e-008,  -0.0015625
,,,6.46400009e-008,-0.001585938
,,,6.46800009e-008,   -0.001625
,,,6.47200009e-008,   -0.001625
,,,6.47600009e-008, -0.00165625
,,,6.48000009e-008, -0.00165625
,,,6.48400009e-008,   -0.001625
,,,6.48800009e-008,-0.001632813
,,,6.49200009e-008, -0.00159375
,,,6.49600009e-008, -0.00153125
,,,6.50000009e-008, -0.00146875
,,,6.50400009e-008,-0.001445313
,,,6.50800009e-008,   -0.001375
,,,6.51200009e-008,-0.001351563
,,,6.51600009e-008,-0.001304688
,,,6.52000009e-008,-0.001359375
,,,6.52400009e-008,-0.001359375
,,,6.52800009e-008,-0.001414063
,,,6.53200009e-008,-0.001429688
,,,6.53600009e-008,     -0.0015
,,,6.54000009e-008,-0.001515625
,,,6.54400009e-008,-0.001578125
,,,6.54800009e-008,-0.001617188
,,,6.55200009e-008,   -0.001625
,,,6.55600009e-008,-0.001671875
,,,6.56000009e-008,-0.001671875
,,,6.56400009e-008,-0.001617188
,,,6.56800009e-008,-0.001585938
,,,6.57200009e-008,-0.001539063
,,,6.57600009e-008, -0.00153125
,,,6.58000009e-008,-0.001476563
,,,6.58400009e-008,  -0.0015625
,,,6.58800009e-008,-0.001578125
,,,6.59200009e-008,-0.001679688
,,,6.59600009e-008,    -0.00175
,,,6.60000009e-008,  -0.0018125
,,,6.60400009e-008,-0.001882813
,,,6.60800009e-008,-0.001867188
,,,6.61200009e-008,-0.001804688
,,,6.61600009e-008,-0.001796875
,,,6.62000009e-008,-0.001726563
,,,6.62400009e-008,-0.001695313
,,,6.62800009e-008,-0.001671875
,,,6.63200009e-008, -0.00165625
,,,6.63600009e-008,-0.001664063
,,,6.64000009e-008,-0.001632813
,,,6.64400009e-008,-0.001609375
,,,6.64800009e-008,-0.001617188
,,,6.65200009e-008, -0.00165625
,,,6.65600009e-008,-0.001632813
,,,6.66000009e-008,-0.001679688
,,,6.66400009e-008,-0.001671875
,,,6.66800009e-008,-0.001742188
,,,6.67200009e-008,    -0.00175
,,,6.67600009e-008,-0.001765625
,,,6.68000009e-008, -0.00178125
,,,6.68400009e-008,-0.001789063
,,,6.68800009e-008,-0.001710938
,,,6.69200009e-008,-0.001695313
,,,6.69600009e-008, -0.00159375
,,,6.70000009e-008,-0.001546875
,,,6.70400009e-008,-0.001554688
,,,6.70800009e-008,-0.001507813
,,,6.71200009e-008,-0.001515625
,,,6.71600009e-008,-0.001476563
,,,6.72000009e-008,-0.001492188
,,,6.72400009e-008, -0.00146875
,,,6.72800009e-008, -0.00146875
,,,6.73200009e-008,-0.001421875
,,,6.73600009e-008,-0.001390625
,,,6.74000009e-008,-0.001382813
,,,6.74400009e-008,-0.001382813
,,,6.74800009e-008,-0.001398438
,,,6.75200009e-008,-0.001445313
,,,6.75600009e-008,-0.001523438
,,,6.76000009e-008,-0.001539063
,,,6.76400009e-008,-0.001609375
,,,6.76800009e-008, -0.00159375
,,,6.77200009e-008,-0.001601563
,,,6.77600009e-008,-0.001601563
,,,6.78000009e-008,-0.001578125
,,,6.78400009e-008,-0.001554688
,,,6.78800009e-008,-0.001554688
,,,6.79200009e-008,-0.001492188
,,,6.79600009e-008,     -0.0015
,,,6.80000009e-008,-0.001539063
,,,6.80400009e-008,-0.001523438
,,,6.80800009e-008,-0.001539063
,,,6.81200009e-008,-0.001515625
,,,6.81600009e-008,-0.001523438
,,,6.82000009e-008,-0.001539063
,,,6.82400009e-008,-0.001515625
,,,6.82800009e-008,-0.001515625
,,,6.83200009e-008,-0.001515625
,,,6.83600009e-008,  -0.0015625
,,,6.84000009e-008,-0.001554688
,,,6.84400009e-008,-0.001640625
,,,6.84800009e-008,-0.001632813
,,,6.85200009e-008,-0.001617188
,,,6.85600009e-008,-0.001570313
,,,6.86000009e-008,-0.001523438
,,,6.86400009e-008,-0.001421875
,,,6.86800009e-008,-0.001328125
,,,6.87200009e-008,-0.001265625
,,,6.87600009e-008, -0.00121875
,,,6.88000009e-008, -0.00121875
,,,6.88400009e-008,-0.001226563
,,,6.88800009e-008,-0.001242188
,,,6.89200009e-008,-0.001335938
,,,6.89600009e-008,-0.001382813
,,,6.90000009e-008,-0.001445313
,,,6.90400009e-008,-0.001476563
,,,6.90800009e-008,-0.001515625
,,,6.91200009e-008, -0.00153125
,,,6.91600009e-008,-0.001507813
,,,6.92000009e-008,-0.001507813
,,,6.92400009e-008,-0.001445313
,,,6.92800009e-008,-0.001445313
,,,6.93200009e-008,-0.001398438
,,,6.93600009e-008,   -0.001375
,,,6.94000009e-008,-0.001351563
,,,6.94400009e-008,-0.001328125
,,,6.94800009e-008,-0.001328125
,,,6.95200009e-008, -0.00134375
,,,6.95600009e-008,-0.001398438
,,,6.96000009e-008,-0.001445313
,,,6.96400009e-008,-0.001453125
,,,6.96800009e-008,-0.001453125
,,,6.97200009e-008,-0.001453125
,,,6.97600009e-008,-0.001453125
,,,6.98000009e-008,-0.001453125
,,,6.98400009e-008,-0.001421875
,,,6.98800009e-008,-0.001398438
,,,6.99200009e-008, -0.00140625
,,,6.99600009e-008,  -0.0014375
,,,7.00000009e-008,-0.001421875
