"Record Length",2500,"Points",-2.99600004e-008,-0.001710938
"Sample Interval",4.00000005e-011,s,-2.99200004e-008,-0.001765625
"Trigger Point",749,"Samples",-2.98800004e-008,-0.001828125
"Trigger Time",           0,s,-2.98400004e-008,-0.001882813
"",,,-2.98000004e-008,-0.001921875
"Horizontal Offset",-3.00000004e-008,s,-2.97600004e-008,-0.001976563
,,,-2.97200004e-008,-0.001992188
,,,-2.96800004e-008,  -0.0019375
,,,-2.96400004e-008,-0.001929688
,,,-2.96000004e-008,-0.001898438
,,,-2.95600004e-008, -0.00184375
,,,-2.95200004e-008,  -0.0018125
,,,-2.94800004e-008, -0.00178125
,,,-2.94400004e-008,-0.001835938
,,,-2.94000004e-008, -0.00190625
,,,-2.93600004e-008,-0.001945313
,,,-2.93200004e-008,-0.001984375
,,,-2.92800004e-008,      -0.002
,,,-2.92400004e-008,-0.002046875
,,,-2.92000004e-008,-0.002054688
,,,-2.91600004e-008,-0.002023438
,,,-2.91200004e-008,-0.002070313
,,,-2.90800004e-008,-0.002023438
,,,-2.90400004e-008,-0.002054688
,,,-2.90000004e-008,-0.001984375
,,,-2.89600004e-008, -0.00196875
,,,-2.89200004e-008,-0.001890625
,,,-2.88800004e-008,-0.001804688
,,,-2.88400004e-008,  -0.0018125
,,,-2.88000004e-008,  -0.0016875
,,,-2.87600004e-008,-0.001695313
,,,-2.87200004e-008,-0.001664063
,,,-2.86800004e-008,-0.001664063
,,,-2.86400004e-008,-0.001671875
,,,-2.86000004e-008,-0.001679688
,,,-2.85600004e-008,  -0.0016875
,,,-2.85200004e-008,-0.001726563
,,,-2.84800004e-008,-0.001726563
,,,-2.84400004e-008, -0.00178125
,,,-2.84000004e-008,  -0.0018125
,,,-2.83600004e-008,   -0.001875
,,,-2.83200004e-008,  -0.0019375
,,,-2.82800004e-008,-0.002070313
,,,-2.82400004e-008,-0.002085938
,,,-2.82000004e-008,   -0.002125
,,,-2.81600004e-008,-0.002101563
,,,-2.81200004e-008,  -0.0020625
,,,-2.80800004e-008, -0.00196875
,,,-2.80400004e-008,-0.001898438
,,,-2.80000004e-008,-0.001773438
,,,-2.79600004e-008,-0.001734375
,,,-2.79200004e-008, -0.00165625
,,,-2.78800004e-008, -0.00165625
,,,-2.78400004e-008,-0.001640625
,,,-2.78000004e-008, -0.00165625
,,,-2.77600004e-008,-0.001632813
,,,-2.77200004e-008,-0.001601563
,,,-2.76800004e-008,-0.001609375
,,,-2.76400004e-008,-0.001539063
,,,-2.76000004e-008,-0.001570313
,,,-2.75600004e-008,-0.001609375
,,,-2.75200004e-008, -0.00165625
,,,-2.74800004e-008,-0.001742188
,,,-2.74400004e-008,   -0.001875
,,,-2.74000004e-008,-0.001914063
,,,-2.73600004e-008,  -0.0019375
,,,-2.73200004e-008,-0.002039063
,,,-2.72800004e-008, -0.00209375
,,,-2.72400004e-008,  -0.0020625
,,,-2.72000004e-008,-0.002078125
,,,-2.71600004e-008, -0.00209375
,,,-2.71200004e-008,-0.002070313
,,,-2.70800004e-008,-0.002039063
,,,-2.70400004e-008,-0.001992188
,,,-2.70000004e-008, -0.00190625
,,,-2.69600004e-008,-0.001835938
,,,-2.69200004e-008,-0.001789063
,,,-2.68800004e-008,-0.001757813
,,,-2.68400004e-008,-0.001796875
,,,-2.68000004e-008,-0.001765625
,,,-2.67600004e-008,-0.001773438
,,,-2.67200004e-008,-0.001835938
,,,-2.66800004e-008,-0.001820313
,,,-2.66400004e-008, -0.00178125
,,,-2.66000004e-008,-0.001695313
,,,-2.65600004e-008, -0.00165625
,,,-2.65200004e-008,-0.001554688
,,,-2.64800004e-008,-0.001539063
,,,-2.64400004e-008,-0.001578125
,,,-2.64000004e-008,-0.001585938
,,,-2.63600004e-008,-0.001648438
,,,-2.63200004e-008,-0.001679688
,,,-2.62800004e-008,-0.001742188
,,,-2.62400004e-008,-0.001726563
,,,-2.62000003e-008,-0.001703125
,,,-2.61600003e-008,-0.001695313
,,,-2.61200003e-008,-0.001679688
,,,-2.60800003e-008,-0.001703125
,,,-2.60400003e-008,-0.001734375
,,,-2.60000003e-008,-0.001765625
,,,-2.59600003e-008,-0.001859375
,,,-2.59200003e-008,-0.001921875
,,,-2.58800003e-008,-0.001945313
,,,-2.58400003e-008,-0.001921875
,,,-2.58000003e-008,-0.001867188
,,,-2.57600003e-008,-0.001835938
,,,-2.57200003e-008,-0.001757813
,,,-2.56800003e-008,-0.001734375
,,,-2.56400003e-008,-0.001742188
,,,-2.56000003e-008,-0.001679688
,,,-2.55600003e-008,-0.001734375
,,,-2.55200003e-008, -0.00178125
,,,-2.54800003e-008,-0.001828125
,,,-2.54400003e-008,-0.001882813
,,,-2.54000003e-008,-0.001859375
,,,-2.53600003e-008,-0.001882813
,,,-2.53200003e-008,-0.001859375
,,,-2.52800003e-008, -0.00178125
,,,-2.52400003e-008,-0.001757813
,,,-2.52000003e-008,-0.001703125
,,,-2.51600003e-008,-0.001703125
,,,-2.51200003e-008,-0.001695313
,,,-2.50800003e-008, -0.00171875
,,,-2.50400003e-008,  -0.0016875
,,,-2.50000003e-008,-0.001695313
,,,-2.49600003e-008,-0.001726563
,,,-2.49200003e-008,-0.001789063
,,,-2.48800003e-008,-0.001773438
,,,-2.48400003e-008,-0.001859375
,,,-2.48000003e-008, -0.00190625
,,,-2.47600003e-008,-0.001929688
,,,-2.47200003e-008,-0.001992188
,,,-2.46800003e-008,-0.001960938
,,,-2.46400003e-008,-0.001953125
,,,-2.46000003e-008, -0.00190625
,,,-2.45600003e-008,   -0.001875
,,,-2.45200003e-008,-0.001820313
,,,-2.44800003e-008,-0.001796875
,,,-2.44400003e-008,-0.001828125
,,,-2.44000003e-008,-0.001851563
,,,-2.43600003e-008,-0.001890625
,,,-2.43200003e-008,-0.001976563
,,,-2.42800003e-008, -0.00203125
,,,-2.42400003e-008,-0.002085938
,,,-2.42000003e-008,-0.002117188
,,,-2.41600003e-008,-0.002085938
,,,-2.41200003e-008,-0.002039063
,,,-2.40800003e-008, -0.00203125
,,,-2.40400003e-008,      -0.002
,,,-2.40000003e-008,-0.001984375
,,,-2.39600003e-008, -0.00196875
,,,-2.39200003e-008,-0.001976563
,,,-2.38800003e-008, -0.00196875
,,,-2.38400003e-008,-0.001976563
,,,-2.38000003e-008,-0.001992188
,,,-2.37600003e-008,-0.001953125
,,,-2.37200003e-008,-0.001929688
,,,-2.36800003e-008,-0.001898438
,,,-2.36400003e-008, -0.00190625
,,,-2.36000003e-008,-0.001921875
,,,-2.35600003e-008,-0.001945313
,,,-2.35200003e-008, -0.00190625
,,,-2.34800003e-008,   -0.001875
,,,-2.34400003e-008,-0.001867188
,,,-2.34000003e-008,-0.001773438
,,,-2.33600003e-008,    -0.00175
,,,-2.33200003e-008,-0.001671875
,,,-2.32800003e-008,-0.001617188
,,,-2.32400003e-008, -0.00159375
,,,-2.32000003e-008,-0.001570313
,,,-2.31600003e-008,-0.001578125
,,,-2.31200003e-008,-0.001648438
,,,-2.30800003e-008,-0.001695313
,,,-2.30400003e-008,    -0.00175
,,,-2.30000003e-008,-0.001820313
,,,-2.29600003e-008,-0.001921875
,,,-2.29200003e-008, -0.00190625
,,,-2.28800003e-008,-0.001921875
,,,-2.28400003e-008,  -0.0019375
,,,-2.28000003e-008,-0.001929688
,,,-2.27600003e-008,-0.001867188
,,,-2.27200003e-008, -0.00184375
,,,-2.26800003e-008,  -0.0018125
,,,-2.26400003e-008,-0.001789063
,,,-2.26000003e-008, -0.00171875
,,,-2.25600003e-008,    -0.00175
,,,-2.25200003e-008,-0.001703125
,,,-2.24800003e-008, -0.00171875
,,,-2.24400003e-008,-0.001757813
,,,-2.24000003e-008,-0.001734375
,,,-2.23600003e-008, -0.00178125
,,,-2.23200003e-008,-0.001703125
,,,-2.22800003e-008,-0.001757813
,,,-2.22400003e-008,-0.001757813
,,,-2.22000003e-008,-0.001773438
,,,-2.21600003e-008,-0.001804688
,,,-2.21200003e-008,-0.001773438
,,,-2.20800003e-008,  -0.0018125
,,,-2.20400003e-008,-0.001882813
,,,-2.20000003e-008,-0.001867188
,,,-2.19600003e-008,-0.001898438
,,,-2.19200003e-008,-0.001898438
,,,-2.18800003e-008,-0.001859375
,,,-2.18400003e-008, -0.00190625
,,,-2.18000003e-008, -0.00184375
,,,-2.17600003e-008, -0.00184375
,,,-2.17200003e-008, -0.00184375
,,,-2.16800003e-008,-0.001789063
,,,-2.16400003e-008,-0.001757813
,,,-2.16000003e-008,-0.001671875
,,,-2.15600003e-008,-0.001671875
,,,-2.15200003e-008,-0.001679688
,,,-2.14800003e-008,-0.001679688
,,,-2.14400003e-008,-0.001734375
,,,-2.14000003e-008,-0.001765625
,,,-2.13600003e-008,-0.001804688
,,,-2.13200003e-008,-0.001867188
,,,-2.12800003e-008,-0.001890625
,,,-2.12400003e-008,-0.001851563
,,,-2.12000003e-008, -0.00184375
,,,-2.11600003e-008,-0.001796875
,,,-2.11200003e-008,-0.001773438
,,,-2.10800003e-008,-0.001765625
,,,-2.10400003e-008,-0.001796875
,,,-2.10000003e-008, -0.00178125
,,,-2.09600003e-008,-0.001898438
,,,-2.09200003e-008,-0.001882813
,,,-2.08800003e-008,-0.001882813
,,,-2.08400003e-008,-0.001929688
,,,-2.08000003e-008,-0.001898438
,,,-2.07600003e-008,-0.001898438
,,,-2.07200003e-008, -0.00184375
,,,-2.06800003e-008,-0.001828125
,,,-2.06400003e-008,-0.001804688
,,,-2.06000003e-008,-0.001773438
,,,-2.05600003e-008,-0.001789063
,,,-2.05200003e-008,-0.001773438
,,,-2.04800003e-008,-0.001734375
,,,-2.04400003e-008,-0.001742188
,,,-2.04000003e-008,-0.001757813
,,,-2.03600003e-008,-0.001695313
,,,-2.03200003e-008, -0.00171875
,,,-2.02800003e-008,-0.001710938
,,,-2.02400003e-008,-0.001789063
,,,-2.02000003e-008,-0.001820313
,,,-2.01600003e-008, -0.00190625
,,,-2.01200003e-008,  -0.0019375
,,,-2.00800003e-008,-0.001960938
,,,-2.00400003e-008,-0.001960938
,,,-2.00000003e-008,      -0.002
,,,-1.99600003e-008,-0.001929688
,,,-1.99200003e-008,-0.001976563
,,,-1.98800003e-008, -0.00190625
,,,-1.98400003e-008, -0.00196875
,,,-1.98000003e-008,-0.002023438
,,,-1.97600003e-008, -0.00203125
,,,-1.97200003e-008,-0.002046875
,,,-1.96800003e-008,      -0.002
,,,-1.96400003e-008,  -0.0019375
,,,-1.96000003e-008,-0.001890625
,,,-1.95600003e-008,-0.001726563
,,,-1.95200003e-008,-0.001648438
,,,-1.94800003e-008,-0.001570313
,,,-1.94400003e-008,  -0.0015625
,,,-1.94000003e-008,-0.001515625
,,,-1.93600003e-008,-0.001617188
,,,-1.93200003e-008,-0.001671875
,,,-1.92800003e-008, -0.00178125
,,,-1.92400003e-008,-0.001898438
,,,-1.92000003e-008,  -0.0019375
,,,-1.91600003e-008, -0.00196875
,,,-1.91200003e-008,-0.001960938
,,,-1.90800003e-008,   -0.001875
,,,-1.90400003e-008,-0.001820313
,,,-1.90000003e-008,-0.001757813
,,,-1.89600003e-008, -0.00171875
,,,-1.89200003e-008,-0.001679688
,,,-1.88800003e-008,-0.001695313
,,,-1.88400003e-008,-0.001664063
,,,-1.88000003e-008,-0.001671875
,,,-1.87600003e-008,  -0.0016875
,,,-1.87200002e-008,-0.001734375
,,,-1.86800002e-008,    -0.00175
,,,-1.86400002e-008,-0.001734375
,,,-1.86000002e-008,-0.001742188
,,,-1.85600002e-008, -0.00171875
,,,-1.85200002e-008,-0.001757813
,,,-1.84800002e-008, -0.00171875
,,,-1.84400002e-008,-0.001742188
,,,-1.84000002e-008, -0.00178125
,,,-1.83600002e-008, -0.00184375
,,,-1.83200002e-008,   -0.001875
,,,-1.82800002e-008,-0.001898438
,,,-1.82400002e-008,  -0.0019375
,,,-1.82000002e-008,-0.001960938
,,,-1.81600002e-008,-0.001929688
,,,-1.81200002e-008,-0.001929688
,,,-1.80800002e-008,-0.001921875
,,,-1.80400002e-008,-0.001898438
,,,-1.80000002e-008,-0.001867188
,,,-1.79600002e-008, -0.00184375
,,,-1.79200002e-008,-0.001828125
,,,-1.78800002e-008,-0.001804688
,,,-1.78400002e-008, -0.00178125
,,,-1.78000002e-008,-0.001789063
,,,-1.77600002e-008,-0.001757813
,,,-1.77200002e-008, -0.00178125
,,,-1.76800002e-008, -0.00178125
,,,-1.76400002e-008,-0.001859375
,,,-1.76000002e-008,-0.001828125
,,,-1.75600002e-008,-0.001882813
,,,-1.75200002e-008,-0.001859375
,,,-1.74800002e-008,-0.001851563
,,,-1.74400002e-008, -0.00184375
,,,-1.74000002e-008,-0.001804688
,,,-1.73600002e-008,-0.001765625
,,,-1.73200002e-008,-0.001734375
,,,-1.72800002e-008,    -0.00175
,,,-1.72400002e-008,-0.001757813
,,,-1.72000002e-008,-0.001828125
,,,-1.71600002e-008,  -0.0018125
,,,-1.71200002e-008, -0.00184375
,,,-1.70800002e-008, -0.00178125
,,,-1.70400002e-008,-0.001773438
,,,-1.70000002e-008,-0.001734375
,,,-1.69600002e-008,-0.001617188
,,,-1.69200002e-008,-0.001578125
,,,-1.68800002e-008,-0.001554688
,,,-1.68400002e-008,-0.001554688
,,,-1.68000002e-008,-0.001546875
,,,-1.67600002e-008,-0.001601563
,,,-1.67200002e-008, -0.00165625
,,,-1.66800002e-008,  -0.0016875
,,,-1.66400002e-008,-0.001757813
,,,-1.66000002e-008,-0.001796875
,,,-1.65600002e-008,-0.001882813
,,,-1.65200002e-008,-0.001898438
,,,-1.64800002e-008, -0.00190625
,,,-1.64400002e-008,-0.001945313
,,,-1.64000002e-008, -0.00190625
,,,-1.63600002e-008,-0.001890625
,,,-1.63200002e-008,-0.001882813
,,,-1.62800002e-008,-0.001804688
,,,-1.62400002e-008,   -0.001875
,,,-1.62000002e-008, -0.00184375
,,,-1.61600002e-008, -0.00184375
,,,-1.61200002e-008, -0.00184375
,,,-1.60800002e-008, -0.00184375
,,,-1.60400002e-008,-0.001898438
,,,-1.60000002e-008,-0.001898438
,,,-1.59600002e-008,-0.001921875
,,,-1.59200002e-008, -0.00190625
,,,-1.58800002e-008,-0.001960938
,,,-1.58400002e-008,-0.002046875
,,,-1.58000002e-008, -0.00203125
,,,-1.57600002e-008,  -0.0020625
,,,-1.57200002e-008,-0.002070313
,,,-1.56800002e-008,-0.002054688
,,,-1.56400002e-008,-0.002015625
,,,-1.56000002e-008, -0.00196875
,,,-1.55600002e-008,-0.001898438
,,,-1.55200002e-008,-0.001835938
,,,-1.54800002e-008,-0.001757813
,,,-1.54400002e-008, -0.00171875
,,,-1.54000002e-008,  -0.0016875
,,,-1.53600002e-008,-0.001726563
,,,-1.53200002e-008,-0.001765625
,,,-1.52800002e-008,   -0.001875
,,,-1.52400002e-008,  -0.0019375
,,,-1.52000002e-008, -0.00209375
,,,-1.51600002e-008,-0.002171875
,,,-1.51200002e-008, -0.00221875
,,,-1.50800002e-008,-0.002195313
,,,-1.50400002e-008,-0.002148438
,,,-1.50000002e-008,-0.002117188
,,,-1.49600002e-008,-0.002015625
,,,-1.49200002e-008, -0.00190625
,,,-1.48800002e-008,-0.001851563
,,,-1.48400002e-008,-0.001820313
,,,-1.48000002e-008,-0.001765625
,,,-1.47600002e-008,-0.001773438
,,,-1.47200002e-008,-0.001796875
,,,-1.46800002e-008,  -0.0018125
,,,-1.46400002e-008, -0.00184375
,,,-1.46000002e-008,-0.001828125
,,,-1.45600002e-008,-0.001796875
,,,-1.45200002e-008,-0.001796875
,,,-1.44800002e-008,-0.001804688
,,,-1.44400002e-008,-0.001828125
,,,-1.44000002e-008,  -0.0019375
,,,-1.43600002e-008,-0.001992188
,,,-1.43200002e-008,-0.001984375
,,,-1.42800002e-008,-0.001953125
,,,-1.42400002e-008,-0.001945313
,,,-1.42000002e-008, -0.00190625
,,,-1.41600002e-008,-0.001882813
,,,-1.41200002e-008, -0.00184375
,,,-1.40800002e-008,-0.001835938
,,,-1.40400002e-008,-0.001867188
,,,-1.40000002e-008, -0.00190625
,,,-1.39600002e-008,-0.001976563
,,,-1.39200002e-008,-0.001984375
,,,-1.38800002e-008,-0.001945313
,,,-1.38400002e-008,-0.001984375
,,,-1.38000002e-008,-0.001945313
,,,-1.37600002e-008,-0.001859375
,,,-1.37200002e-008,-0.001828125
,,,-1.36800002e-008, -0.00178125
,,,-1.36400002e-008,-0.001757813
,,,-1.36000002e-008,-0.001726563
,,,-1.35600002e-008,-0.001734375
,,,-1.35200002e-008, -0.00178125
,,,-1.34800002e-008, -0.00178125
,,,-1.34400002e-008,-0.001828125
,,,-1.34000002e-008,-0.001859375
,,,-1.33600002e-008,-0.001890625
,,,-1.33200002e-008,-0.001929688
,,,-1.32800002e-008,-0.001921875
,,,-1.32400002e-008,-0.001914063
,,,-1.32000002e-008,-0.001945313
,,,-1.31600002e-008,-0.001921875
,,,-1.31200002e-008,-0.001953125
,,,-1.30800002e-008,-0.001914063
,,,-1.30400002e-008,  -0.0019375
,,,-1.30000002e-008,-0.001914063
,,,-1.29600002e-008,-0.001945313
,,,-1.29200002e-008,  -0.0019375
,,,-1.28800002e-008,-0.001867188
,,,-1.28400002e-008,-0.001914063
,,,-1.28000002e-008,   -0.001875
,,,-1.27600002e-008,-0.001859375
,,,-1.27200002e-008,-0.001804688
,,,-1.26800002e-008,-0.001804688
,,,-1.26400002e-008,-0.001773438
,,,-1.26000002e-008,    -0.00175
,,,-1.25600002e-008,-0.001742188
,,,-1.25200002e-008,-0.001710938
,,,-1.24800002e-008,-0.001695313
,,,-1.24400002e-008,-0.001703125
,,,-1.24000002e-008, -0.00165625
,,,-1.23600002e-008,-0.001726563
,,,-1.23200002e-008,-0.001789063
,,,-1.22800002e-008,-0.001828125
,,,-1.22400002e-008, -0.00190625
,,,-1.22000002e-008,-0.001960938
,,,-1.21600002e-008,-0.001921875
,,,-1.21200002e-008, -0.00190625
,,,-1.20800002e-008, -0.00184375
,,,-1.20400002e-008,-0.001804688
,,,-1.20000002e-008,-0.001695313
,,,-1.19600002e-008,-0.001695313
,,,-1.19200002e-008,-0.001695313
,,,-1.18800002e-008,-0.001710938
,,,-1.18400002e-008, -0.00178125
,,,-1.18000002e-008,-0.001820313
,,,-1.17600002e-008,-0.001851563
,,,-1.17200002e-008,-0.001898438
,,,-1.16800002e-008,-0.001945313
,,,-1.16400002e-008,  -0.0019375
,,,-1.16000002e-008,  -0.0019375
,,,-1.15600002e-008,-0.001921875
,,,-1.15200002e-008,-0.001898438
,,,-1.14800002e-008,-0.001851563
,,,-1.14400002e-008, -0.00184375
,,,-1.14000002e-008,-0.001828125
,,,-1.13600002e-008,-0.001851563
,,,-1.13200002e-008,-0.001882813
,,,-1.12800002e-008,-0.001867188
,,,-1.12400002e-008,  -0.0019375
,,,-1.12000001e-008, -0.00196875
,,,-1.11600001e-008,      -0.002
,,,-1.11200001e-008,  -0.0020625
,,,-1.10800001e-008,  -0.0020625
,,,-1.10400001e-008,-0.002054688
,,,-1.10000001e-008,-0.002054688
,,,-1.09600001e-008,-0.002023438
,,,-1.09200001e-008,      -0.002
,,,-1.08800001e-008,-0.002023438
,,,-1.08400001e-008,      -0.002
,,,-1.08000001e-008,-0.002039063
,,,-1.07600001e-008,-0.002023438
,,,-1.07200001e-008, -0.00203125
,,,-1.06800001e-008,  -0.0019375
,,,-1.06400001e-008,-0.001914063
,,,-1.06000001e-008,-0.001820313
,,,-1.05600001e-008,-0.001796875
,,,-1.05200001e-008,    -0.00175
,,,-1.04800001e-008,-0.001804688
,,,-1.04400001e-008,-0.001804688
,,,-1.04000001e-008,-0.001828125
,,,-1.03600001e-008,-0.001859375
,,,-1.03200001e-008,   -0.001875
,,,-1.02800001e-008,-0.001867188
,,,-1.02400001e-008,-0.001890625
,,,-1.02000001e-008,-0.001882813
,,,-1.01600001e-008,-0.001898438
,,,-1.01200001e-008,-0.001851563
,,,-1.00800001e-008,-0.001867188
,,,-1.00400001e-008,-0.001882813
,,,-1.00000001e-008,   -0.001875
,,,-9.96000013e-009,-0.001867188
,,,-9.92000013e-009,-0.001851563
,,,-9.88000013e-009,-0.001796875
,,,-9.84000013e-009,-0.001789063
,,,-9.80000013e-009,-0.001695313
,,,-9.76000013e-009,-0.001695313
,,,-9.72000013e-009,-0.001648438
,,,-9.68000013e-009, -0.00165625
,,,-9.64000013e-009,-0.001710938
,,,-9.60000013e-009,    -0.00175
,,,-9.56000013e-009,  -0.0018125
,,,-9.52000013e-009,-0.001820313
,,,-9.48000013e-009, -0.00184375
,,,-9.44000013e-009, -0.00184375
,,,-9.40000013e-009,-0.001851563
,,,-9.36000012e-009,  -0.0018125
,,,-9.32000012e-009,  -0.0018125
,,,-9.28000012e-009,-0.001828125
,,,-9.24000012e-009,-0.001828125
,,,-9.20000012e-009,   -0.001875
,,,-9.16000012e-009, -0.00196875
,,,-9.12000012e-009,-0.002054688
,,,-9.08000012e-009,-0.002101563
,,,-9.04000012e-009,-0.002109375
,,,-9.00000012e-009,-0.002070313
,,,-8.96000012e-009,-0.002070313
,,,-8.92000012e-009,-0.001992188
,,,-8.88000012e-009,-0.001929688
,,,-8.84000012e-009,-0.001835938
,,,-8.80000012e-009,-0.001773438
,,,-8.76000012e-009,-0.001804688
,,,-8.72000012e-009,-0.001796875
,,,-8.68000012e-009,-0.001757813
,,,-8.64000012e-009,-0.001796875
,,,-8.60000011e-009,-0.001789063
,,,-8.56000011e-009,-0.001757813
,,,-8.52000011e-009,-0.001789063
,,,-8.48000011e-009,-0.001742188
,,,-8.44000011e-009,-0.001757813
,,,-8.40000011e-009,-0.001859375
,,,-8.36000011e-009,   -0.001875
,,,-8.32000011e-009,-0.001921875
,,,-8.28000011e-009,  -0.0019375
,,,-8.24000011e-009,-0.002015625
,,,-8.20000011e-009,-0.002015625
,,,-8.16000011e-009,-0.002039063
,,,-8.12000011e-009,      -0.002
,,,-8.08000011e-009,-0.001882813
,,,-8.04000011e-009,-0.001929688
,,,-8.00000011e-009,-0.001851563
,,,-7.96000011e-009,-0.001859375
,,,-7.92000011e-009,-0.001882813
,,,-7.88000011e-009,-0.001859375
,,,-7.8400001e-009,-0.001976563
,,,-7.8000001e-009,-0.002007813
,,,-7.7600001e-009,-0.002039063
,,,-7.7200001e-009,-0.002085938
,,,-7.6800001e-009,-0.002007813
,,,-7.6400001e-009,-0.001960938
,,,-7.6000001e-009,-0.001921875
,,,-7.5600001e-009,   -0.001875
,,,-7.5200001e-009, -0.00178125
,,,-7.4800001e-009,    -0.00175
,,,-7.4400001e-009,-0.001765625
,,,-7.4000001e-009,    -0.00175
,,,-7.3600001e-009,-0.001835938
,,,-7.3200001e-009,-0.001898438
,,,-7.2800001e-009,  -0.0019375
,,,-7.2400001e-009,-0.002015625
,,,-7.2000001e-009, -0.00196875
,,,-7.1600001e-009,-0.001929688
,,,-7.1200001e-009,-0.001882813
,,,-7.08000009e-009,-0.001804688
,,,-7.04000009e-009,-0.001757813
,,,-7.00000009e-009,-0.001757813
,,,-6.96000009e-009,-0.001828125
,,,-6.92000009e-009,-0.001882813
,,,-6.88000009e-009,-0.002015625
,,,-6.84000009e-009,-0.002101563
,,,-6.80000009e-009,-0.002203125
,,,-6.76000009e-009,    -0.00225
,,,-6.72000009e-009, -0.00221875
,,,-6.68000009e-009,-0.002085938
,,,-6.64000009e-009,      -0.002
,,,-6.60000009e-009,-0.001914063
,,,-6.56000009e-009,-0.001828125
,,,-6.52000009e-009,-0.001828125
,,,-6.48000009e-009,-0.001796875
,,,-6.44000009e-009,-0.001851563
,,,-6.40000009e-009,-0.001882813
,,,-6.36000008e-009,   -0.001875
,,,-6.32000008e-009,   -0.001875
,,,-6.28000008e-009,-0.001867188
,,,-6.24000008e-009, -0.00184375
,,,-6.20000008e-009,-0.001796875
,,,-6.16000008e-009,-0.001796875
,,,-6.12000008e-009,-0.001789063
,,,-6.08000008e-009,-0.001859375
,,,-6.04000008e-009,   -0.001875
,,,-6.00000008e-009,-0.001882813
,,,-5.96000008e-009,-0.001867188
,,,-5.92000008e-009,  -0.0018125
,,,-5.88000008e-009,-0.001789063
,,,-5.84000008e-009,-0.001726563
,,,-5.80000008e-009,-0.001664063
,,,-5.76000008e-009,-0.001679688
,,,-5.72000008e-009,-0.001671875
,,,-5.68000008e-009,-0.001726563
,,,-5.64000008e-009, -0.00184375
,,,-5.60000007e-009,-0.001929688
,,,-5.56000007e-009,      -0.002
,,,-5.52000007e-009,-0.002078125
,,,-5.48000007e-009,-0.002140625
,,,-5.44000007e-009,-0.002171875
,,,-5.40000007e-009,   -0.002125
,,,-5.36000007e-009,-0.002078125
,,,-5.32000007e-009,-0.002070313
,,,-5.28000007e-009,-0.001992188
,,,-5.24000007e-009, -0.00196875
,,,-5.20000007e-009,-0.001898438
,,,-5.16000007e-009,-0.001882813
,,,-5.12000007e-009,-0.001796875
,,,-5.08000007e-009,-0.001835938
,,,-5.04000007e-009,-0.001773438
,,,-5.00000007e-009, -0.00178125
,,,-4.96000007e-009,-0.001765625
,,,-4.92000007e-009,-0.001789063
,,,-4.88000007e-009,    -0.00175
,,,-4.84000006e-009,-0.001742188
,,,-4.80000006e-009,-0.001695313
,,,-4.76000006e-009,-0.001703125
,,,-4.72000006e-009,  -0.0016875
,,,-4.68000006e-009,-0.001726563
,,,-4.64000006e-009,-0.001820313
,,,-4.60000006e-009,-0.001859375
,,,-4.56000006e-009,      -0.002
,,,-4.52000006e-009,-0.002023438
,,,-4.48000006e-009,-0.002085938
,,,-4.44000006e-009,-0.002070313
,,,-4.40000006e-009, -0.00209375
,,,-4.36000006e-009,-0.002039063
,,,-4.32000006e-009,-0.001976563
,,,-4.28000006e-009,-0.001953125
,,,-4.24000006e-009,-0.001859375
,,,-4.20000006e-009,-0.001898438
,,,-4.16000006e-009,-0.001882813
,,,-4.12000006e-009, -0.00196875
,,,-4.08000005e-009,  -0.0020625
,,,-4.04000005e-009,-0.002109375
,,,-4.00000005e-009,-0.002179688
,,,-3.96000005e-009, -0.00215625
,,,-3.92000005e-009,-0.002101563
,,,-3.88000005e-009,-0.002007813
,,,-3.84000005e-009,-0.001953125
,,,-3.80000005e-009,-0.001898438
,,,-3.76000005e-009,   -0.001875
,,,-3.72000005e-009,-0.001898438
,,,-3.68000005e-009,-0.001953125
,,,-3.64000005e-009,-0.002015625
,,,-3.60000005e-009,-0.002070313
,,,-3.56000005e-009,-0.002117188
,,,-3.52000005e-009,-0.002132813
,,,-3.48000005e-009, -0.00203125
,,,-3.44000005e-009,-0.001976563
,,,-3.40000005e-009,-0.001851563
,,,-3.36000004e-009,-0.001796875
,,,-3.32000004e-009,    -0.00175
,,,-3.28000004e-009,-0.001734375
,,,-3.24000004e-009,-0.001742188
,,,-3.20000004e-009,-0.001710938
,,,-3.16000004e-009,-0.001789063
,,,-3.12000004e-009,-0.001804688
,,,-3.08000004e-009,-0.001867188
,,,-3.04000004e-009,-0.001835938
,,,-3.00000004e-009,-0.001882813
,,,-2.96000004e-009,-0.001882813
,,,-2.92000004e-009,-0.001890625
,,,-2.88000004e-009,-0.001859375
,,,-2.84000004e-009,-0.001867188
,,,-2.80000004e-009, -0.00184375
,,,-2.76000004e-009,-0.001835938
,,,-2.72000004e-009,-0.001898438
,,,-2.68000004e-009,-0.001859375
,,,-2.64000004e-009,-0.001945313
,,,-2.60000003e-009,-0.001953125
,,,-2.56000003e-009,-0.001984375
,,,-2.52000003e-009,-0.002015625
,,,-2.48000003e-009,-0.002023438
,,,-2.44000003e-009,-0.002054688
,,,-2.40000003e-009, -0.00203125
,,,-2.36000003e-009,-0.001992188
,,,-2.32000003e-009,-0.001953125
,,,-2.28000003e-009,-0.001882813
,,,-2.24000003e-009,   -0.001875
,,,-2.20000003e-009,-0.001835938
,,,-2.16000003e-009,-0.001804688
,,,-2.12000003e-009,-0.001828125
,,,-2.08000003e-009,-0.001789063
,,,-2.04000003e-009,-0.001820313
,,,-2.00000003e-009, -0.00178125
,,,-1.96000003e-009, -0.00184375
,,,-1.92000003e-009,   -0.001875
,,,-1.88000003e-009,-0.001867188
,,,-1.84000002e-009,   -0.001875
,,,-1.80000002e-009,-0.001859375
,,,-1.76000002e-009,-0.001835938
,,,-1.72000002e-009,-0.001820313
,,,-1.68000002e-009,-0.001835938
,,,-1.64000002e-009,-0.001835938
,,,-1.60000002e-009,-0.001820313
,,,-1.56000002e-009, -0.00184375
,,,-1.52000002e-009,-0.001820313
,,,-1.48000002e-009, -0.00184375
,,,-1.44000002e-009,-0.001867188
,,,-1.40000002e-009,-0.001820313
,,,-1.36000002e-009,-0.001796875
,,,-1.32000002e-009,-0.001796875
,,,-1.28000002e-009,-0.001796875
,,,-1.24000002e-009,-0.001828125
,,,-1.20000002e-009,   -0.001875
,,,-1.16000002e-009,   -0.001875
,,,-1.12000001e-009,-0.001882813
,,,-1.08000001e-009,  -0.0018125
,,,-1.04000001e-009,  -0.0018125
,,,-1.00000001e-009,-0.001734375
,,,-9.60000013e-010,-0.001726563
,,,-9.20000012e-010,-0.001679688
,,,-8.80000012e-010,-0.001710938
,,,-8.40000011e-010,-0.001703125
,,,-8.00000011e-010, -0.00178125
,,,-7.6000001e-010, -0.00178125
,,,-7.2000001e-010,-0.001835938
,,,-6.80000009e-010,-0.001914063
,,,-6.40000009e-010,-0.001953125
,,,-6.00000008e-010,-0.001960938
,,,-5.60000007e-010,-0.001992188
,,,-5.20000007e-010,-0.001992188
,,,-4.80000006e-010, -0.00196875
,,,-4.40000006e-010,-0.001976563
,,,-4.00000005e-010,-0.001992188
,,,-3.60000005e-010,-0.001945313
,,,-3.20000004e-010,-0.001976563
,,,-2.80000004e-010, -0.00190625
,,,-2.40000003e-010, -0.00184375
,,,-2.00000003e-010,-0.001710938
,,,-1.60000002e-010,-0.001609375
,,,-1.20000002e-010,-0.001492188
,,,-8.00000011e-011,-0.001382813
,,,-4.00000005e-011,-0.001234375
,,,           0,-0.001164063
,,,4.00000005e-011,-0.001023438
,,,8.00000011e-011,-0.0008984375
,,,1.20000002e-010,-0.000859375
,,,1.60000002e-010,-0.000828125
,,,2.00000003e-010,-0.000765625
,,,2.40000003e-010,-0.000765625
,,,2.80000004e-010,    -0.00075
,,,3.20000004e-010,-0.000828125
,,,3.60000005e-010,-0.000921875
,,,4.00000005e-010,-0.001164063
,,,4.40000006e-010,-0.001492188
,,,4.80000006e-010, -0.00190625
,,,5.20000007e-010,-0.002476563
,,,5.60000007e-010,-0.003234375
,,,6.00000008e-010,-0.004164063
,,,6.40000009e-010,-0.005210938
,,,6.80000009e-010,-0.006523438
,,,7.2000001e-010,-0.007953125
,,,7.6000001e-010,-0.009445313
,,,8.00000011e-010, -0.01103125
,,,8.40000011e-010, -0.01257031
,,,8.80000012e-010, -0.01403125
,,,9.20000012e-010, -0.01534375
,,,9.60000013e-010, -0.01629688
,,,1.00000001e-009, -0.01698438
,,,1.04000001e-009, -0.01710156
,,,1.08000001e-009, -0.01671875
,,,1.12000001e-009, -0.01571875
,,,1.16000002e-009, -0.01394531
,,,1.20000002e-009, -0.01135156
,,,1.24000002e-009,-0.007898438
,,,1.28000002e-009,-0.003484375
,,,1.32000002e-009, 0.001820313
,,,1.36000002e-009, 0.008046875
,,,1.40000002e-009,  0.01503906
,,,1.44000002e-009,  0.02257031
,,,1.48000002e-009,  0.03040625
,,,1.52000002e-009,  0.03816406
,,,1.56000002e-009,  0.04551563
,,,1.60000002e-009,  0.05205469
,,,1.64000002e-009,    0.057375
,,,1.68000002e-009,  0.06121875
,,,1.72000002e-009,    0.063125
,,,1.76000002e-009,  0.06295313
,,,1.80000002e-009,  0.06041407
,,,1.84000002e-009,  0.05532032
,,,1.88000003e-009,  0.04782031
,,,1.92000003e-009,  0.03780469
,,,1.96000003e-009,      0.0255
,,,2.00000003e-009,  0.01122656
,,,2.04000003e-009,-0.004507813
,,,2.08000003e-009, -0.02134375
,,,2.12000003e-009,     -0.0385
,,,2.16000003e-009, -0.05542188
,,,2.20000003e-009, -0.07138282
,,,2.24000003e-009, -0.08569532
,,,2.28000003e-009,   -0.097625
,,,2.32000003e-009,  -0.1067031
,,,2.36000003e-009,  -0.1125156
,,,2.40000003e-009,  -0.1146797
,,,2.44000003e-009,      -0.113
,,,2.48000003e-009,  -0.1076641
,,,2.52000003e-009, -0.09876563
,,,2.56000003e-009,    -0.08675
,,,2.60000003e-009,    -0.07225
,,,2.64000004e-009, -0.05574219
,,,2.68000004e-009,   -0.038125
,,,2.72000004e-009, -0.02020313
,,,2.76000004e-009,-0.002664063
,,,2.80000004e-009,  0.01355469
,,,2.84000004e-009,  0.02797656
,,,2.88000004e-009,  0.04003125
,,,2.92000004e-009,  0.04939063
,,,2.96000004e-009,  0.05577344
,,,3.00000004e-009,  0.05934375
,,,3.04000004e-009,  0.06014844
,,,3.08000004e-009,  0.05858594
,,,3.12000004e-009,  0.05510157
,,,3.16000004e-009,  0.05019531
,,,3.20000004e-009,      0.0445
,,,3.24000004e-009,      0.0385
,,,3.28000004e-009,  0.03292188
,,,3.32000004e-009,  0.02819531
,,,3.36000004e-009,   0.0246875
,,,3.40000005e-009,  0.02271875
,,,3.44000005e-009,  0.02230469
,,,3.48000005e-009,  0.02347656
,,,3.52000005e-009,  0.02591406
,,,3.56000005e-009,  0.02932813
,,,3.60000005e-009,  0.03329688
,,,3.64000005e-009,  0.03717188
,,,3.68000005e-009,      0.0405
,,,3.72000005e-009,  0.04282813
,,,3.76000005e-009,  0.04377344
,,,3.80000005e-009,   0.0430625
,,,3.84000005e-009,  0.04050781
,,,3.88000005e-009,  0.03617969
,,,3.92000005e-009,  0.03024219
,,,3.96000005e-009,  0.02296875
,,,4.00000005e-009,  0.01477344
,,,4.04000005e-009,  0.00609375
,,,4.08000005e-009,  -0.0025625
,,,4.12000006e-009, -0.01071875
,,,4.16000006e-009, -0.01791406
,,,4.20000006e-009,    -0.02375
,,,4.24000006e-009, -0.02807031
,,,4.28000006e-009, -0.03072656
,,,4.32000006e-009, -0.03178125
,,,4.36000006e-009, -0.03134375
,,,4.40000006e-009,  -0.0298125
,,,4.44000006e-009, -0.02742188
,,,4.48000006e-009, -0.02465625
,,,4.52000006e-009, -0.02192188
,,,4.56000006e-009, -0.01966406
,,,4.60000006e-009, -0.01821875
,,,4.64000006e-009, -0.01776563
,,,4.68000006e-009, -0.01851563
,,,4.72000006e-009, -0.02048438
,,,4.76000006e-009, -0.02346094
,,,4.80000006e-009, -0.02730469
,,,4.84000006e-009, -0.03165625
,,,4.88000007e-009, -0.03611719
,,,4.92000007e-009, -0.04028906
,,,4.96000007e-009, -0.04382031
,,,5.00000007e-009, -0.04636719
,,,5.04000007e-009,   -0.047625
,,,5.08000007e-009,  -0.0474375
,,,5.12000007e-009, -0.04577344
,,,5.16000007e-009, -0.04271875
,,,5.20000007e-009, -0.03842969
,,,5.24000007e-009, -0.03319531
,,,5.28000007e-009, -0.02735938
,,,5.32000007e-009,  -0.0211875
,,,5.36000007e-009, -0.01517188
,,,5.40000007e-009,-0.009664063
,,,5.44000007e-009,-0.004992188
,,,5.48000007e-009,-0.001382813
,,,5.52000007e-009, 0.001085938
,,,5.56000007e-009,   0.0023125
,,,5.60000007e-009, 0.002476563
,,,5.64000008e-009, 0.001695313
,,,5.68000008e-009,  0.00034375
,,,5.72000008e-009,-0.001296875
,,,5.76000008e-009,-0.002859375
,,,5.80000008e-009,-0.004070313
,,,5.84000008e-009,  -0.0044375
,,,5.88000008e-009,-0.004015625
,,,5.92000008e-009,-0.002539063
,,,5.96000008e-009,-7.8125e-005
,,,6.00000008e-009, 0.003234375
,,,6.04000008e-009, 0.007328125
,,,6.08000008e-009,  0.01185156
,,,6.12000008e-009,  0.01657813
,,,6.16000008e-009,  0.02121094
,,,6.20000008e-009,  0.02536719
,,,6.24000008e-009,  0.02888281
,,,6.28000008e-009,  0.03142188
,,,6.32000008e-009,  0.03295313
,,,6.36000008e-009,  0.03332813
,,,6.40000009e-009,  0.03269531
,,,6.44000009e-009,  0.03108594
,,,6.48000009e-009,  0.02876563
,,,6.52000009e-009,  0.02610938
,,,6.56000009e-009,  0.02327344
,,,6.60000009e-009,  0.02053906
,,,6.64000009e-009,  0.01817188
,,,6.68000009e-009,  0.01638281
,,,6.72000009e-009,  0.01523438
,,,6.76000009e-009,  0.01472656
,,,6.80000009e-009,  0.01476563
,,,6.84000009e-009,  0.01540625
,,,6.88000009e-009,  0.01639063
,,,6.92000009e-009,  0.01753906
,,,6.96000009e-009,    0.018625
,,,7.00000009e-009,   0.0194375
,,,7.04000009e-009,  0.01972656
,,,7.08000009e-009,  0.01939063
,,,7.1200001e-009,  0.01830469
,,,7.1600001e-009,  0.01644531
,,,7.2000001e-009,  0.01388281
,,,7.2400001e-009,  0.01071094
,,,7.2800001e-009, 0.007164063
,,,7.3200001e-009, 0.003445313
,,,7.3600001e-009,-0.000140625
,,,7.4000001e-009,-0.003460938
,,,7.4400001e-009,-0.006273438
,,,7.4800001e-009,-0.008492188
,,,7.5200001e-009, -0.01004688
,,,7.5600001e-009, -0.01085938
,,,7.6000001e-009, -0.01107031
,,,7.6400001e-009, -0.01077344
,,,7.6800001e-009, -0.01009375
,,,7.7200001e-009,  -0.0091875
,,,7.7600001e-009,-0.008289063
,,,7.8000001e-009,-0.007546875
,,,7.8400001e-009,-0.007203125
,,,7.88000011e-009,-0.007289063
,,,7.92000011e-009,-0.007945313
,,,7.96000011e-009,   -0.009125
,,,8.00000011e-009, -0.01089844
,,,8.04000011e-009, -0.01308594
,,,8.08000011e-009, -0.01552344
,,,8.12000011e-009, -0.01808594
,,,8.16000011e-009, -0.02054688
,,,8.20000011e-009, -0.02276563
,,,8.24000011e-009, -0.02459375
,,,8.28000011e-009, -0.02579688
,,,8.32000011e-009, -0.02645313
,,,8.36000011e-009, -0.02651563
,,,8.40000011e-009, -0.02590625
,,,8.44000011e-009, -0.02486719
,,,8.48000011e-009, -0.02338281
,,,8.52000011e-009, -0.02170313
,,,8.56000011e-009, -0.01995313
,,,8.60000011e-009, -0.01832031
,,,8.64000012e-009, -0.01686719
,,,8.68000012e-009, -0.01583594
,,,8.72000012e-009, -0.01517188
,,,8.76000012e-009,  -0.0149375
,,,8.80000012e-009, -0.01509375
,,,8.84000012e-009, -0.01549219
,,,8.88000012e-009, -0.01619531
,,,8.92000012e-009,  -0.0169375
,,,8.96000012e-009, -0.01764844
,,,9.00000012e-009, -0.01820313
,,,9.04000012e-009,  -0.0184375
,,,9.08000012e-009,    -0.01825
,,,9.12000012e-009, -0.01764063
,,,9.16000012e-009, -0.01646094
,,,9.20000012e-009,   -0.014875
,,,9.24000012e-009, -0.01285156
,,,9.28000012e-009, -0.01051563
,,,9.32000012e-009,-0.008109375
,,,9.36000012e-009,-0.005695313
,,,9.40000013e-009,-0.003398438
,,,9.44000013e-009,-0.001429688
,,,9.48000013e-009,  0.00015625
,,,9.52000013e-009, 0.001429688
,,,9.56000013e-009, 0.002265625
,,,9.60000013e-009,  0.00271875
,,,9.64000013e-009, 0.002976563
,,,9.68000013e-009, 0.003039063
,,,9.72000013e-009, 0.003023438
,,,9.76000013e-009, 0.002992188
,,,9.80000013e-009, 0.003007813
,,,9.84000013e-009, 0.003203125
,,,9.88000013e-009, 0.003609375
,,,9.92000013e-009, 0.004265625
,,,9.96000013e-009, 0.005195313
,,,1.00000001e-008, 0.006445313
,,,1.00400001e-008, 0.007898438
,,,1.00800001e-008, 0.009601563
,,,1.01200001e-008,  0.01132813
,,,1.01600001e-008,  0.01300781
,,,1.02000001e-008,  0.01459375
,,,1.02400001e-008,  0.01584375
,,,1.02800001e-008,  0.01676563
,,,1.03200001e-008,  0.01728906
,,,1.03600001e-008,  0.01736719
,,,1.04000001e-008,  0.01711719
,,,1.04400001e-008,  0.01659375
,,,1.04800001e-008,  0.01579688
,,,1.05200001e-008,  0.01491406
,,,1.05600001e-008,  0.01397656
,,,1.06000001e-008,  0.01302344
,,,1.06400001e-008,  0.01219531
,,,1.06800001e-008,  0.01155469
,,,1.07200001e-008,  0.01114063
,,,1.07600001e-008,  0.01090625
,,,1.08000001e-008,  0.01088281
,,,1.08400001e-008,  0.01110938
,,,1.08800001e-008,  0.01147656
,,,1.09200001e-008,   0.0119375
,,,1.09600001e-008,  0.01226563
,,,1.10000001e-008,  0.01260938
,,,1.10400001e-008,  0.01266406
,,,1.10800001e-008,  0.01248438
,,,1.11200001e-008,  0.01203906
,,,1.11600001e-008,  0.01119531
,,,1.12000001e-008,  0.01013281
,,,1.12400002e-008,   0.0088125
,,,1.12800002e-008, 0.007328125
,,,1.13200002e-008, 0.005703125
,,,1.13600002e-008, 0.004117188
,,,1.14000002e-008,   0.0025625
,,,1.14400002e-008, 0.001070313
,,,1.14800002e-008,-0.0002109375
,,,1.15200002e-008,-0.001328125
,,,1.15600002e-008,-0.002203125
,,,1.16000002e-008,   -0.002875
,,,1.16400002e-008,-0.003359375
,,,1.16800002e-008,-0.003664063
,,,1.17200002e-008,-0.003914063
,,,1.17600002e-008,-0.004117188
,,,1.18000002e-008, -0.00428125
,,,1.18400002e-008,-0.004578125
,,,1.18800002e-008,-0.004992188
,,,1.19200002e-008,-0.005578125
,,,1.19600002e-008,-0.006351563
,,,1.20000002e-008,-0.007273438
,,,1.20400002e-008,-0.008382813
,,,1.20800002e-008,-0.009632813
,,,1.21200002e-008, -0.01085156
,,,1.21600002e-008, -0.01215625
,,,1.22000002e-008,  -0.0133125
,,,1.22400002e-008, -0.01432031
,,,1.22800002e-008, -0.01511719
,,,1.23200002e-008, -0.01567969
,,,1.23600002e-008, -0.01597656
,,,1.24000002e-008, -0.01601563
,,,1.24400002e-008, -0.01591406
,,,1.24800002e-008, -0.01559375
,,,1.25200002e-008, -0.01527344
,,,1.25600002e-008, -0.01485156
,,,1.26000002e-008, -0.01453906
,,,1.26400002e-008, -0.01428906
,,,1.26800002e-008, -0.01414844
,,,1.27200002e-008, -0.01417969
,,,1.27600002e-008, -0.01427344
,,,1.28000002e-008, -0.01452344
,,,1.28400002e-008,  -0.0148125
,,,1.28800002e-008, -0.01507813
,,,1.29200002e-008, -0.01535156
,,,1.29600002e-008,  -0.0155625
,,,1.30000002e-008, -0.01567969
,,,1.30400002e-008, -0.01569531
,,,1.30800002e-008, -0.01553906
,,,1.31200002e-008, -0.01521094
,,,1.31600002e-008, -0.01467969
,,,1.32000002e-008, -0.01401563
,,,1.32400002e-008, -0.01311719
,,,1.32800002e-008, -0.01205469
,,,1.33200002e-008, -0.01092188
,,,1.33600002e-008,    -0.00975
,,,1.34000002e-008,-0.008554688
,,,1.34400002e-008,  -0.0075625
,,,1.34800002e-008,   -0.006625
,,,1.35200002e-008,   -0.005875
,,,1.35600002e-008,  -0.0053125
,,,1.36000002e-008,   -0.004875
,,,1.36400002e-008,-0.004632813
,,,1.36800002e-008, -0.00446875
,,,1.37200002e-008, -0.00428125
,,,1.37600002e-008, -0.00409375
,,,1.38000002e-008,   -0.003875
,,,1.38400002e-008,-0.003523438
,,,1.38800002e-008, -0.00303125
,,,1.39200002e-008,-0.002390625
,,,1.39600002e-008,-0.001632813
,,,1.40000002e-008,-0.000734375
,,,1.40400002e-008,0.0002109375
,,,1.40800002e-008,     0.00125
,,,1.41200002e-008, 0.002304688
,,,1.41600002e-008,  0.00334375
,,,1.42000002e-008, 0.004304688
,,,1.42400002e-008, 0.005148438
,,,1.42800002e-008,   0.0058125
,,,1.43200002e-008, 0.006359375
,,,1.43600002e-008, 0.006765625
,,,1.44000002e-008,       0.007
,,,1.44400002e-008, 0.007164063
,,,1.44800002e-008,  0.00721875
,,,1.45200002e-008,     0.00725
,,,1.45600002e-008, 0.007195313
,,,1.46000002e-008, 0.007140625
,,,1.46400002e-008,  0.00709375
,,,1.46800002e-008, 0.007132813
,,,1.47200002e-008, 0.007226563
,,,1.47600002e-008, 0.007351563
,,,1.48000002e-008, 0.007585938
,,,1.48400002e-008, 0.007890625
,,,1.48800002e-008, 0.008265625
,,,1.49200002e-008, 0.008703125
,,,1.49600002e-008,    0.009125
,,,1.50000002e-008, 0.009539063
,,,1.50400002e-008, 0.009835938
,,,1.50800002e-008, 0.009976563
,,,1.51200002e-008,  0.00996875
,,,1.51600002e-008,     0.00975
,,,1.52000002e-008, 0.009382813
,,,1.52400002e-008, 0.008867188
,,,1.52800002e-008, 0.008242188
,,,1.53200002e-008,   0.0075625
,,,1.53600002e-008, 0.006945313
,,,1.54000002e-008, 0.006367188
,,,1.54400002e-008, 0.005882813
,,,1.54800002e-008, 0.005484375
,,,1.55200002e-008, 0.005203125
,,,1.55600002e-008, 0.004929688
,,,1.56000002e-008, 0.004726563
,,,1.56400002e-008,  0.00453125
,,,1.56800002e-008, 0.004382813
,,,1.57200002e-008, 0.004226563
,,,1.57600002e-008, 0.004007813
,,,1.58000002e-008, 0.003859375
,,,1.58400002e-008, 0.003695313
,,,1.58800002e-008, 0.003414063
,,,1.59200002e-008,  0.00315625
,,,1.59600002e-008, 0.002757813
,,,1.60000002e-008, 0.002226563
,,,1.60400002e-008, 0.001507813
,,,1.60800002e-008, 0.000640625
,,,1.61200002e-008,   -0.000375
,,,1.61600002e-008,  -0.0014375
,,,1.62000002e-008,-0.002507813
,,,1.62400002e-008,-0.003554688
,,,1.62800002e-008,-0.004507813
,,,1.63200002e-008,-0.005257813
,,,1.63600002e-008,-0.005898438
,,,1.64000002e-008,-0.006367188
,,,1.64400002e-008,  -0.0066875
,,,1.64800002e-008,-0.006921875
,,,1.65200002e-008,   -0.007125
,,,1.65600002e-008, -0.00728125
,,,1.66000002e-008,  -0.0074375
,,,1.66400002e-008,-0.007632813
,,,1.66800002e-008,-0.007859375
,,,1.67200002e-008,-0.008109375
,,,1.67600002e-008,-0.008382813
,,,1.68000002e-008,-0.008664063
,,,1.68400002e-008,-0.009070313
,,,1.68800002e-008,-0.009421875
,,,1.69200002e-008,-0.009789063
,,,1.69600002e-008, -0.01021875
,,,1.70000002e-008, -0.01064063
,,,1.70400002e-008, -0.01098438
,,,1.70800002e-008, -0.01129688
,,,1.71200002e-008, -0.01148438
,,,1.71600002e-008, -0.01160938
,,,1.72000002e-008, -0.01158594
,,,1.72400002e-008, -0.01153125
,,,1.72800002e-008, -0.01139063
,,,1.73200002e-008,    -0.01125
,,,1.73600002e-008, -0.01108594
,,,1.74000002e-008, -0.01092969
,,,1.74400002e-008, -0.01078906
,,,1.74800002e-008,  -0.0106875
,,,1.75200002e-008, -0.01053125
,,,1.75600002e-008, -0.01044531
,,,1.76000002e-008, -0.01032031
,,,1.76400002e-008, -0.01022656
,,,1.76800002e-008,   -0.010125
,,,1.77200002e-008,       -0.01
,,,1.77600002e-008,-0.009898438
,,,1.78000002e-008,  -0.0096875
,,,1.78400002e-008, -0.00953125
,,,1.78800002e-008,-0.009289063
,,,1.79200002e-008,-0.008960938
,,,1.79600002e-008,-0.008695313
,,,1.80000002e-008,-0.008273438
,,,1.80400002e-008,-0.007820313
,,,1.80800002e-008,-0.007289063
,,,1.81200002e-008,-0.006765625
,,,1.81600002e-008,  -0.0061875
,,,1.82000002e-008,-0.005578125
,,,1.82400002e-008,      -0.005
,,,1.82800002e-008,  -0.0044375
,,,1.83200002e-008,-0.003898438
,,,1.83600002e-008,-0.003445313
,,,1.84000002e-008,-0.003046875
,,,1.84400002e-008,-0.002679688
,,,1.84800002e-008,-0.002367188
,,,1.85200002e-008,-0.002078125
,,,1.85600002e-008,   -0.001875
,,,1.86000002e-008,-0.001632813
,,,1.86400002e-008,-0.001359375
,,,1.86800002e-008,-0.001054688
,,,1.87200002e-008,-0.0006953125
,,,1.87600003e-008,-0.000265625
,,,1.88000003e-008,0.0002109375
,,,1.88400003e-008,0.0007265625
,,,1.88800003e-008,     0.00125
,,,1.89200003e-008, 0.001765625
,,,1.89600003e-008, 0.002304688
,,,1.90000003e-008, 0.002789063
,,,1.90400003e-008, 0.003242188
,,,1.90800003e-008,  0.00365625
,,,1.91200003e-008, 0.004023438
,,,1.91600003e-008, 0.004273438
,,,1.92000003e-008, 0.004523438
,,,1.92400003e-008, 0.004679688
,,,1.92800003e-008, 0.004789063
,,,1.93200003e-008, 0.004945313
,,,1.93600003e-008, 0.004960938
,,,1.94000003e-008,       0.005
,,,1.94400003e-008,       0.005
,,,1.94800003e-008, 0.005007813
,,,1.95200003e-008, 0.005039063
,,,1.95600003e-008,  0.00503125
,,,1.96000003e-008, 0.004992188
,,,1.96400003e-008, 0.005007813
,,,1.96800003e-008, 0.004992188
,,,1.97200003e-008, 0.004984375
,,,1.97600003e-008, 0.004992188
,,,1.98000003e-008,  0.00496875
,,,1.98400003e-008,  0.00496875
,,,1.98800003e-008, 0.004953125
,,,1.99200003e-008,  0.00496875
,,,1.99600003e-008, 0.004976563
,,,2.00000003e-008, 0.004914063
,,,2.00400003e-008, 0.004867188
,,,2.00800003e-008, 0.004757813
,,,2.01200003e-008, 0.004640625
,,,2.01600003e-008, 0.004429688
,,,2.02000003e-008, 0.004289063
,,,2.02400003e-008, 0.004085938
,,,2.02800003e-008, 0.003859375
,,,2.03200003e-008, 0.003632813
,,,2.03600003e-008, 0.003445313
,,,2.04000003e-008, 0.003226563
,,,2.04400003e-008, 0.002953125
,,,2.04800003e-008,  0.00271875
,,,2.05200003e-008,    0.002375
,,,2.05600003e-008,   0.0020625
,,,2.06000003e-008, 0.001632813
,,,2.06400003e-008,  0.00121875
,,,2.06800003e-008,     0.00075
,,,2.07200003e-008,     0.00025
,,,2.07600003e-008,    -0.00025
,,,2.08000003e-008, -0.00071875
,,,2.08400003e-008,-0.001203125
,,,2.08800003e-008,-0.001632813
,,,2.09200003e-008,-0.001992188
,,,2.09600003e-008,-0.002382813
,,,2.10000003e-008,-0.002773438
,,,2.10400003e-008,-0.003085938
,,,2.10800003e-008,-0.003539063
,,,2.11200003e-008,-0.003960938
,,,2.11600003e-008, -0.00440625
,,,2.12000003e-008,-0.004859375
,,,2.12400003e-008,-0.005203125
,,,2.12800003e-008,-0.005554688
,,,2.13200003e-008,-0.005734375
,,,2.13600003e-008,-0.005867188
,,,2.14000003e-008,-0.005945313
,,,2.14400003e-008,-0.005953125
,,,2.14800003e-008,-0.006007813
,,,2.15200003e-008, -0.00603125
,,,2.15600003e-008,-0.006148438
,,,2.16000003e-008,-0.006304688
,,,2.16400003e-008, -0.00640625
,,,2.16800003e-008, -0.00646875
,,,2.17200003e-008,-0.006507813
,,,2.17600003e-008, -0.00640625
,,,2.18000003e-008,-0.006359375
,,,2.18400003e-008,-0.006203125
,,,2.18800003e-008,-0.006140625
,,,2.19200003e-008,-0.006117188
,,,2.19600003e-008,-0.006078125
,,,2.20000003e-008, -0.00615625
,,,2.20400003e-008,-0.006265625
,,,2.20800003e-008,-0.006320313
,,,2.21200003e-008,  -0.0064375
,,,2.21600003e-008, -0.00653125
,,,2.22000003e-008,-0.006578125
,,,2.22400003e-008,-0.006671875
,,,2.22800003e-008,-0.006679688
,,,2.23200003e-008,-0.006640625
,,,2.23600003e-008,-0.006617188
,,,2.24000003e-008,-0.006515625
,,,2.24400003e-008,-0.006398438
,,,2.24800003e-008,-0.006289063
,,,2.25200003e-008,-0.006117188
,,,2.25600003e-008,-0.005984375
,,,2.26000003e-008, -0.00590625
,,,2.26400003e-008,-0.005828125
,,,2.26800003e-008,-0.005765625
,,,2.27200003e-008,-0.005757813
,,,2.27600003e-008,-0.005679688
,,,2.28000003e-008,-0.005585938
,,,2.28400003e-008,     -0.0055
,,,2.28800003e-008,-0.005289063
,,,2.29200003e-008,-0.005140625
,,,2.29600003e-008,-0.004867188
,,,2.30000003e-008,  -0.0046875
,,,2.30400003e-008, -0.00453125
,,,2.30800003e-008,-0.004359375
,,,2.31200003e-008,-0.004242188
,,,2.31600003e-008,-0.004101563
,,,2.32000003e-008,-0.003992188
,,,2.32400003e-008,-0.003828125
,,,2.32800003e-008,-0.003726563
,,,2.33200003e-008,  -0.0035625
,,,2.33600003e-008,  -0.0034375
,,,2.34000003e-008,-0.003289063
,,,2.34400003e-008,-0.003226563
,,,2.34800003e-008,-0.003109375
,,,2.35200003e-008,-0.003007813
,,,2.35600003e-008,-0.002851563
,,,2.36000003e-008,-0.002679688
,,,2.36400003e-008,-0.002398438
,,,2.36800003e-008,   -0.002125
,,,2.37200003e-008,-0.001695313
,,,2.37600003e-008,-0.001210938
,,,2.38000003e-008,-0.000671875
,,,2.38400003e-008,   -0.000125
,,,2.38800003e-008,0.0005234375
,,,2.39200003e-008, 0.001070313
,,,2.39600003e-008,  0.00165625
,,,2.40000003e-008, 0.002234375
,,,2.40400003e-008,   0.0026875
,,,2.40800003e-008, 0.003148438
,,,2.41200003e-008,  0.00346875
,,,2.41600003e-008, 0.003710938
,,,2.42000003e-008, 0.003835938
,,,2.42400003e-008,   0.0039375
,,,2.42800003e-008,  0.00384375
,,,2.43200003e-008, 0.003796875
,,,2.43600003e-008, 0.003601563
,,,2.44000003e-008, 0.003398438
,,,2.44400003e-008, 0.003109375
,,,2.44800003e-008, 0.002835938
,,,2.45200003e-008, 0.002554688
,,,2.45600003e-008, 0.002242188
,,,2.46000003e-008, 0.001945313
,,,2.46400003e-008, 0.001679688
,,,2.46800003e-008, 0.001453125
,,,2.47200003e-008, 0.001242188
,,,2.47600003e-008,   0.0010625
,,,2.48000003e-008,0.0009453125
,,,2.48400003e-008,0.0008984375
,,,2.48800003e-008,0.0008203125
,,,2.49200003e-008,  0.00078125
,,,2.49600003e-008,     0.00075
,,,2.50000003e-008,0.0006640625
,,,2.50400003e-008,0.0005859375
,,,2.50800003e-008,  0.00046875
,,,2.51200003e-008,0.0003203125
,,,2.51600003e-008,0.0001484375
,,,2.52000003e-008, -9.375e-005
,,,2.52400003e-008,  -0.0001875
,,,2.52800003e-008,-0.0002421875
,,,2.53200003e-008,-0.000265625
,,,2.53600003e-008,-0.000171875
,,,2.54000003e-008,-4.6875e-005
,,,2.54400003e-008, 0.000140625
,,,2.54800003e-008,0.0004140625
,,,2.55200003e-008,0.0006171875
,,,2.55600003e-008,  0.00090625
,,,2.56000003e-008, 0.001070313
,,,2.56400003e-008,  0.00121875
,,,2.56800003e-008, 0.001320313
,,,2.57200003e-008,   0.0013125
,,,2.57600003e-008,   0.0011875
,,,2.58000003e-008,0.0009921875
,,,2.58400003e-008,0.0007734375
,,,2.58800003e-008,0.0004296875
,,,2.59200003e-008,   6.25e-005
,,,2.59600003e-008, -0.00028125
,,,2.60000003e-008, -0.00065625
,,,2.60400003e-008,-0.001023438
,,,2.60800003e-008,-0.001359375
,,,2.61200003e-008,-0.001671875
,,,2.61600003e-008, -0.00190625
,,,2.62000003e-008,-0.002203125
,,,2.62400004e-008,  -0.0023125
,,,2.62800004e-008,-0.002460938
,,,2.63200004e-008,-0.002617188
,,,2.63600004e-008,-0.002640625
,,,2.64000004e-008,-0.002671875
,,,2.64400004e-008,-0.002734375
,,,2.64800004e-008,    -0.00275
,,,2.65200004e-008,-0.002851563
,,,2.65600004e-008,-0.002984375
,,,2.66000004e-008,-0.003210938
,,,2.66400004e-008,-0.003492188
,,,2.66800004e-008,-0.003914063
,,,2.67200004e-008,  -0.0043125
,,,2.67600004e-008, -0.00478125
,,,2.68000004e-008,-0.005195313
,,,2.68400004e-008,-0.005617188
,,,2.68800004e-008,  -0.0059375
,,,2.69200004e-008,-0.006226563
,,,2.69600004e-008,-0.006414063
,,,2.70000004e-008,-0.006539063
,,,2.70400004e-008,-0.006609375
,,,2.70800004e-008,-0.006695313
,,,2.71200004e-008,-0.006742188
,,,2.71600004e-008,-0.006710938
,,,2.72000004e-008,-0.006710938
,,,2.72400004e-008,   -0.006625
,,,2.72800004e-008, -0.00653125
,,,2.73200004e-008,-0.006390625
,,,2.73600004e-008, -0.00621875
,,,2.74000004e-008,-0.006117188
,,,2.74400004e-008,-0.005929688
,,,2.74800004e-008,  -0.0058125
,,,2.75200004e-008,-0.005710938
,,,2.75600004e-008,-0.005679688
,,,2.76000004e-008,   -0.005625
,,,2.76400004e-008,-0.005632813
,,,2.76800004e-008, -0.00559375
,,,2.77200004e-008,     -0.0055
,,,2.77600004e-008,-0.005398438
,,,2.78000004e-008,-0.005257813
,,,2.78400004e-008,-0.005078125
,,,2.78800004e-008,-0.004804688
,,,2.79200004e-008,-0.004617188
,,,2.79600004e-008,-0.004390625
,,,2.80000004e-008,-0.004132813
,,,2.80400004e-008,-0.003851563
,,,2.80800004e-008,-0.003601563
,,,2.81200004e-008,-0.003390625
,,,2.81600004e-008,-0.003085938
,,,2.82000004e-008,-0.002804688
,,,2.82400004e-008,-0.002601563
,,,2.82800004e-008, -0.00240625
,,,2.83200004e-008,-0.002257813
,,,2.83600004e-008,-0.002117188
,,,2.84000004e-008,-0.002023438
,,,2.84400004e-008,  -0.0019375
,,,2.84800004e-008,-0.001851563
,,,2.85200004e-008,-0.001742188
,,,2.85600004e-008,-0.001601563
,,,2.86000004e-008,-0.001429688
,,,2.86400004e-008,-0.001265625
,,,2.86800004e-008, -0.00115625
,,,2.87200004e-008,-0.000953125
,,,2.87600004e-008,-0.0008515625
,,,2.88000004e-008,-0.0006171875
,,,2.88400004e-008,-0.0004140625
,,,2.88800004e-008,-0.000203125
,,,2.89200004e-008,5.46875e-005
,,,2.89600004e-008, 0.000296875
,,,2.90000004e-008,0.0005234375
,,,2.90400004e-008,  0.00078125
,,,2.90800004e-008,       0.001
,,,2.91200004e-008,  0.00115625
,,,2.91600004e-008, 0.001265625
,,,2.92000004e-008, 0.001390625
,,,2.92400004e-008,  0.00140625
,,,2.92800004e-008, 0.001414063
,,,2.93200004e-008,   0.0014375
,,,2.93600004e-008, 0.001453125
,,,2.94000004e-008, 0.001476563
,,,2.94400004e-008, 0.001414063
,,,2.94800004e-008,    0.001375
,,,2.95200004e-008, 0.001296875
,,,2.95600004e-008, 0.001226563
,,,2.96000004e-008, 0.001148438
,,,2.96400004e-008, 0.001046875
,,,2.96800004e-008,  0.00090625
,,,2.97200004e-008,  0.00078125
,,,2.97600004e-008,0.0006328125
,,,2.98000004e-008,0.0005546875
,,,2.98400004e-008,    0.000375
,,,2.98800004e-008,0.0001953125
,,,2.99200004e-008, 4.6875e-005
,,,2.99600004e-008,-0.000203125
,,,3.00000004e-008,-0.0004609375
,,,3.00400004e-008,-0.0006796875
,,,3.00800004e-008,-0.0008359375
,,,3.01200004e-008,-0.0009296875
,,,3.01600004e-008,-0.001039063
,,,3.02000004e-008,-0.001140625
,,,3.02400004e-008,   -0.001125
,,,3.02800004e-008, -0.00115625
,,,3.03200004e-008,-0.001164063
,,,3.03600004e-008,-0.001179688
,,,3.04000004e-008, -0.00121875
,,,3.04400004e-008,-0.001203125
,,,3.04800004e-008,  -0.0011875
,,,3.05200004e-008, -0.00115625
,,,3.05600004e-008,-0.001117188
,,,3.06000004e-008,-0.001117188
,,,3.06400004e-008,  -0.0010625
,,,3.06800004e-008, -0.00109375
,,,3.07200004e-008,-0.001117188
,,,3.07600004e-008,-0.001203125
,,,3.08000004e-008,-0.001304688
,,,3.08400004e-008,-0.001351563
,,,3.08800004e-008,  -0.0014375
,,,3.09200004e-008, -0.00153125
,,,3.09600004e-008, -0.00159375
,,,3.10000004e-008,-0.001632813
,,,3.10400004e-008,-0.001671875
,,,3.10800004e-008,-0.001671875
,,,3.11200004e-008,  -0.0016875
,,,3.11600004e-008,-0.001710938
,,,3.12000004e-008,-0.001664063
,,,3.12400004e-008, -0.00165625
,,,3.12800004e-008,-0.001640625
,,,3.13200004e-008,-0.001648438
,,,3.13600004e-008, -0.00165625
,,,3.14000004e-008,-0.001671875
,,,3.14400004e-008,    -0.00175
,,,3.14800004e-008,  -0.0018125
,,,3.15200004e-008,-0.001851563
,,,3.15600004e-008,-0.001945313
,,,3.16000004e-008,  -0.0020625
,,,3.16400004e-008,-0.002171875
,,,3.16800004e-008, -0.00234375
,,,3.17200004e-008,-0.002515625
,,,3.17600004e-008,-0.002703125
,,,3.18000004e-008,-0.002835938
,,,3.18400004e-008,-0.003015625
,,,3.18800004e-008,-0.003101563
,,,3.19200004e-008,-0.003226563
,,,3.19600004e-008,-0.003242188
,,,3.20000004e-008,-0.003328125
,,,3.20400004e-008,-0.003367188
,,,3.20800004e-008,-0.003414063
,,,3.21200004e-008,-0.003476563
,,,3.21600004e-008,-0.003539063
,,,3.22000004e-008, -0.00359375
,,,3.22400004e-008, -0.00365625
,,,3.22800004e-008,-0.003640625
,,,3.23200004e-008,-0.003617188
,,,3.23600004e-008,-0.003617188
,,,3.24000004e-008, -0.00359375
,,,3.24400004e-008,-0.003570313
,,,3.24800004e-008,-0.003578125
,,,3.25200004e-008,-0.003601563
,,,3.25600004e-008,-0.003632813
,,,3.26000004e-008,-0.003734375
,,,3.26400004e-008,    -0.00375
,,,3.26800004e-008,-0.003804688
,,,3.27200004e-008,-0.003773438
,,,3.27600004e-008,-0.003789063
,,,3.28000004e-008,-0.003726563
,,,3.28400004e-008,-0.003695313
,,,3.28800004e-008,-0.003609375
,,,3.29200004e-008,-0.003539063
,,,3.29600004e-008,-0.003539063
,,,3.30000004e-008,-0.003445313
,,,3.30400004e-008,   -0.003375
,,,3.30800004e-008,-0.003335938
,,,3.31200004e-008,-0.003296875
,,,3.31600004e-008,-0.003296875
,,,3.32000004e-008,-0.003367188
,,,3.32400004e-008,-0.003382813
,,,3.32800004e-008,-0.003484375
,,,3.33200004e-008,-0.003570313
,,,3.33600004e-008, -0.00359375
,,,3.34000004e-008, -0.00359375
,,,3.34400004e-008,-0.003554688
,,,3.34800004e-008,-0.003414063
,,,3.35200004e-008,-0.003226563
,,,3.35600004e-008,-0.003039063
,,,3.36000004e-008,-0.002828125
,,,3.36400004e-008, -0.00265625
,,,3.36800004e-008, -0.00240625
,,,3.37200005e-008,-0.002242188
,,,3.37600005e-008,-0.002101563
,,,3.38000005e-008,  -0.0019375
,,,3.38400005e-008,-0.001789063
,,,3.38800005e-008,-0.001648438
,,,3.39200005e-008,-0.001546875
,,,3.39600005e-008,-0.001367188
,,,3.40000005e-008,-0.001257813
,,,3.40400005e-008,-0.001117188
,,,3.40800005e-008,-0.0009609375
,,,3.41200005e-008, -0.00084375
,,,3.41600005e-008,-0.0007421875
,,,3.42000005e-008,-0.000578125
,,,3.42400005e-008,-0.0004609375
,,,3.42800005e-008,-0.000359375
,,,3.43200005e-008,-0.0002421875
,,,3.43600005e-008,-0.000140625
,,,3.44000005e-008,  -6.25e-005
,,,3.44400005e-008,-7.8125e-006
,,,3.44800005e-008,8.59375e-005
,,,3.45200005e-008, 7.8125e-005
,,,3.45600005e-008,0.0001015625
,,,3.46000005e-008,  9.375e-005
,,,3.46400005e-008, 4.6875e-005
,,,3.46800005e-008,-2.34375e-005
,,,3.47200005e-008,-0.000140625
,,,3.47600005e-008,    -0.00025
,,,3.48000005e-008,-0.0003828125
,,,3.48400005e-008,-0.0004765625
,,,3.48800005e-008,-0.0005703125
,,,3.49200005e-008,-0.0006171875
,,,3.49600005e-008,-0.0006171875
,,,3.50000005e-008,-0.000640625
,,,3.50400005e-008,-0.0006796875
,,,3.50800005e-008,-0.000703125
,,,3.51200005e-008,    -0.00075
,,,3.51600005e-008,-0.000765625
,,,3.52000005e-008,-0.000828125
,,,3.52400005e-008,   -0.000875
,,,3.52800005e-008,-0.000890625
,,,3.53200005e-008,   -0.000875
,,,3.53600005e-008,-0.000921875
,,,3.54000005e-008, -0.00090625
,,,3.54400005e-008,-0.000921875
,,,3.54800005e-008,-0.0009609375
,,,3.55200005e-008,-0.001039063
,,,3.55600005e-008,  -0.0010625
,,,3.56000005e-008,  -0.0011875
,,,3.56400005e-008,-0.001304688
,,,3.56800005e-008,-0.001414063
,,,3.57200005e-008,-0.001515625
,,,3.57600005e-008,-0.001632813
,,,3.58000005e-008,-0.001703125
,,,3.58400005e-008,-0.001757813
,,,3.58800005e-008,-0.001835938
,,,3.59200005e-008,-0.001882813
,,,3.59600005e-008, -0.00190625
,,,3.60000005e-008,-0.001898438
,,,3.60400005e-008,-0.001851563
,,,3.60800005e-008,-0.001828125
,,,3.61200005e-008,-0.001703125
,,,3.61600005e-008, -0.00171875
,,,3.62000005e-008,  -0.0016875
,,,3.62400005e-008,  -0.0016875
,,,3.62800005e-008,    -0.00175
,,,3.63200005e-008,-0.001765625
,,,3.63600005e-008, -0.00190625
,,,3.64000005e-008,      -0.002
,,,3.64400005e-008,-0.002054688
,,,3.64800005e-008,-0.002117188
,,,3.65200005e-008,-0.002164063
,,,3.65600005e-008,-0.002171875
,,,3.66000005e-008, -0.00221875
,,,3.66400005e-008,-0.002257813
,,,3.66800005e-008,-0.002289063
,,,3.67200005e-008,-0.002351563
,,,3.67600005e-008,-0.002398438
,,,3.68000005e-008,-0.002429688
,,,3.68400005e-008, -0.00240625
,,,3.68800005e-008,-0.002382813
,,,3.69200005e-008,   -0.002375
,,,3.69600005e-008,-0.002289063
,,,3.70000005e-008,-0.002226563
,,,3.70400005e-008, -0.00221875
,,,3.70800005e-008, -0.00221875
,,,3.71200005e-008,-0.002296875
,,,3.71600005e-008,-0.002421875
,,,3.72000005e-008,-0.002492188
,,,3.72400005e-008,-0.002601563
,,,3.72800005e-008,-0.002726563
,,,3.73200005e-008,-0.002851563
,,,3.73600005e-008, -0.00290625
,,,3.74000005e-008,      -0.003
,,,3.74400005e-008, -0.00303125
,,,3.74800005e-008,-0.003039063
,,,3.75200005e-008,-0.003023438
,,,3.75600005e-008,-0.002992188
,,,3.76000005e-008,-0.003015625
,,,3.76400005e-008,-0.003007813
,,,3.76800005e-008, -0.00303125
,,,3.77200005e-008, -0.00303125
,,,3.77600005e-008,  -0.0030625
,,,3.78000005e-008,-0.003117188
,,,3.78400005e-008,-0.003101563
,,,3.78800005e-008,-0.003039063
,,,3.79200005e-008,-0.002992188
,,,3.79600005e-008,  -0.0029375
,,,3.80000005e-008,-0.002851563
,,,3.80400005e-008,-0.002851563
,,,3.80800005e-008,    -0.00275
,,,3.81200005e-008,-0.002695313
,,,3.81600005e-008, -0.00259375
,,,3.82000005e-008,-0.002429688
,,,3.82400005e-008,-0.002335938
,,,3.82800005e-008,-0.002164063
,,,3.83200005e-008,-0.002070313
,,,3.83600005e-008, -0.00196875
,,,3.84000005e-008, -0.00196875
,,,3.84400005e-008,  -0.0019375
,,,3.84800005e-008, -0.00196875
,,,3.85200005e-008, -0.00196875
,,,3.85600005e-008,-0.001953125
,,,3.86000005e-008,  -0.0019375
,,,3.86400005e-008,-0.001953125
,,,3.86800005e-008,-0.001859375
,,,3.87200005e-008,  -0.0018125
,,,3.87600005e-008,-0.001734375
,,,3.88000005e-008, -0.00165625
,,,3.88400005e-008,-0.001617188
,,,3.88800005e-008, -0.00153125
,,,3.89200005e-008,-0.001507813
,,,3.89600005e-008,-0.001445313
,,,3.90000005e-008,-0.001382813
,,,3.90400005e-008,-0.001320313
,,,3.90800005e-008,-0.001210938
,,,3.91200005e-008,-0.001179688
,,,3.91600005e-008,-0.001101563
,,,3.92000005e-008, -0.00109375
,,,3.92400005e-008,-0.001015625
,,,3.92800005e-008, -0.00096875
,,,3.93200005e-008,-0.000953125
,,,3.93600005e-008,-0.0009140625
,,,3.94000005e-008, -0.00084375
,,,3.94400005e-008,  -0.0008125
,,,3.94800005e-008,-0.0007890625
,,,3.95200005e-008, -0.00078125
,,,3.95600005e-008,-0.0007890625
,,,3.96000005e-008,   -0.000875
,,,3.96400005e-008,-0.000890625
,,,3.96800005e-008,-0.000953125
,,,3.97200005e-008,-0.0009921875
,,,3.97600005e-008,-0.001070313
,,,3.98000005e-008,-0.001132813
,,,3.98400005e-008,-0.001171875
,,,3.98800005e-008,  -0.0011875
,,,3.99200005e-008,-0.001195313
,,,3.99600005e-008,-0.001210938
,,,4.00000005e-008,-0.001234375
,,,4.00400005e-008,-0.001195313
,,,4.00800005e-008,-0.001242188
,,,4.01200005e-008,-0.001257813
,,,4.01600005e-008,-0.001328125
,,,4.02000005e-008,-0.001367188
,,,4.02400005e-008,-0.001453125
,,,4.02800005e-008,-0.001546875
,,,4.03200005e-008,-0.001601563
,,,4.03600005e-008,-0.001679688
,,,4.04000005e-008,-0.001664063
,,,4.04400005e-008,-0.001695313
,,,4.04800005e-008,-0.001664063
,,,4.05200005e-008,-0.001648438
,,,4.05600005e-008,-0.001664063
,,,4.06000005e-008,-0.001648438
,,,4.06400005e-008,-0.001679688
,,,4.06800005e-008,-0.001710938
,,,4.07200005e-008,-0.001773438
,,,4.07600005e-008,-0.001851563
,,,4.08000005e-008,-0.001945313
,,,4.08400005e-008,-0.002023438
,,,4.08800005e-008,-0.002078125
,,,4.09200005e-008,-0.002117188
,,,4.09600005e-008, -0.00215625
,,,4.10000005e-008,-0.002234375
,,,4.10400005e-008,  -0.0023125
,,,4.10800005e-008,-0.002335938
,,,4.11200005e-008,-0.002429688
,,,4.11600005e-008,-0.002429688
,,,4.12000006e-008,-0.002546875
,,,4.12400006e-008,-0.002507813
,,,4.12800006e-008,-0.002523438
,,,4.13200006e-008,-0.002484375
,,,4.13600006e-008,-0.002429688
,,,4.14000006e-008,-0.002320313
,,,4.14400006e-008,-0.002328125
,,,4.14800006e-008,-0.002273438
,,,4.15200006e-008,-0.002210938
,,,4.15600006e-008, -0.00215625
,,,4.16000006e-008,-0.002109375
,,,4.16400006e-008,-0.002164063
,,,4.16800006e-008,-0.002140625
,,,4.17200006e-008,-0.002195313
,,,4.17600006e-008,-0.002226563
,,,4.18000006e-008, -0.00228125
,,,4.18400006e-008,-0.002351563
,,,4.18800006e-008,-0.002320313
,,,4.19200006e-008,-0.002367188
,,,4.19600006e-008,-0.002367188
,,,4.20000006e-008,-0.002367188
,,,4.20400006e-008,-0.002320313
,,,4.20800006e-008,-0.002320313
,,,4.21200006e-008,-0.002328125
,,,4.21600006e-008,-0.002296875
,,,4.22000006e-008,-0.002320313
,,,4.22400006e-008,-0.002296875
,,,4.22800006e-008,-0.002273438
,,,4.23200006e-008,-0.002257813
,,,4.23600006e-008,-0.002195313
,,,4.24000006e-008,-0.002164063
,,,4.24400006e-008,-0.002101563
,,,4.24800006e-008, -0.00209375
,,,4.25200006e-008,-0.002007813
,,,4.25600006e-008,-0.002015625
,,,4.26000006e-008,      -0.002
,,,4.26400006e-008,-0.001953125
,,,4.26800006e-008,-0.001953125
,,,4.27200006e-008,-0.001945313
,,,4.27600006e-008,-0.001914063
,,,4.28000006e-008,-0.001921875
,,,4.28400006e-008,-0.001867188
,,,4.28800006e-008,-0.001851563
,,,4.29200006e-008,-0.001765625
,,,4.29600006e-008,-0.001765625
,,,4.30000006e-008,-0.001664063
,,,4.30400006e-008,-0.001671875
,,,4.30800006e-008, -0.00165625
,,,4.31200006e-008,-0.001664063
,,,4.31600006e-008,-0.001664063
,,,4.32000006e-008,   -0.001625
,,,4.32400006e-008,-0.001640625
,,,4.32800006e-008,-0.001609375
,,,4.33200006e-008,-0.001601563
,,,4.33600006e-008,-0.001507813
,,,4.34000006e-008,-0.001460938
,,,4.34400006e-008,-0.001429688
,,,4.34800006e-008, -0.00140625
,,,4.35200006e-008,-0.001390625
,,,4.35600006e-008,-0.001453125
,,,4.36000006e-008,-0.001460938
,,,4.36400006e-008,     -0.0015
,,,4.36800006e-008, -0.00153125
,,,4.37200006e-008,-0.001507813
,,,4.37600006e-008,-0.001492188
,,,4.38000006e-008,-0.001492188
,,,4.38400006e-008,-0.001492188
,,,4.38800006e-008,-0.001507813
,,,4.39200006e-008,-0.001507813
,,,4.39600006e-008,-0.001601563
,,,4.40000006e-008,-0.001609375
,,,4.40400006e-008,-0.001695313
,,,4.40800006e-008,-0.001710938
,,,4.41200006e-008,-0.001742188
,,,4.41600006e-008,-0.001773438
,,,4.42000006e-008,    -0.00175
,,,4.42400006e-008,-0.001757813
,,,4.42800006e-008, -0.00171875
,,,4.43200006e-008,-0.001710938
,,,4.43600006e-008,-0.001773438
,,,4.44000006e-008,-0.001726563
,,,4.44400006e-008, -0.00171875
,,,4.44800006e-008,-0.001671875
,,,4.45200006e-008,  -0.0016875
,,,4.45600006e-008,-0.001648438
,,,4.46000006e-008,-0.001632813
,,,4.46400006e-008,-0.001671875
,,,4.46800006e-008,-0.001695313
,,,4.47200006e-008,-0.001773438
,,,4.47600006e-008, -0.00184375
,,,4.48000006e-008,-0.001882813
,,,4.48400006e-008, -0.00190625
,,,4.48800006e-008,-0.001960938
,,,4.49200006e-008,-0.002015625
,,,4.49600006e-008,-0.002007813
,,,4.50000006e-008,-0.002046875
,,,4.50400006e-008,-0.002054688
,,,4.50800006e-008,-0.002070313
,,,4.51200006e-008,-0.002085938
,,,4.51600006e-008,-0.002070313
,,,4.52000006e-008,-0.002101563
,,,4.52400006e-008,-0.002070313
,,,4.52800006e-008, -0.00209375
,,,4.53200006e-008,-0.002085938
,,,4.53600006e-008,-0.002054688
,,,4.54000006e-008,-0.002132813
,,,4.54400006e-008,-0.002117188
,,,4.54800006e-008,-0.002164063
,,,4.55200006e-008,-0.002195313
,,,4.55600006e-008, -0.00221875
,,,4.56000006e-008,-0.002226563
,,,4.56400006e-008, -0.00228125
,,,4.56800006e-008,    -0.00225
,,,4.57200006e-008,-0.002304688
,,,4.57600006e-008,-0.002351563
,,,4.58000006e-008,-0.002382813
,,,4.58400006e-008,-0.002414063
,,,4.58800006e-008,-0.002445313
,,,4.59200006e-008,-0.002460938
,,,4.59600006e-008,-0.002453125
,,,4.60000006e-008,-0.002421875
,,,4.60400006e-008,-0.002328125
,,,4.60800006e-008,-0.002257813
,,,4.61200006e-008,-0.002195313
,,,4.61600006e-008,-0.002109375
,,,4.62000006e-008,  -0.0020625
,,,4.62400006e-008,-0.001992188
,,,4.62800006e-008,-0.001992188
,,,4.63200006e-008,-0.001992188
,,,4.63600006e-008,-0.001976563
,,,4.64000006e-008, -0.00203125
,,,4.64400006e-008,-0.002054688
,,,4.64800006e-008, -0.00203125
,,,4.65200006e-008,-0.002039063
,,,4.65600006e-008,-0.002015625
,,,4.66000006e-008,-0.002070313
,,,4.66400006e-008,-0.002085938
,,,4.66800006e-008,-0.002085938
,,,4.67200006e-008,-0.002085938
,,,4.67600006e-008, -0.00209375
,,,4.68000006e-008,-0.002101563
,,,4.68400006e-008,   -0.002125
,,,4.68800006e-008,  -0.0020625
,,,4.69200006e-008,  -0.0019375
,,,4.69600006e-008, -0.00190625
,,,4.70000006e-008,  -0.0018125
,,,4.70400006e-008,-0.001734375
,,,4.70800006e-008,-0.001671875
,,,4.71200006e-008,-0.001648438
,,,4.71600006e-008,-0.001632813
,,,4.72000006e-008,-0.001609375
,,,4.72400006e-008,-0.001601563
,,,4.72800006e-008, -0.00159375
,,,4.73200006e-008,-0.001578125
,,,4.73600006e-008,-0.001554688
,,,4.74000006e-008,-0.001546875
,,,4.74400006e-008,-0.001523438
,,,4.74800006e-008,-0.001523438
,,,4.75200006e-008,-0.001554688
,,,4.75600006e-008,-0.001570313
,,,4.76000006e-008,   -0.001625
,,,4.76400006e-008,  -0.0016875
,,,4.76800006e-008,-0.001710938
,,,4.77200006e-008,-0.001796875
,,,4.77600006e-008,-0.001859375
,,,4.78000006e-008,-0.001820313
,,,4.78400006e-008,-0.001914063
,,,4.78800006e-008,-0.001890625
,,,4.79200006e-008,-0.001851563
,,,4.79600006e-008,-0.001851563
,,,4.80000006e-008,-0.001820313
,,,4.80400006e-008,-0.001789063
,,,4.80800006e-008,-0.001765625
,,,4.81200006e-008,-0.001757813
,,,4.81600006e-008,-0.001710938
,,,4.82000006e-008,-0.001664063
,,,4.82400006e-008,-0.001648438
,,,4.82800006e-008,   -0.001625
,,,4.83200006e-008,-0.001578125
,,,4.83600006e-008,-0.001546875
,,,4.84000006e-008,-0.001523438
,,,4.84400006e-008,-0.001507813
,,,4.84800006e-008,-0.001492188
,,,4.85200006e-008,-0.001453125
,,,4.85600006e-008,-0.001484375
,,,4.86000006e-008,-0.001390625
,,,4.86400006e-008,-0.001414063
,,,4.86800006e-008,-0.001382813
,,,4.87200007e-008,-0.001414063
,,,4.87600007e-008,-0.001421875
,,,4.88000007e-008, -0.00140625
,,,4.88400007e-008,-0.001460938
,,,4.88800007e-008,-0.001476563
,,,4.89200007e-008, -0.00159375
,,,4.89600007e-008,-0.001671875
,,,4.90000007e-008,-0.001726563
,,,4.90400007e-008,-0.001773438
,,,4.90800007e-008, -0.00178125
,,,4.91200007e-008,-0.001851563
,,,4.91600007e-008,-0.001835938
,,,4.92000007e-008,-0.001796875
,,,4.92400007e-008, -0.00178125
,,,4.92800007e-008, -0.00178125
,,,4.93200007e-008,-0.001757813
,,,4.93600007e-008,-0.001734375
,,,4.94000007e-008,-0.001757813
,,,4.94400007e-008,-0.001765625
,,,4.94800007e-008,-0.001789063
,,,4.95200007e-008,-0.001804688
,,,4.95600007e-008,-0.001835938
,,,4.96000007e-008,-0.001851563
,,,4.96400007e-008,-0.001898438
,,,4.96800007e-008,-0.001929688
,,,4.97200007e-008, -0.00196875
,,,4.97600007e-008,-0.001984375
,,,4.98000007e-008,-0.002046875
,,,4.98400007e-008,  -0.0020625
,,,4.98800007e-008,-0.002101563
,,,4.99200007e-008,-0.002132813
,,,4.99600007e-008,-0.002195313
,,,5.00000007e-008,-0.002242188
,,,5.00400007e-008,-0.002234375
,,,5.00800007e-008, -0.00228125
,,,5.01200007e-008,-0.002226563
,,,5.01600007e-008,-0.002226563
,,,5.02000007e-008,-0.002171875
,,,5.02400007e-008,   -0.002125
,,,5.02800007e-008, -0.00203125
,,,5.03200007e-008,-0.001984375
,,,5.03600007e-008,-0.001960938
,,,5.04000007e-008,-0.001953125
,,,5.04400007e-008,-0.001976563
,,,5.04800007e-008,      -0.002
,,,5.05200007e-008,-0.002015625
,,,5.05600007e-008,-0.002085938
,,,5.06000007e-008,-0.002132813
,,,5.06400007e-008, -0.00215625
,,,5.06800007e-008,-0.002179688
,,,5.07200007e-008,-0.002203125
,,,5.07600007e-008, -0.00221875
,,,5.08000007e-008,-0.002226563
,,,5.08400007e-008,    -0.00225
,,,5.08800007e-008,-0.002273438
,,,5.09200007e-008,-0.002242188
,,,5.09600007e-008,-0.002242188
,,,5.10000007e-008,-0.002234375
,,,5.10400007e-008,-0.002273438
,,,5.10800007e-008,-0.002304688
,,,5.11200007e-008,-0.002304688
,,,5.11600007e-008,-0.002257813
,,,5.12000007e-008,-0.002203125
,,,5.12400007e-008,   -0.002125
,,,5.12800007e-008,-0.002054688
,,,5.13200007e-008, -0.00190625
,,,5.13600007e-008,-0.001820313
,,,5.14000007e-008,    -0.00175
,,,5.14400007e-008,-0.001734375
,,,5.14800007e-008, -0.00178125
,,,5.15200007e-008,-0.001867188
,,,5.15600007e-008,-0.001945313
,,,5.16000007e-008,  -0.0020625
,,,5.16400007e-008,-0.002054688
,,,5.16800007e-008,-0.002054688
,,,5.17200007e-008,-0.001984375
,,,5.17600007e-008,-0.001960938
,,,5.18000007e-008,-0.001859375
,,,5.18400007e-008,  -0.0018125
,,,5.18800007e-008,-0.001820313
,,,5.19200007e-008,-0.001804688
,,,5.19600007e-008,-0.001835938
,,,5.20000007e-008,-0.001835938
,,,5.20400007e-008,-0.001820313
,,,5.20800007e-008,-0.001804688
,,,5.21200007e-008,-0.001773438
,,,5.21600007e-008,-0.001726563
,,,5.22000007e-008,-0.001648438
,,,5.22400007e-008,   -0.001625
,,,5.22800007e-008,   -0.001625
,,,5.23200007e-008,-0.001609375
,,,5.23600007e-008,-0.001671875
,,,5.24000007e-008,-0.001703125
,,,5.24400007e-008,-0.001734375
,,,5.24800007e-008,    -0.00175
,,,5.25200007e-008,-0.001757813
,,,5.25600007e-008,-0.001742188
,,,5.26000007e-008, -0.00171875
,,,5.26400007e-008,-0.001703125
,,,5.26800007e-008,  -0.0016875
,,,5.27200007e-008,-0.001671875
,,,5.27600007e-008,-0.001695313
,,,5.28000007e-008,-0.001710938
,,,5.28400007e-008,-0.001734375
,,,5.28800007e-008,-0.001726563
,,,5.29200007e-008,-0.001734375
,,,5.29600007e-008,-0.001703125
,,,5.30000007e-008,  -0.0016875
,,,5.30400007e-008, -0.00165625
,,,5.30800007e-008,-0.001570313
,,,5.31200007e-008,  -0.0015625
,,,5.31600007e-008,-0.001539063
,,,5.32000007e-008,-0.001492188
,,,5.32400007e-008,-0.001515625
,,,5.32800007e-008,-0.001507813
,,,5.33200007e-008,-0.001546875
,,,5.33600007e-008,-0.001585938
,,,5.34000007e-008,-0.001632813
,,,5.34400007e-008,-0.001679688
,,,5.34800007e-008, -0.00171875
,,,5.35200007e-008,    -0.00175
,,,5.35600007e-008,-0.001773438
,,,5.36000007e-008,-0.001773438
,,,5.36400007e-008,    -0.00175
,,,5.36800007e-008,    -0.00175
,,,5.37200007e-008,-0.001726563
,,,5.37600007e-008,-0.001679688
,,,5.38000007e-008,-0.001617188
,,,5.38400007e-008,-0.001617188
,,,5.38800007e-008,-0.001609375
,,,5.39200007e-008,-0.001679688
,,,5.39600007e-008,  -0.0016875
,,,5.40000007e-008, -0.00171875
,,,5.40400007e-008,-0.001742188
,,,5.40800007e-008,-0.001742188
,,,5.41200007e-008,-0.001726563
,,,5.41600007e-008,-0.001726563
,,,5.42000007e-008, -0.00165625
,,,5.42400007e-008,  -0.0016875
,,,5.42800007e-008,-0.001703125
,,,5.43200007e-008,  -0.0016875
,,,5.43600007e-008, -0.00178125
,,,5.44000007e-008,-0.001890625
,,,5.44400007e-008,-0.001914063
,,,5.44800007e-008,-0.001976563
,,,5.45200007e-008,-0.002015625
,,,5.45600007e-008,-0.002007813
,,,5.46000007e-008,-0.002007813
,,,5.46400007e-008,-0.001921875
,,,5.46800007e-008,  -0.0018125
,,,5.47200007e-008,  -0.0018125
,,,5.47600007e-008,-0.001742188
,,,5.48000007e-008,-0.001726563
,,,5.48400007e-008,-0.001726563
,,,5.48800007e-008,-0.001765625
,,,5.49200007e-008,-0.001796875
,,,5.49600007e-008, -0.00184375
,,,5.50000007e-008,-0.001945313
,,,5.50400007e-008,-0.001992188
,,,5.50800007e-008,-0.002054688
,,,5.51200007e-008, -0.00203125
,,,5.51600007e-008, -0.00196875
,,,5.52000007e-008,-0.001976563
,,,5.52400007e-008,-0.001929688
,,,5.52800007e-008, -0.00190625
,,,5.53200007e-008,-0.001804688
,,,5.53600007e-008,-0.001867188
,,,5.54000007e-008,-0.001851563
,,,5.54400007e-008,-0.001859375
,,,5.54800007e-008,-0.001859375
,,,5.55200007e-008,-0.001890625
,,,5.55600007e-008,-0.001859375
,,,5.56000007e-008,-0.001820313
,,,5.56400007e-008,-0.001757813
,,,5.56800007e-008,-0.001726563
,,,5.57200007e-008,-0.001695313
,,,5.57600007e-008,-0.001734375
,,,5.58000007e-008,-0.001742188
,,,5.58400007e-008,-0.001828125
,,,5.58800007e-008, -0.00196875
,,,5.59200007e-008,-0.002039063
,,,5.59600007e-008,-0.002085938
,,,5.60000007e-008, -0.00215625
,,,5.60400007e-008,-0.002117188
,,,5.60800007e-008, -0.00209375
,,,5.61200007e-008,-0.002046875
,,,5.61600007e-008,-0.001976563
,,,5.62000008e-008,  -0.0019375
,,,5.62400008e-008,-0.001945313
,,,5.62800008e-008,-0.001945313
,,,5.63200008e-008,  -0.0019375
,,,5.63600008e-008,  -0.0019375
,,,5.64000008e-008,-0.001921875
,,,5.64400008e-008,-0.001898438
,,,5.64800008e-008,-0.001859375
,,,5.65200008e-008,-0.001851563
,,,5.65600008e-008,-0.001867188
,,,5.66000008e-008,   -0.001875
,,,5.66400008e-008, -0.00190625
,,,5.66800008e-008,  -0.0019375
,,,5.67200008e-008,-0.001976563
,,,5.67600008e-008,-0.001953125
,,,5.68000008e-008,-0.001992188
,,,5.68400008e-008,-0.001953125
,,,5.68800008e-008, -0.00190625
,,,5.69200008e-008,-0.001898438
,,,5.69600008e-008,-0.001921875
,,,5.70000008e-008,-0.001851563
,,,5.70400008e-008,-0.001945313
,,,5.70800008e-008,  -0.0019375
,,,5.71200008e-008,-0.001960938
,,,5.71600008e-008,-0.001984375
,,,5.72000008e-008,-0.001992188
,,,5.72400008e-008,-0.001976563
,,,5.72800008e-008, -0.00190625
,,,5.73200008e-008,   -0.001875
,,,5.73600008e-008,-0.001828125
,,,5.74000008e-008,    -0.00175
,,,5.74400008e-008, -0.00178125
,,,5.74800008e-008, -0.00184375
,,,5.75200008e-008,-0.001859375
,,,5.75600008e-008,-0.001953125
,,,5.76000008e-008,-0.002046875
,,,5.76400008e-008,-0.002117188
,,,5.76800008e-008,-0.002164063
,,,5.77200008e-008,  -0.0021875
,,,5.77600008e-008,-0.002109375
,,,5.78000008e-008,-0.002078125
,,,5.78400008e-008, -0.00196875
,,,5.78800008e-008,-0.001890625
,,,5.79200008e-008,-0.001789063
,,,5.79600008e-008,  -0.0018125
,,,5.80000008e-008,-0.001765625
,,,5.80400008e-008,-0.001789063
,,,5.80800008e-008,-0.001859375
,,,5.81200008e-008,-0.001859375
,,,5.81600008e-008,-0.001914063
,,,5.82000008e-008,-0.001953125
,,,5.82400008e-008,-0.001929688
,,,5.82800008e-008,  -0.0019375
,,,5.83200008e-008,-0.001921875
,,,5.83600008e-008,-0.001992188
,,,5.84000008e-008,-0.002023438
,,,5.84400008e-008,-0.002070313
,,,5.84800008e-008,-0.002117188
,,,5.85200008e-008,-0.002109375
,,,5.85600008e-008,-0.002117188
,,,5.86000008e-008, -0.00209375
,,,5.86400008e-008,-0.002015625
,,,5.86800008e-008,-0.001921875
,,,5.87200008e-008,-0.001828125
,,,5.87600008e-008,    -0.00175
,,,5.88000008e-008, -0.00165625
,,,5.88400008e-008,-0.001632813
,,,5.88800008e-008,-0.001585938
,,,5.89200008e-008,-0.001609375
,,,5.89600008e-008,  -0.0016875
,,,5.90000008e-008,-0.001710938
,,,5.90400008e-008,-0.001757813
,,,5.90800008e-008,  -0.0018125
,,,5.91200008e-008, -0.00184375
,,,5.91600008e-008,-0.001914063
,,,5.92000008e-008,-0.001929688
,,,5.92400008e-008,-0.001976563
,,,5.92800008e-008,-0.001945313
,,,5.93200008e-008,-0.001953125
,,,5.93600008e-008,-0.001929688
,,,5.94000008e-008,-0.001898438
,,,5.94400008e-008,-0.001835938
,,,5.94800008e-008, -0.00178125
,,,5.95200008e-008,-0.001710938
,,,5.95600008e-008,-0.001679688
,,,5.96000008e-008,-0.001664063
,,,5.96400008e-008,-0.001640625
,,,5.96800008e-008,-0.001664063
,,,5.97200008e-008,-0.001664063
,,,5.97600008e-008,-0.001679688
,,,5.98000008e-008,-0.001695313
,,,5.98400008e-008,-0.001679688
,,,5.98800008e-008,-0.001726563
,,,5.99200008e-008,-0.001734375
,,,5.99600008e-008,-0.001773438
,,,6.00000008e-008,-0.001773438
,,,6.00400008e-008, -0.00178125
,,,6.00800008e-008,-0.001796875
,,,6.01200008e-008,-0.001765625
,,,6.01600008e-008,-0.001796875
,,,6.02000008e-008,-0.001820313
,,,6.02400008e-008,   -0.001875
,,,6.02800008e-008,-0.001898438
,,,6.03200008e-008,-0.001976563
,,,6.03600008e-008,-0.001992188
,,,6.04000008e-008,-0.001976563
,,,6.04400008e-008,-0.001953125
,,,6.04800008e-008,-0.001890625
,,,6.05200008e-008,-0.001796875
,,,6.05600008e-008,-0.001773438
,,,6.06000008e-008,-0.001664063
,,,6.06400008e-008,-0.001671875
,,,6.06800008e-008,-0.001671875
,,,6.07200008e-008,-0.001726563
,,,6.07600008e-008,-0.001734375
,,,6.08000008e-008,-0.001796875
,,,6.08400008e-008, -0.00184375
,,,6.08800008e-008,-0.001820313
,,,6.09200008e-008,-0.001796875
,,,6.09600008e-008,-0.001773438
,,,6.10000008e-008,    -0.00175
,,,6.10400008e-008,-0.001757813
,,,6.10800008e-008,-0.001820313
,,,6.11200008e-008,-0.001851563
,,,6.11600008e-008,   -0.001875
,,,6.12000008e-008, -0.00196875
,,,6.12400008e-008,-0.001984375
,,,6.12800008e-008,-0.002054688
,,,6.13200008e-008,-0.001992188
,,,6.13600008e-008,-0.001992188
,,,6.14000008e-008,  -0.0019375
,,,6.14400008e-008,-0.001851563
,,,6.14800008e-008,-0.001820313
,,,6.15200008e-008,-0.001734375
,,,6.15600008e-008,-0.001726563
,,,6.16000008e-008,-0.001695313
,,,6.16400008e-008,-0.001671875
,,,6.16800008e-008,-0.001648438
,,,6.17200008e-008,-0.001664063
,,,6.17600008e-008,-0.001664063
,,,6.18000008e-008,-0.001695313
,,,6.18400008e-008,-0.001734375
,,,6.18800008e-008,-0.001757813
,,,6.19200008e-008,-0.001765625
,,,6.19600008e-008,  -0.0018125
,,,6.20000008e-008,  -0.0018125
,,,6.20400008e-008,-0.001804688
,,,6.20800008e-008,-0.001796875
,,,6.21200008e-008,-0.001773438
,,,6.21600008e-008,-0.001804688
,,,6.22000008e-008,-0.001773438
,,,6.22400008e-008,-0.001804688
,,,6.22800008e-008,-0.001820313
,,,6.23200008e-008,-0.001796875
,,,6.23600008e-008,-0.001789063
,,,6.24000008e-008, -0.00178125
,,,6.24400008e-008,-0.001804688
,,,6.24800008e-008,-0.001765625
,,,6.25200008e-008,-0.001765625
,,,6.25600008e-008,-0.001789063
,,,6.26000008e-008,-0.001757813
,,,6.26400008e-008,  -0.0018125
,,,6.26800008e-008,-0.001835938
,,,6.27200008e-008,-0.001835938
,,,6.27600008e-008,-0.001835938
,,,6.28000008e-008,-0.001859375
,,,6.28400008e-008,  -0.0018125
,,,6.28800008e-008,-0.001789063
,,,6.29200008e-008,-0.001789063
,,,6.29600008e-008, -0.00178125
,,,6.30000008e-008,-0.001851563
,,,6.30400008e-008,-0.001882813
,,,6.30800008e-008,-0.001984375
,,,6.31200008e-008,-0.002039063
,,,6.31600008e-008,-0.002109375
,,,6.32000008e-008,-0.002132813
,,,6.32400008e-008,-0.002164063
,,,6.32800008e-008,-0.002179688
,,,6.33200008e-008,   -0.002125
,,,6.33600008e-008,   -0.002125
,,,6.34000008e-008,-0.002132813
,,,6.34400008e-008,-0.002054688
,,,6.34800008e-008,      -0.002
,,,6.35200008e-008,-0.001929688
,,,6.35600008e-008,-0.001890625
,,,6.36000008e-008,  -0.0018125
,,,6.36400008e-008,-0.001757813
,,,6.36800009e-008,-0.001679688
,,,6.37200009e-008,-0.001679688
,,,6.37600009e-008,-0.001734375
,,,6.38000009e-008,-0.001695313
,,,6.38400009e-008,-0.001820313
,,,6.38800009e-008,-0.001898438
,,,6.39200009e-008,-0.001945313
,,,6.39600009e-008,-0.002023438
,,,6.40000009e-008,-0.002023438
,,,6.40400009e-008,-0.002007813
,,,6.40800009e-008,-0.001976563
,,,6.41200009e-008,-0.001929688
,,,6.41600009e-008,-0.001882813
,,,6.42000009e-008,-0.001828125
,,,6.42400009e-008,-0.001789063
,,,6.42800009e-008,-0.001773438
,,,6.43200009e-008,-0.001726563
,,,6.43600009e-008,    -0.00175
,,,6.44000009e-008,-0.001726563
,,,6.44400009e-008,-0.001757813
,,,6.44800009e-008,-0.001734375
,,,6.45200009e-008,-0.001703125
,,,6.45600009e-008,-0.001742188
,,,6.46000009e-008, -0.00171875
,,,6.46400009e-008,  -0.0016875
,,,6.46800009e-008,-0.001710938
,,,6.47200009e-008,-0.001734375
,,,6.47600009e-008,-0.001765625
,,,6.48000009e-008,-0.001765625
,,,6.48400009e-008,-0.001789063
,,,6.48800009e-008,-0.001773438
,,,6.49200009e-008,-0.001773438
,,,6.49600009e-008,-0.001773438
,,,6.50000009e-008,-0.001742188
,,,6.50400009e-008, -0.00171875
,,,6.50800009e-008,-0.001664063
,,,6.51200009e-008,-0.001671875
,,,6.51600009e-008, -0.00165625
,,,6.52000009e-008,-0.001710938
,,,6.52400009e-008,-0.001726563
,,,6.52800009e-008,-0.001773438
,,,6.53200009e-008,-0.001773438
,,,6.53600009e-008,-0.001773438
,,,6.54000009e-008,-0.001773438
,,,6.54400009e-008,-0.001726563
,,,6.54800009e-008,-0.001703125
,,,6.55200009e-008,-0.001664063
,,,6.55600009e-008,-0.001617188
,,,6.56000009e-008,-0.001617188
,,,6.56400009e-008,   -0.001625
,,,6.56800009e-008,-0.001648438
,,,6.57200009e-008,-0.001632813
,,,6.57600009e-008, -0.00171875
,,,6.58000009e-008, -0.00171875
,,,6.58400009e-008,-0.001804688
,,,6.58800009e-008,  -0.0018125
,,,6.59200009e-008,-0.001867188
,,,6.59600009e-008,-0.001898438
,,,6.60000009e-008,-0.001929688
,,,6.60400009e-008,-0.001992188
,,,6.60800009e-008,-0.001953125
,,,6.61200009e-008,-0.001929688
,,,6.61600009e-008,-0.001898438
,,,6.62000009e-008,-0.001820313
,,,6.62400009e-008,-0.001796875
,,,6.62800009e-008,    -0.00175
,,,6.63200009e-008,-0.001773438
,,,6.63600009e-008,-0.001804688
,,,6.64000009e-008,-0.001859375
,,,6.64400009e-008,-0.001890625
,,,6.64800009e-008,-0.001960938
,,,6.65200009e-008,-0.001914063
,,,6.65600009e-008,-0.001898438
,,,6.66000009e-008,-0.001851563
,,,6.66400009e-008,-0.001789063
,,,6.66800009e-008,-0.001726563
,,,6.67200009e-008, -0.00171875
,,,6.67600009e-008,-0.001703125
,,,6.68000009e-008,-0.001765625
,,,6.68400009e-008,-0.001820313
,,,6.68800009e-008, -0.00190625
,,,6.69200009e-008,-0.001960938
,,,6.69600009e-008,-0.002039063
,,,6.70000009e-008,-0.002054688
,,,6.70400009e-008, -0.00203125
,,,6.70800009e-008,  -0.0020625
,,,6.71200009e-008,      -0.002
,,,6.71600009e-008,-0.002015625
,,,6.72000009e-008,-0.002054688
,,,6.72400009e-008,-0.002046875
,,,6.72800009e-008,-0.002054688
,,,6.73200009e-008,  -0.0020625
,,,6.73600009e-008,-0.002070313
,,,6.74000009e-008,  -0.0020625
,,,6.74400009e-008,-0.002078125
,,,6.74800009e-008,-0.002078125
,,,6.75200009e-008,-0.002046875
,,,6.75600009e-008,-0.002070313
,,,6.76000009e-008,-0.002070313
,,,6.76400009e-008,  -0.0020625
,,,6.76800009e-008,-0.002085938
,,,6.77200009e-008,-0.002054688
,,,6.77600009e-008, -0.00196875
,,,6.78000009e-008,-0.001953125
,,,6.78400009e-008,   -0.001875
,,,6.78800009e-008,-0.001820313
,,,6.79200009e-008,-0.001796875
,,,6.79600009e-008,  -0.0018125
,,,6.80000009e-008,  -0.0018125
,,,6.80400009e-008,-0.001851563
,,,6.80800009e-008,  -0.0019375
,,,6.81200009e-008,-0.001914063
,,,6.81600009e-008,-0.001945313
,,,6.82000009e-008,-0.001929688
,,,6.82400009e-008,-0.001890625
,,,6.82800009e-008,-0.001859375
,,,6.83200009e-008,-0.001859375
,,,6.83600009e-008,-0.001835938
,,,6.84000009e-008, -0.00184375
,,,6.84400009e-008,-0.001867188
,,,6.84800009e-008,-0.001945313
,,,6.85200009e-008,-0.001960938
,,,6.85600009e-008,-0.002015625
,,,6.86000009e-008,-0.002023438
,,,6.86400009e-008,-0.001992188
,,,6.86800009e-008,      -0.002
,,,6.87200009e-008,-0.002007813
,,,6.87600009e-008,-0.001976563
,,,6.88000009e-008,-0.001976563
,,,6.88400009e-008, -0.00196875
,,,6.88800009e-008,-0.001984375
,,,6.89200009e-008, -0.00196875
,,,6.89600009e-008,-0.001953125
,,,6.90000009e-008,  -0.0019375
,,,6.90400009e-008,-0.001960938
,,,6.90800009e-008,-0.001953125
,,,6.91200009e-008,-0.001976563
,,,6.91600009e-008,-0.001976563
,,,6.92000009e-008,      -0.002
,,,6.92400009e-008,-0.002007813
,,,6.92800009e-008,-0.001992188
,,,6.93200009e-008,-0.001921875
,,,6.93600009e-008,-0.001945313
,,,6.94000009e-008, -0.00190625
,,,6.94400009e-008,-0.001851563
,,,6.94800009e-008, -0.00184375
,,,6.95200009e-008,-0.001804688
,,,6.95600009e-008,-0.001859375
,,,6.96000009e-008,-0.001851563
,,,6.96400009e-008,-0.001898438
,,,6.96800009e-008,-0.001890625
,,,6.97200009e-008,-0.001921875
,,,6.97600009e-008,-0.001929688
,,,6.98000009e-008,-0.001890625
,,,6.98400009e-008,-0.001859375
,,,6.98800009e-008, -0.00184375
,,,6.99200009e-008,-0.001820313
,,,6.99600009e-008, -0.00184375
,,,7.00000009e-008,-0.001859375
