"Record Length",2500,"Points",-2.99600004e-008,-0.0006796875
"Sample Interval",4.00000005e-011,s,-2.99200004e-008,-0.000734375
"Trigger Point",749,"Samples",-2.98800004e-008,-0.0007578125
"Trigger Time",           0,s,-2.98400004e-008,-0.0008203125
"",,,-2.98000004e-008,-0.0008046875
"Horizontal Offset",-3.00000004e-008,s,-2.97600004e-008,-0.0007890625
,,,-2.97200004e-008,-0.000765625
,,,-2.96800004e-008,-0.0007265625
,,,-2.96400004e-008,-0.0007109375
,,,-2.96000004e-008, -0.00071875
,,,-2.95600004e-008,-0.000734375
,,,-2.95200004e-008,-0.0007578125
,,,-2.94800004e-008,  -0.0008125
,,,-2.94400004e-008,  -0.0008125
,,,-2.94000004e-008,-0.000796875
,,,-2.93600004e-008,-0.0007734375
,,,-2.93200004e-008,-0.0007578125
,,,-2.92800004e-008,-0.000734375
,,,-2.92400004e-008,-0.0007734375
,,,-2.92000004e-008,-0.000734375
,,,-2.91600004e-008,-0.0008046875
,,,-2.91200004e-008,-0.000765625
,,,-2.90800004e-008,-0.0006953125
,,,-2.90400004e-008,-0.0006640625
,,,-2.90000004e-008, -0.00065625
,,,-2.89600004e-008,-0.000640625
,,,-2.89200004e-008,-0.0006015625
,,,-2.88800004e-008,  -0.0006875
,,,-2.88400004e-008,-0.0007578125
,,,-2.88000004e-008,  -0.0008125
,,,-2.87600004e-008,-0.0008671875
,,,-2.87200004e-008,-0.0009140625
,,,-2.86800004e-008,-0.0009296875
,,,-2.86400004e-008,-0.0009296875
,,,-2.86000004e-008,-0.0008984375
,,,-2.85600004e-008,-0.0009140625
,,,-2.85200004e-008,-0.0008828125
,,,-2.84800004e-008,-0.000859375
,,,-2.84400004e-008,-0.0008828125
,,,-2.84000004e-008,   -0.000875
,,,-2.83600004e-008,-0.0008828125
,,,-2.83200004e-008,-0.0008828125
,,,-2.82800004e-008,-0.000890625
,,,-2.82400004e-008,-0.0008671875
,,,-2.82000004e-008,-0.000859375
,,,-2.81600004e-008,-0.0008984375
,,,-2.81200004e-008,-0.0008515625
,,,-2.80800004e-008,   -0.000875
,,,-2.80400004e-008,-0.000796875
,,,-2.80000004e-008,  -0.0008125
,,,-2.79600004e-008, -0.00078125
,,,-2.79200004e-008,-0.0007890625
,,,-2.78800004e-008,-0.0008359375
,,,-2.78400004e-008,-0.0008203125
,,,-2.78000004e-008,   -0.000875
,,,-2.77600004e-008, -0.00096875
,,,-2.77200004e-008,-0.001015625
,,,-2.76800004e-008,-0.001007813
,,,-2.76400004e-008, -0.00103125
,,,-2.76000004e-008,-0.001007813
,,,-2.75600004e-008,-0.0009609375
,,,-2.75200004e-008,-0.000890625
,,,-2.74800004e-008,-0.0008515625
,,,-2.74400004e-008,  -0.0008125
,,,-2.74000004e-008,-0.0007890625
,,,-2.73600004e-008,-0.000796875
,,,-2.73200004e-008, -0.00084375
,,,-2.72800004e-008,-0.000859375
,,,-2.72400004e-008,-0.0009453125
,,,-2.72000004e-008,  -0.0009375
,,,-2.71600004e-008,-0.0009453125
,,,-2.71200004e-008,-0.000921875
,,,-2.70800004e-008,-0.0008671875
,,,-2.70400004e-008,-0.000796875
,,,-2.70000004e-008,-0.0007265625
,,,-2.69600004e-008,-0.0006484375
,,,-2.69200004e-008,-0.000640625
,,,-2.68800004e-008,-0.000578125
,,,-2.68400004e-008,-0.0006015625
,,,-2.68000004e-008,-0.000640625
,,,-2.67600004e-008,-0.000703125
,,,-2.67200004e-008,  -0.0008125
,,,-2.66800004e-008, -0.00084375
,,,-2.66400004e-008,-0.0008671875
,,,-2.66000004e-008,-0.0008359375
,,,-2.65600004e-008, -0.00078125
,,,-2.65200004e-008,-0.000703125
,,,-2.64800004e-008,-0.000640625
,,,-2.64400004e-008,-0.000578125
,,,-2.64000004e-008, -0.00053125
,,,-2.63600004e-008,-0.0005234375
,,,-2.63200004e-008,-0.0005703125
,,,-2.62800004e-008,-0.0005859375
,,,-2.62400004e-008,-0.0006640625
,,,-2.62000003e-008,-0.0007109375
,,,-2.61600003e-008,    -0.00075
,,,-2.61200003e-008,-0.0007734375
,,,-2.60800003e-008,-0.0007890625
,,,-2.60400003e-008,-0.0007734375
,,,-2.60000003e-008,    -0.00075
,,,-2.59600003e-008,-0.0006953125
,,,-2.59200003e-008,-0.0006953125
,,,-2.58800003e-008,-0.0006484375
,,,-2.58400003e-008,-0.000671875
,,,-2.58000003e-008,    -0.00075
,,,-2.57600003e-008, -0.00078125
,,,-2.57200003e-008,-0.000828125
,,,-2.56800003e-008,-0.0008515625
,,,-2.56400003e-008,-0.0008828125
,,,-2.56000003e-008,-0.0008828125
,,,-2.55600003e-008,  -0.0009375
,,,-2.55200003e-008, -0.00090625
,,,-2.54800003e-008,-0.0008671875
,,,-2.54400003e-008,-0.0008671875
,,,-2.54000003e-008,-0.0007890625
,,,-2.53600003e-008,-0.0008203125
,,,-2.53200003e-008,-0.0007734375
,,,-2.52800003e-008,-0.0007734375
,,,-2.52400003e-008,-0.0007890625
,,,-2.52000003e-008,-0.0008203125
,,,-2.51600003e-008,-0.0008828125
,,,-2.51200003e-008, -0.00090625
,,,-2.50800003e-008,-0.0009609375
,,,-2.50400003e-008,-0.001015625
,,,-2.50000003e-008,-0.001023438
,,,-2.49600003e-008,-0.001039063
,,,-2.49200003e-008,-0.001023438
,,,-2.48800003e-008,-0.0009765625
,,,-2.48400003e-008,  -0.0009375
,,,-2.48000003e-008,-0.000921875
,,,-2.47600003e-008,-0.0008671875
,,,-2.47200003e-008,-0.0008203125
,,,-2.46800003e-008,-0.000734375
,,,-2.46400003e-008,    -0.00075
,,,-2.46000003e-008,-0.000703125
,,,-2.45600003e-008,-0.0006953125
,,,-2.45200003e-008,-0.000640625
,,,-2.44800003e-008,-0.000640625
,,,-2.44400003e-008,   -0.000625
,,,-2.44000003e-008,-0.0006796875
,,,-2.43600003e-008,-0.0006953125
,,,-2.43200003e-008,-0.0007421875
,,,-2.42800003e-008,-0.000796875
,,,-2.42400003e-008,-0.0008515625
,,,-2.42000003e-008,-0.0008359375
,,,-2.41600003e-008,-0.000890625
,,,-2.41200003e-008,-0.0008359375
,,,-2.40800003e-008,-0.000765625
,,,-2.40400003e-008, -0.00071875
,,,-2.40000003e-008,-0.0006484375
,,,-2.39600003e-008,-0.0006015625
,,,-2.39200003e-008,-0.0005390625
,,,-2.38800003e-008,-0.0005234375
,,,-2.38400003e-008,-0.0005234375
,,,-2.38000003e-008,-0.0005546875
,,,-2.37600003e-008,   -0.000625
,,,-2.37200003e-008, -0.00071875
,,,-2.36800003e-008,-0.0008203125
,,,-2.36400003e-008,-0.0008828125
,,,-2.36000003e-008, -0.00096875
,,,-2.35600003e-008,-0.0009609375
,,,-2.35200003e-008,-0.0009609375
,,,-2.34800003e-008, -0.00084375
,,,-2.34400003e-008,-0.000796875
,,,-2.34000003e-008,-0.0006796875
,,,-2.33600003e-008,-0.0006328125
,,,-2.33200003e-008, -0.00059375
,,,-2.32800003e-008,-0.000578125
,,,-2.32400003e-008,-0.000640625
,,,-2.32000003e-008,-0.0006953125
,,,-2.31600003e-008,-0.0007578125
,,,-2.31200003e-008,-0.0008359375
,,,-2.30800003e-008,   -0.000875
,,,-2.30400003e-008,   -0.000875
,,,-2.30000003e-008, -0.00078125
,,,-2.29600003e-008,    -0.00075
,,,-2.29200003e-008,-0.0006953125
,,,-2.28800003e-008,-0.0006640625
,,,-2.28400003e-008,-0.000640625
,,,-2.28000003e-008,-0.0007265625
,,,-2.27600003e-008,-0.0007421875
,,,-2.27200003e-008,-0.0008203125
,,,-2.26800003e-008,   -0.000875
,,,-2.26400003e-008,-0.0009609375
,,,-2.26000003e-008, -0.00103125
,,,-2.25600003e-008,-0.001039063
,,,-2.25200003e-008,-0.001039063
,,,-2.24800003e-008,-0.001015625
,,,-2.24400003e-008,-0.000921875
,,,-2.24000003e-008, -0.00090625
,,,-2.23600003e-008,-0.0008515625
,,,-2.23200003e-008,-0.0008359375
,,,-2.22800003e-008,-0.0008359375
,,,-2.22400003e-008,-0.0008671875
,,,-2.22000003e-008,   -0.000875
,,,-2.21600003e-008,-0.0008984375
,,,-2.21200003e-008,   -0.000875
,,,-2.20800003e-008,-0.0009453125
,,,-2.20400003e-008,   -0.000875
,,,-2.20000003e-008,-0.0008515625
,,,-2.19600003e-008,-0.0008671875
,,,-2.19200003e-008,-0.0008515625
,,,-2.18800003e-008,-0.0008828125
,,,-2.18400003e-008,   -0.000875
,,,-2.18000003e-008,-0.000953125
,,,-2.17600003e-008,-0.0009609375
,,,-2.17200003e-008,-0.001007813
,,,-2.16800003e-008,-0.0009609375
,,,-2.16400003e-008, -0.00096875
,,,-2.16000003e-008,  -0.0009375
,,,-2.15600003e-008, -0.00090625
,,,-2.15200003e-008,-0.0008046875
,,,-2.14800003e-008,-0.0007734375
,,,-2.14400003e-008,-0.000796875
,,,-2.14000003e-008,-0.0007734375
,,,-2.13600003e-008,-0.0007890625
,,,-2.13200003e-008,-0.0008046875
,,,-2.12800003e-008,-0.0008515625
,,,-2.12400003e-008,   -0.000875
,,,-2.12000003e-008,-0.0008984375
,,,-2.11600003e-008, -0.00090625
,,,-2.11200003e-008,-0.0008984375
,,,-2.10800003e-008,-0.0008359375
,,,-2.10400003e-008,   -0.000875
,,,-2.10000003e-008,-0.0008359375
,,,-2.09600003e-008,-0.0008828125
,,,-2.09200003e-008,-0.0009296875
,,,-2.08800003e-008,  -0.0009375
,,,-2.08400003e-008,      -0.001
,,,-2.08000003e-008,      -0.001
,,,-2.07600003e-008,-0.001015625
,,,-2.07200003e-008,-0.0009140625
,,,-2.06800003e-008,-0.0008671875
,,,-2.06400003e-008,-0.000796875
,,,-2.06000003e-008,-0.000734375
,,,-2.05600003e-008,-0.000765625
,,,-2.05200003e-008,-0.0007421875
,,,-2.04800003e-008,  -0.0008125
,,,-2.04400003e-008,-0.0008984375
,,,-2.04000003e-008,-0.000953125
,,,-2.03600003e-008,-0.001023438
,,,-2.03200003e-008, -0.00103125
,,,-2.02800003e-008,-0.001007813
,,,-2.02400003e-008,-0.000953125
,,,-2.02000003e-008,   -0.000875
,,,-2.01600003e-008, -0.00078125
,,,-2.01200003e-008,-0.0007578125
,,,-2.00800003e-008,-0.000734375
,,,-2.00400003e-008,-0.000765625
,,,-2.00000003e-008,-0.0007890625
,,,-1.99600003e-008,-0.000796875
,,,-1.99200003e-008,-0.0008203125
,,,-1.98800003e-008,-0.000765625
,,,-1.98400003e-008,-0.0008046875
,,,-1.98000003e-008,    -0.00075
,,,-1.97600003e-008, -0.00065625
,,,-1.97200003e-008,-0.000640625
,,,-1.96800003e-008,-0.000671875
,,,-1.96400003e-008,-0.0006640625
,,,-1.96000003e-008,-0.000703125
,,,-1.95600003e-008,    -0.00075
,,,-1.95200003e-008, -0.00078125
,,,-1.94800003e-008,-0.0007421875
,,,-1.94400003e-008, -0.00078125
,,,-1.94000003e-008,-0.000734375
,,,-1.93600003e-008, -0.00071875
,,,-1.93200003e-008,-0.0006796875
,,,-1.92800003e-008, -0.00065625
,,,-1.92400003e-008,-0.0005859375
,,,-1.92000003e-008,  -0.0005625
,,,-1.91600003e-008,-0.0005234375
,,,-1.91200003e-008,  -0.0005625
,,,-1.90800003e-008,-0.0005234375
,,,-1.90400003e-008,   -0.000625
,,,-1.90000003e-008,-0.0006953125
,,,-1.89600003e-008,-0.0008203125
,,,-1.89200003e-008,-0.000828125
,,,-1.88800003e-008,-0.0009296875
,,,-1.88400003e-008,-0.0009609375
,,,-1.88000003e-008,-0.0009765625
,,,-1.87600003e-008,-0.0009765625
,,,-1.87200002e-008, -0.00090625
,,,-1.86800002e-008,-0.000859375
,,,-1.86400002e-008,-0.0008359375
,,,-1.86000002e-008,-0.0008046875
,,,-1.85600002e-008,  -0.0008125
,,,-1.85200002e-008, -0.00078125
,,,-1.84800002e-008,-0.000796875
,,,-1.84400002e-008,-0.000828125
,,,-1.84000002e-008,-0.000859375
,,,-1.83600002e-008,-0.0008828125
,,,-1.83200002e-008,-0.0008671875
,,,-1.82800002e-008, -0.00084375
,,,-1.82400002e-008,-0.0008671875
,,,-1.82000002e-008, -0.00084375
,,,-1.81600002e-008,-0.0008359375
,,,-1.81200002e-008,-0.0007890625
,,,-1.80800002e-008,-0.000796875
,,,-1.80400002e-008, -0.00078125
,,,-1.80000002e-008,-0.0007421875
,,,-1.79600002e-008,-0.000734375
,,,-1.79200002e-008,-0.0007265625
,,,-1.78800002e-008,-0.000703125
,,,-1.78400002e-008,-0.0006796875
,,,-1.78000002e-008,-0.000703125
,,,-1.77600002e-008,-0.0006796875
,,,-1.77200002e-008,-0.0006484375
,,,-1.76800002e-008,-0.000671875
,,,-1.76400002e-008,  -0.0006875
,,,-1.76000002e-008,-0.000734375
,,,-1.75600002e-008,-0.0007578125
,,,-1.75200002e-008,    -0.00075
,,,-1.74800002e-008,-0.0007265625
,,,-1.74400002e-008,-0.0007578125
,,,-1.74000002e-008, -0.00071875
,,,-1.73600002e-008, -0.00071875
,,,-1.73200002e-008,-0.000671875
,,,-1.72800002e-008,-0.0006484375
,,,-1.72400002e-008,-0.0006953125
,,,-1.72000002e-008, -0.00071875
,,,-1.71600002e-008,-0.0007421875
,,,-1.71200002e-008,-0.0007265625
,,,-1.70800002e-008,-0.0006796875
,,,-1.70400002e-008,-0.000640625
,,,-1.70000002e-008,-0.0006015625
,,,-1.69600002e-008,-0.0005859375
,,,-1.69200002e-008,-0.0005546875
,,,-1.68800002e-008,-0.0006015625
,,,-1.68400002e-008,-0.0006796875
,,,-1.68000002e-008,-0.0007890625
,,,-1.67600002e-008,-0.0008828125
,,,-1.67200002e-008,-0.0009609375
,,,-1.66800002e-008,-0.001054688
,,,-1.66400002e-008,-0.001070313
,,,-1.66000002e-008,-0.001109375
,,,-1.65600002e-008, -0.00109375
,,,-1.65200002e-008,-0.001054688
,,,-1.64800002e-008,-0.001023438
,,,-1.64400002e-008,-0.001007813
,,,-1.64000002e-008, -0.00096875
,,,-1.63600002e-008, -0.00096875
,,,-1.63200002e-008,-0.0009296875
,,,-1.62800002e-008,-0.0009140625
,,,-1.62400002e-008,-0.000890625
,,,-1.62000002e-008,-0.0008828125
,,,-1.61600002e-008,-0.000828125
,,,-1.61200002e-008,-0.0008046875
,,,-1.60800002e-008,-0.0008046875
,,,-1.60400002e-008,  -0.0008125
,,,-1.60000002e-008,-0.000828125
,,,-1.59600002e-008,-0.000859375
,,,-1.59200002e-008,-0.000859375
,,,-1.58800002e-008, -0.00090625
,,,-1.58400002e-008,-0.0008984375
,,,-1.58000002e-008, -0.00084375
,,,-1.57600002e-008,-0.0008046875
,,,-1.57200002e-008,-0.0007265625
,,,-1.56800002e-008,-0.0006171875
,,,-1.56400002e-008,-0.0005703125
,,,-1.56000002e-008,  -0.0005625
,,,-1.55600002e-008,  -0.0005625
,,,-1.55200002e-008,-0.0006171875
,,,-1.54800002e-008, -0.00065625
,,,-1.54400002e-008, -0.00078125
,,,-1.54000002e-008,-0.0008359375
,,,-1.53600002e-008,-0.0009140625
,,,-1.53200002e-008,   -0.000875
,,,-1.52800002e-008,-0.0008828125
,,,-1.52400002e-008,-0.000859375
,,,-1.52000002e-008,-0.000796875
,,,-1.51600002e-008,-0.000796875
,,,-1.51200002e-008,-0.0008359375
,,,-1.50800002e-008,-0.0008203125
,,,-1.50400002e-008,-0.0008359375
,,,-1.50000002e-008, -0.00084375
,,,-1.49600002e-008,   -0.000875
,,,-1.49200002e-008,-0.000859375
,,,-1.48800002e-008,-0.000828125
,,,-1.48400002e-008,-0.0008046875
,,,-1.48000002e-008,-0.000796875
,,,-1.47600002e-008,-0.0008046875
,,,-1.47200002e-008,-0.0007890625
,,,-1.46800002e-008,-0.0008359375
,,,-1.46400002e-008,   -0.000875
,,,-1.46000002e-008,-0.000921875
,,,-1.45600002e-008,-0.0009453125
,,,-1.45200002e-008,-0.0009765625
,,,-1.44800002e-008,-0.0009453125
,,,-1.44400002e-008,-0.000921875
,,,-1.44000002e-008,-0.0008671875
,,,-1.43600002e-008,-0.0008046875
,,,-1.43200002e-008,-0.000765625
,,,-1.42800002e-008,  -0.0006875
,,,-1.42400002e-008,-0.0007109375
,,,-1.42000002e-008,-0.0007421875
,,,-1.41600002e-008,-0.0007890625
,,,-1.41200002e-008,-0.0008359375
,,,-1.40800002e-008,-0.000859375
,,,-1.40400002e-008,   -0.000875
,,,-1.40000002e-008,-0.000890625
,,,-1.39600002e-008,-0.0008671875
,,,-1.39200002e-008,-0.000796875
,,,-1.38800002e-008,-0.0007421875
,,,-1.38400002e-008,-0.0006796875
,,,-1.38000002e-008,-0.0006640625
,,,-1.37600002e-008,-0.000703125
,,,-1.37200002e-008,-0.000671875
,,,-1.36800002e-008,-0.0007265625
,,,-1.36400002e-008,-0.0007578125
,,,-1.36000002e-008,-0.000796875
,,,-1.35600002e-008,-0.0008359375
,,,-1.35200002e-008,-0.0008359375
,,,-1.34800002e-008,   -0.000875
,,,-1.34400002e-008,-0.0008828125
,,,-1.34000002e-008, -0.00090625
,,,-1.33600002e-008,-0.0009296875
,,,-1.33200002e-008,-0.0008984375
,,,-1.32800002e-008,-0.000859375
,,,-1.32400002e-008,-0.0008828125
,,,-1.32000002e-008,   -0.000875
,,,-1.31600002e-008,-0.0008515625
,,,-1.31200002e-008,-0.0008359375
,,,-1.30800002e-008,-0.0008828125
,,,-1.30400002e-008,-0.0008671875
,,,-1.30000002e-008,-0.0008984375
,,,-1.29600002e-008, -0.00090625
,,,-1.29200002e-008,-0.0008671875
,,,-1.28800002e-008,-0.0008515625
,,,-1.28400002e-008,-0.0007890625
,,,-1.28000002e-008,-0.000765625
,,,-1.27600002e-008,-0.0007109375
,,,-1.27200002e-008,-0.000734375
,,,-1.26800002e-008, -0.00071875
,,,-1.26400002e-008,-0.000765625
,,,-1.26000002e-008,-0.0008203125
,,,-1.25600002e-008,  -0.0009375
,,,-1.25200002e-008,-0.0009453125
,,,-1.24800002e-008,-0.0009765625
,,,-1.24400002e-008, -0.00096875
,,,-1.24000002e-008, -0.00090625
,,,-1.23600002e-008,-0.000859375
,,,-1.23200002e-008,-0.0007578125
,,,-1.22800002e-008,  -0.0006875
,,,-1.22400002e-008,-0.0006796875
,,,-1.22000002e-008,-0.0006171875
,,,-1.21600002e-008,  -0.0006875
,,,-1.21200002e-008,-0.000703125
,,,-1.20800002e-008,-0.0007265625
,,,-1.20400002e-008, -0.00078125
,,,-1.20000002e-008,-0.0007890625
,,,-1.19600002e-008,-0.0008359375
,,,-1.19200002e-008,-0.000859375
,,,-1.18800002e-008, -0.00084375
,,,-1.18400002e-008, -0.00090625
,,,-1.18000002e-008,-0.0008359375
,,,-1.17600002e-008,-0.0008671875
,,,-1.17200002e-008,-0.0008359375
,,,-1.16800002e-008, -0.00084375
,,,-1.16400002e-008, -0.00084375
,,,-1.16000002e-008,-0.000796875
,,,-1.15600002e-008, -0.00084375
,,,-1.15200002e-008,-0.0008203125
,,,-1.14800002e-008,-0.0008671875
,,,-1.14400002e-008,-0.0008828125
,,,-1.14000002e-008,   -0.000875
,,,-1.13600002e-008, -0.00090625
,,,-1.13200002e-008,-0.000890625
,,,-1.12800002e-008,-0.0009453125
,,,-1.12400002e-008,-0.0009609375
,,,-1.12000001e-008,-0.0009609375
,,,-1.11600001e-008,-0.0009609375
,,,-1.11200001e-008,-0.0009609375
,,,-1.10800001e-008,-0.0009296875
,,,-1.10400001e-008,-0.0009453125
,,,-1.10000001e-008, -0.00090625
,,,-1.09600001e-008,-0.0008828125
,,,-1.09200001e-008, -0.00084375
,,,-1.08800001e-008,-0.0008203125
,,,-1.08400001e-008,-0.0008359375
,,,-1.08000001e-008,-0.0008515625
,,,-1.07600001e-008,-0.0008671875
,,,-1.07200001e-008,-0.000921875
,,,-1.06800001e-008,-0.0008984375
,,,-1.06400001e-008,  -0.0009375
,,,-1.06000001e-008,-0.0009296875
,,,-1.05600001e-008,-0.0009140625
,,,-1.05200001e-008,-0.0008984375
,,,-1.04800001e-008,-0.000828125
,,,-1.04400001e-008, -0.00084375
,,,-1.04000001e-008,-0.000859375
,,,-1.03600001e-008,-0.000890625
,,,-1.03200001e-008,-0.000859375
,,,-1.02800001e-008,-0.000859375
,,,-1.02400001e-008,-0.0008671875
,,,-1.02000001e-008,-0.000859375
,,,-1.01600001e-008,-0.000828125
,,,-1.01200001e-008,-0.000796875
,,,-1.00800001e-008,-0.0007265625
,,,-1.00400001e-008,  -0.0006875
,,,-1.00000001e-008,   -0.000625
,,,-9.96000013e-009,-0.0005859375
,,,-9.92000013e-009,-0.0005859375
,,,-9.88000013e-009,-0.0006015625
,,,-9.84000013e-009,-0.0006796875
,,,-9.80000013e-009,-0.000734375
,,,-9.76000013e-009,-0.0008359375
,,,-9.72000013e-009, -0.00090625
,,,-9.68000013e-009,-0.0009296875
,,,-9.64000013e-009,  -0.0009375
,,,-9.60000013e-009,-0.0008828125
,,,-9.56000013e-009,-0.0008203125
,,,-9.52000013e-009,-0.0008203125
,,,-9.48000013e-009,-0.000765625
,,,-9.44000013e-009,-0.0007890625
,,,-9.40000013e-009,-0.0008046875
,,,-9.36000012e-009,-0.0008359375
,,,-9.32000012e-009,-0.0008671875
,,,-9.28000012e-009,-0.0008984375
,,,-9.24000012e-009, -0.00090625
,,,-9.20000012e-009,-0.0008984375
,,,-9.16000012e-009, -0.00090625
,,,-9.12000012e-009,-0.0008671875
,,,-9.08000012e-009, -0.00084375
,,,-9.04000012e-009,-0.000890625
,,,-9.00000012e-009, -0.00090625
,,,-8.96000012e-009,-0.000953125
,,,-8.92000012e-009,-0.000984375
,,,-8.88000012e-009,-0.001039063
,,,-8.84000012e-009,-0.001054688
,,,-8.80000012e-009,-0.001054688
,,,-8.76000012e-009,-0.001015625
,,,-8.72000012e-009,-0.0009921875
,,,-8.68000012e-009,      -0.001
,,,-8.64000012e-009,      -0.001
,,,-8.60000011e-009,-0.001007813
,,,-8.56000011e-009,-0.001015625
,,,-8.52000011e-009,-0.001023438
,,,-8.48000011e-009, -0.00103125
,,,-8.44000011e-009,-0.001007813
,,,-8.40000011e-009,-0.000984375
,,,-8.36000011e-009,-0.0009140625
,,,-8.32000011e-009,-0.0008671875
,,,-8.28000011e-009,-0.000828125
,,,-8.24000011e-009,-0.0008359375
,,,-8.20000011e-009,-0.0008359375
,,,-8.16000011e-009,-0.000890625
,,,-8.12000011e-009, -0.00096875
,,,-8.08000011e-009,-0.000984375
,,,-8.04000011e-009,      -0.001
,,,-8.00000011e-009, -0.00103125
,,,-7.96000011e-009,-0.001015625
,,,-7.92000011e-009,-0.001015625
,,,-7.88000011e-009, -0.00103125
,,,-7.8400001e-009, -0.00096875
,,,-7.8000001e-009,-0.000984375
,,,-7.7600001e-009,-0.0009609375
,,,-7.7200001e-009,-0.0009609375
,,,-7.6800001e-009, -0.00090625
,,,-7.6400001e-009,-0.000921875
,,,-7.6000001e-009,-0.000890625
,,,-7.5600001e-009,-0.0008515625
,,,-7.5200001e-009,-0.0008046875
,,,-7.4800001e-009, -0.00078125
,,,-7.4400001e-009,-0.0007890625
,,,-7.4000001e-009,-0.0007578125
,,,-7.3600001e-009,-0.0008046875
,,,-7.3200001e-009,-0.000796875
,,,-7.2800001e-009,-0.0008359375
,,,-7.2400001e-009,-0.0008671875
,,,-7.2000001e-009,-0.0008046875
,,,-7.1600001e-009,-0.000828125
,,,-7.1200001e-009,    -0.00075
,,,-7.08000009e-009,-0.0007734375
,,,-7.04000009e-009,-0.0007109375
,,,-7.00000009e-009,-0.0006640625
,,,-6.96000009e-009,-0.0006328125
,,,-6.92000009e-009,-0.000640625
,,,-6.88000009e-009,   -0.000625
,,,-6.84000009e-009,-0.000609375
,,,-6.80000009e-009,-0.0006015625
,,,-6.76000009e-009,-0.000609375
,,,-6.72000009e-009,-0.000609375
,,,-6.68000009e-009,-0.000609375
,,,-6.64000009e-009,-0.0006328125
,,,-6.60000009e-009,-0.0006796875
,,,-6.56000009e-009,-0.000671875
,,,-6.52000009e-009, -0.00071875
,,,-6.48000009e-009,-0.000734375
,,,-6.44000009e-009, -0.00078125
,,,-6.40000009e-009,-0.000796875
,,,-6.36000008e-009,  -0.0008125
,,,-6.32000008e-009,-0.0007890625
,,,-6.28000008e-009,-0.0007578125
,,,-6.24000008e-009,    -0.00075
,,,-6.20000008e-009,-0.0007109375
,,,-6.16000008e-009,-0.000703125
,,,-6.12000008e-009,-0.0006640625
,,,-6.08000008e-009,-0.000671875
,,,-6.04000008e-009,-0.0006796875
,,,-6.00000008e-009,-0.000703125
,,,-5.96000008e-009,    -0.00075
,,,-5.92000008e-009, -0.00071875
,,,-5.88000008e-009,-0.000703125
,,,-5.84000008e-009,-0.000703125
,,,-5.80000008e-009,-0.000703125
,,,-5.76000008e-009,-0.0007265625
,,,-5.72000008e-009,    -0.00075
,,,-5.68000008e-009, -0.00078125
,,,-5.64000008e-009, -0.00084375
,,,-5.60000007e-009,-0.000796875
,,,-5.56000007e-009,-0.000796875
,,,-5.52000007e-009,-0.0007890625
,,,-5.48000007e-009,    -0.00075
,,,-5.44000007e-009,-0.000703125
,,,-5.40000007e-009,-0.0006953125
,,,-5.36000007e-009,-0.0006796875
,,,-5.32000007e-009,-0.0006484375
,,,-5.28000007e-009,-0.0006953125
,,,-5.24000007e-009, -0.00065625
,,,-5.20000007e-009,-0.0006484375
,,,-5.16000007e-009,-0.0006640625
,,,-5.12000007e-009,-0.000640625
,,,-5.08000007e-009,-0.0006015625
,,,-5.04000007e-009,   -0.000625
,,,-5.00000007e-009,-0.0006640625
,,,-4.96000007e-009,-0.0007109375
,,,-4.92000007e-009, -0.00071875
,,,-4.88000007e-009,-0.000765625
,,,-4.84000006e-009,-0.0008515625
,,,-4.80000006e-009,-0.0008515625
,,,-4.76000006e-009,   -0.000875
,,,-4.72000006e-009,-0.000890625
,,,-4.68000006e-009,-0.0008984375
,,,-4.64000006e-009,-0.0009296875
,,,-4.60000006e-009,  -0.0009375
,,,-4.56000006e-009,-0.0009453125
,,,-4.52000006e-009,  -0.0009375
,,,-4.48000006e-009,-0.0009140625
,,,-4.44000006e-009,-0.0009140625
,,,-4.40000006e-009,-0.0008515625
,,,-4.36000006e-009,-0.0008046875
,,,-4.32000006e-009,-0.0007421875
,,,-4.28000006e-009,-0.000734375
,,,-4.24000006e-009,-0.0007265625
,,,-4.20000006e-009,-0.0007265625
,,,-4.16000006e-009,-0.0007890625
,,,-4.12000006e-009,-0.0007734375
,,,-4.08000005e-009, -0.00078125
,,,-4.04000005e-009,  -0.0008125
,,,-4.00000005e-009,-0.0007734375
,,,-3.96000005e-009,-0.0007265625
,,,-3.92000005e-009,-0.000734375
,,,-3.88000005e-009,-0.0007421875
,,,-3.84000005e-009,-0.0007421875
,,,-3.80000005e-009,-0.0007578125
,,,-3.76000005e-009,-0.0008203125
,,,-3.72000005e-009,-0.000890625
,,,-3.68000005e-009,-0.000890625
,,,-3.64000005e-009,-0.0008828125
,,,-3.60000005e-009,-0.0008515625
,,,-3.56000005e-009,-0.000859375
,,,-3.52000005e-009,-0.000796875
,,,-3.48000005e-009,-0.000765625
,,,-3.44000005e-009,-0.0007578125
,,,-3.40000005e-009,-0.000796875
,,,-3.36000004e-009,-0.0008359375
,,,-3.32000004e-009,  -0.0008125
,,,-3.28000004e-009,   -0.000875
,,,-3.24000004e-009,-0.000859375
,,,-3.20000004e-009,-0.0008828125
,,,-3.16000004e-009,-0.0008515625
,,,-3.12000004e-009,-0.000796875
,,,-3.08000004e-009,    -0.00075
,,,-3.04000004e-009,-0.0006953125
,,,-3.00000004e-009,-0.0006484375
,,,-2.96000004e-009,-0.000640625
,,,-2.92000004e-009,-0.0006953125
,,,-2.88000004e-009,-0.0007265625
,,,-2.84000004e-009,-0.0008515625
,,,-2.80000004e-009,  -0.0009375
,,,-2.76000004e-009, -0.00096875
,,,-2.72000004e-009,-0.000984375
,,,-2.68000004e-009,-0.001023438
,,,-2.64000004e-009,-0.000984375
,,,-2.60000003e-009,-0.0009921875
,,,-2.56000003e-009,-0.000953125
,,,-2.52000003e-009,-0.0008984375
,,,-2.48000003e-009, -0.00090625
,,,-2.44000003e-009, -0.00090625
,,,-2.40000003e-009,-0.000953125
,,,-2.36000003e-009,-0.0009453125
,,,-2.32000003e-009,-0.000953125
,,,-2.28000003e-009,-0.0009453125
,,,-2.24000003e-009,-0.0009140625
,,,-2.20000003e-009,-0.0008046875
,,,-2.16000003e-009,-0.0007578125
,,,-2.12000003e-009, -0.00071875
,,,-2.08000003e-009, -0.00071875
,,,-2.04000003e-009,-0.0007734375
,,,-2.00000003e-009,-0.0007734375
,,,-1.96000003e-009,-0.0008515625
,,,-1.92000003e-009,-0.0008671875
,,,-1.88000003e-009,-0.0008828125
,,,-1.84000002e-009, -0.00090625
,,,-1.80000002e-009,-0.000890625
,,,-1.76000002e-009,-0.0009140625
,,,-1.72000002e-009, -0.00090625
,,,-1.68000002e-009,   -0.000875
,,,-1.64000002e-009,-0.000921875
,,,-1.60000002e-009,   -0.000875
,,,-1.56000002e-009,-0.0008671875
,,,-1.52000002e-009,-0.0008515625
,,,-1.48000002e-009,-0.000859375
,,,-1.44000002e-009,-0.0008203125
,,,-1.40000002e-009,-0.000796875
,,,-1.36000002e-009, -0.00078125
,,,-1.32000002e-009, -0.00078125
,,,-1.28000002e-009,-0.0007421875
,,,-1.24000002e-009, -0.00071875
,,,-1.20000002e-009,-0.0007109375
,,,-1.16000002e-009,-0.000703125
,,,-1.12000001e-009,-0.0006796875
,,,-1.08000001e-009,-0.0006953125
,,,-1.04000001e-009, -0.00071875
,,,-1.00000001e-009,-0.000796875
,,,-9.60000013e-010,  -0.0008125
,,,-9.20000012e-010,-0.0009140625
,,,-8.80000012e-010,-0.000953125
,,,-8.40000011e-010, -0.00103125
,,,-8.00000011e-010,      -0.001
,,,-7.6000001e-010,-0.001023438
,,,-7.2000001e-010,-0.0009453125
,,,-6.80000009e-010,-0.000796875
,,,-6.40000009e-010,-0.0008046875
,,,-6.00000008e-010, -0.00071875
,,,-5.60000007e-010,-0.000765625
,,,-5.20000007e-010,-0.0008203125
,,,-4.80000006e-010,-0.000953125
,,,-4.40000006e-010,-0.001070313
,,,-4.00000005e-010,-0.001265625
,,,-3.60000005e-010,-0.001476563
,,,-3.20000004e-010,-0.001648438
,,,-2.80000004e-010,-0.001796875
,,,-2.40000003e-010,      -0.002
,,,-2.00000003e-010, -0.00215625
,,,-1.60000002e-010,-0.002359375
,,,-1.20000002e-010,-0.002476563
,,,-8.00000011e-011,-0.002570313
,,,-4.00000005e-011,   -0.002625
,,,           0,-0.002570313
,,,4.00000005e-011,     -0.0025
,,,8.00000011e-011,-0.002390625
,,,1.20000002e-010,    -0.00225
,,,1.60000002e-010,-0.002023438
,,,2.00000003e-010,-0.001773438
,,,2.40000003e-010,-0.001445313
,,,2.80000004e-010,-0.001140625
,,,3.20000004e-010,-0.000828125
,,,3.60000005e-010,     -0.0005
,,,4.00000005e-010,-0.0001953125
,,,4.40000006e-010, 1.5625e-005
,,,4.80000006e-010,0.0001171875
,,,5.20000007e-010,0.0001015625
,,,5.60000007e-010,-8.59375e-005
,,,6.00000008e-010,-0.0003515625
,,,6.40000009e-010,  -0.0006875
,,,6.80000009e-010,-0.001015625
,,,7.2000001e-010,-0.001335938
,,,7.6000001e-010,-0.001585938
,,,8.00000011e-010,-0.001664063
,,,8.40000011e-010,-0.001578125
,,,8.80000012e-010,-0.001234375
,,,9.20000012e-010,-0.0004921875
,,,9.60000013e-010,0.0005859375
,,,1.00000001e-009, 0.002140625
,,,1.04000001e-009, 0.004179688
,,,1.08000001e-009, 0.006734375
,,,1.12000001e-009, 0.009773438
,,,1.16000002e-009,  0.01314063
,,,1.20000002e-009,  0.01679688
,,,1.24000002e-009,  0.02044531
,,,1.28000002e-009,  0.02400781
,,,1.32000002e-009,  0.02719531
,,,1.36000002e-009,  0.02967969
,,,1.40000002e-009,  0.03119531
,,,1.44000002e-009,  0.03151563
,,,1.48000002e-009,    0.030375
,,,1.52000002e-009,    0.027625
,,,1.56000002e-009,  0.02315625
,,,1.60000002e-009,  0.01684375
,,,1.64000002e-009,  0.00878125
,,,1.68000002e-009,-0.0008359375
,,,1.72000002e-009, -0.01190625
,,,1.76000002e-009, -0.02396094
,,,1.80000002e-009, -0.03663281
,,,1.84000002e-009, -0.04935938
,,,1.88000003e-009, -0.06158594
,,,1.92000003e-009, -0.07278125
,,,1.96000003e-009, -0.08233594
,,,2.00000003e-009, -0.08965625
,,,2.04000003e-009, -0.09425782
,,,2.08000003e-009, -0.09576563
,,,2.12000003e-009, -0.09396875
,,,2.16000003e-009, -0.08870313
,,,2.20000003e-009, -0.07997657
,,,2.24000003e-009, -0.06805469
,,,2.28000003e-009, -0.05332813
,,,2.32000003e-009, -0.03644531
,,,2.36000003e-009, -0.01788281
,,,2.40000003e-009, 0.001539063
,,,2.44000003e-009,  0.02100781
,,,2.48000003e-009,  0.03960938
,,,2.52000003e-009,  0.05675782
,,,2.56000003e-009,  0.07164844
,,,2.60000003e-009,  0.08360157
,,,2.64000004e-009,   0.0923125
,,,2.68000004e-009,  0.09745313
,,,2.72000004e-009,  0.09904688
,,,2.76000004e-009,  0.09710157
,,,2.80000004e-009,  0.09197657
,,,2.84000004e-009,  0.08409375
,,,2.88000004e-009,  0.07417969
,,,2.92000004e-009,  0.06290625
,,,2.96000004e-009,  0.05092969
,,,3.00000004e-009,  0.03897656
,,,3.04000004e-009,     0.02775
,,,3.08000004e-009,  0.01772656
,,,3.12000004e-009, 0.009460938
,,,3.16000004e-009,  0.00309375
,,,3.20000004e-009,-0.001195313
,,,3.24000004e-009,-0.003429688
,,,3.28000004e-009,-0.003976563
,,,3.32000004e-009,-0.002953125
,,,3.36000004e-009,-0.000984375
,,,3.40000005e-009, 0.001523438
,,,3.44000005e-009, 0.003984375
,,,3.48000005e-009, 0.005945313
,,,3.52000005e-009, 0.006835938
,,,3.56000005e-009, 0.006453125
,,,3.60000005e-009, 0.004523438
,,,3.64000005e-009, 0.001039063
,,,3.68000005e-009,-0.003945313
,,,3.72000005e-009, -0.01027344
,,,3.76000005e-009,     -0.0175
,,,3.80000005e-009, -0.02528906
,,,3.84000005e-009, -0.03311719
,,,3.88000005e-009, -0.04046875
,,,3.92000005e-009, -0.04702344
,,,3.96000005e-009, -0.05232031
,,,4.00000005e-009, -0.05603125
,,,4.04000005e-009, -0.05807032
,,,4.08000005e-009, -0.05823438
,,,4.12000006e-009, -0.05666407
,,,4.16000006e-009,  -0.0535625
,,,4.20000006e-009, -0.04916406
,,,4.24000006e-009, -0.04380469
,,,4.28000006e-009, -0.03798438
,,,4.32000006e-009, -0.03214063
,,,4.36000006e-009, -0.02671875
,,,4.40000006e-009, -0.02202344
,,,4.44000006e-009, -0.01827344
,,,4.48000006e-009, -0.01567188
,,,4.52000006e-009, -0.01425781
,,,4.56000006e-009,    -0.01375
,,,4.60000006e-009, -0.01414063
,,,4.64000006e-009, -0.01496094
,,,4.68000006e-009, -0.01603125
,,,4.72000006e-009, -0.01697656
,,,4.76000006e-009, -0.01751563
,,,4.80000006e-009,   -0.017375
,,,4.84000006e-009, -0.01638281
,,,4.88000007e-009, -0.01447656
,,,4.92000007e-009, -0.01148438
,,,4.96000007e-009,-0.007578125
,,,5.00000007e-009,-0.002796875
,,,5.04000007e-009, 0.002679688
,,,5.08000007e-009, 0.008429688
,,,5.12000007e-009,  0.01439063
,,,5.16000007e-009,  0.02003906
,,,5.20000007e-009,  0.02511719
,,,5.24000007e-009,  0.02934375
,,,5.28000007e-009,  0.03246875
,,,5.32000007e-009,  0.03446875
,,,5.36000007e-009,  0.03522656
,,,5.40000007e-009,  0.03482031
,,,5.44000007e-009,   0.0335625
,,,5.48000007e-009,  0.03142188
,,,5.52000007e-009,  0.02903125
,,,5.56000007e-009,  0.02635938
,,,5.60000007e-009,   0.0238125
,,,5.64000008e-009,  0.02165625
,,,5.68000008e-009,  0.02007031
,,,5.72000008e-009,  0.01908594
,,,5.76000008e-009,  0.01888281
,,,5.80000008e-009,  0.01927344
,,,5.84000008e-009,  0.02032031
,,,5.88000008e-009,  0.02180469
,,,5.92000008e-009,  0.02347656
,,,5.96000008e-009,  0.02515625
,,,6.00000008e-009,  0.02660156
,,,6.04000008e-009,  0.02759375
,,,6.08000008e-009,  0.02786719
,,,6.12000008e-009,  0.02742188
,,,6.16000008e-009,  0.02614063
,,,6.20000008e-009,  0.02396875
,,,6.24000008e-009,  0.02111719
,,,6.28000008e-009,  0.01767188
,,,6.32000008e-009,  0.01386719
,,,6.36000008e-009, 0.009851563
,,,6.40000009e-009, 0.005960938
,,,6.44000009e-009, 0.002195313
,,,6.48000009e-009,-0.001109375
,,,6.52000009e-009,-0.003929688
,,,6.56000009e-009,-0.006234375
,,,6.60000009e-009,-0.007890625
,,,6.64000009e-009,      -0.009
,,,6.68000009e-009,-0.009679688
,,,6.72000009e-009,-0.009976563
,,,6.76000009e-009, -0.01008594
,,,6.80000009e-009, -0.01014063
,,,6.84000009e-009, -0.01024219
,,,6.88000009e-009, -0.01059375
,,,6.92000009e-009, -0.01121875
,,,6.96000009e-009, -0.01215625
,,,7.00000009e-009, -0.01345313
,,,7.04000009e-009, -0.01509375
,,,7.08000009e-009, -0.01691406
,,,7.1200001e-009, -0.01885938
,,,7.1600001e-009,  -0.0208125
,,,7.2000001e-009, -0.02258594
,,,7.2400001e-009,  -0.0240625
,,,7.2800001e-009, -0.02511719
,,,7.3200001e-009, -0.02571875
,,,7.3600001e-009, -0.02578906
,,,7.4000001e-009, -0.02538281
,,,7.4400001e-009, -0.02448438
,,,7.4800001e-009, -0.02325781
,,,7.5200001e-009, -0.02177344
,,,7.5600001e-009, -0.02014844
,,,7.6000001e-009, -0.01852344
,,,7.6400001e-009, -0.01705469
,,,7.6800001e-009, -0.01577344
,,,7.7200001e-009, -0.01486719
,,,7.7600001e-009, -0.01429688
,,,7.8000001e-009,   -0.014125
,,,7.8400001e-009,    -0.01425
,,,7.88000011e-009, -0.01461719
,,,7.92000011e-009, -0.01515625
,,,7.96000011e-009, -0.01560938
,,,8.00000011e-009, -0.01596875
,,,8.04000011e-009, -0.01607813
,,,8.08000011e-009,  -0.0158125
,,,8.12000011e-009,  -0.0151875
,,,8.16000011e-009, -0.01411719
,,,8.20000011e-009, -0.01265625
,,,8.24000011e-009, -0.01082813
,,,8.28000011e-009,-0.008835938
,,,8.32000011e-009,  -0.0066875
,,,8.36000011e-009,-0.004523438
,,,8.40000011e-009,-0.002398438
,,,8.44000011e-009,-0.0004609375
,,,8.48000011e-009,  0.00134375
,,,8.52000011e-009, 0.002851563
,,,8.56000011e-009, 0.004023438
,,,8.60000011e-009, 0.004882813
,,,8.64000012e-009, 0.005453125
,,,8.68000012e-009, 0.005765625
,,,8.72000012e-009, 0.005859375
,,,8.76000012e-009,  0.00584375
,,,8.80000012e-009, 0.005773438
,,,8.84000012e-009, 0.005828125
,,,8.88000012e-009, 0.005960938
,,,8.92000012e-009, 0.006421875
,,,8.96000012e-009, 0.007039063
,,,9.00000012e-009, 0.008015625
,,,9.04000012e-009, 0.009195313
,,,9.08000012e-009,  0.01048438
,,,9.12000012e-009,  0.01194531
,,,9.16000012e-009,  0.01340625
,,,9.20000012e-009,  0.01472656
,,,9.24000012e-009,    0.015875
,,,9.28000012e-009,   0.0168125
,,,9.32000012e-009,  0.01747656
,,,9.36000012e-009,  0.01782813
,,,9.40000013e-009,  0.01782031
,,,9.44000013e-009,  0.01764063
,,,9.48000013e-009,  0.01716406
,,,9.52000013e-009,  0.01645313
,,,9.56000013e-009,  0.01566406
,,,9.60000013e-009,  0.01479688
,,,9.64000013e-009,  0.01398438
,,,9.68000013e-009,  0.01325781
,,,9.72000013e-009,  0.01263281
,,,9.76000013e-009,  0.01220313
,,,9.80000013e-009,  0.01195313
,,,9.84000013e-009,  0.01183594
,,,9.88000013e-009,  0.01189063
,,,9.92000013e-009,  0.01198438
,,,9.96000013e-009,  0.01210156
,,,1.00000001e-008,  0.01207813
,,,1.00400001e-008,  0.01199219
,,,1.00800001e-008,   0.0116875
,,,1.01200001e-008,  0.01117188
,,,1.01600001e-008,  0.01039844
,,,1.02000001e-008, 0.009460938
,,,1.02400001e-008, 0.008265625
,,,1.02800001e-008, 0.006890625
,,,1.03200001e-008,  0.00534375
,,,1.03600001e-008, 0.003742188
,,,1.04000001e-008,  0.00209375
,,,1.04400001e-008,0.0005390625
,,,1.04800001e-008,-0.0008671875
,,,1.05200001e-008,-0.002132813
,,,1.05600001e-008,  -0.0030625
,,,1.06000001e-008,-0.003765625
,,,1.06400001e-008,-0.004203125
,,,1.06800001e-008,  -0.0044375
,,,1.07200001e-008,-0.004523438
,,,1.07600001e-008,-0.004601563
,,,1.08000001e-008,-0.004671875
,,,1.08400001e-008,-0.004914063
,,,1.08800001e-008,    -0.00525
,,,1.09200001e-008, -0.00578125
,,,1.09600001e-008,-0.006515625
,,,1.10000001e-008,-0.007359375
,,,1.10400001e-008,-0.008367188
,,,1.10800001e-008,-0.009429688
,,,1.11200001e-008, -0.01053125
,,,1.11600001e-008, -0.01158594
,,,1.12000001e-008,  -0.0125625
,,,1.12400002e-008, -0.01345313
,,,1.12800002e-008,    -0.01425
,,,1.13200002e-008, -0.01485156
,,,1.13600002e-008,  -0.0153125
,,,1.14000002e-008, -0.01553125
,,,1.14400002e-008, -0.01564063
,,,1.14800002e-008, -0.01549219
,,,1.15200002e-008, -0.01526563
,,,1.15600002e-008, -0.01485938
,,,1.16000002e-008, -0.01439844
,,,1.16400002e-008, -0.01390625
,,,1.16800002e-008, -0.01342969
,,,1.17200002e-008, -0.01299219
,,,1.17600002e-008, -0.01267188
,,,1.18000002e-008, -0.01249219
,,,1.18400002e-008, -0.01242969
,,,1.18800002e-008, -0.01248438
,,,1.19200002e-008, -0.01259375
,,,1.19600002e-008, -0.01267969
,,,1.20000002e-008, -0.01271094
,,,1.20400002e-008, -0.01264844
,,,1.20800002e-008, -0.01235938
,,,1.21200002e-008, -0.01192188
,,,1.21600002e-008, -0.01127344
,,,1.22000002e-008, -0.01047656
,,,1.22400002e-008,-0.009585938
,,,1.22800002e-008,-0.008640625
,,,1.23200002e-008,-0.007648438
,,,1.23600002e-008,-0.006695313
,,,1.24000002e-008,-0.005804688
,,,1.24400002e-008,-0.004992188
,,,1.24800002e-008,-0.004195313
,,,1.25200002e-008,-0.003484375
,,,1.25600002e-008,-0.002851563
,,,1.26000002e-008,-0.002296875
,,,1.26400002e-008,-0.001804688
,,,1.26800002e-008,-0.001359375
,,,1.27200002e-008, -0.00096875
,,,1.27600002e-008,  -0.0005625
,,,1.28000002e-008,-0.0001328125
,,,1.28400002e-008,    0.000375
,,,1.28800002e-008,0.0009140625
,,,1.29200002e-008, 0.001578125
,,,1.29600002e-008,  0.00228125
,,,1.30000002e-008,  0.00309375
,,,1.30400002e-008, 0.003914063
,,,1.30800002e-008,     0.00475
,,,1.31200002e-008, 0.005578125
,,,1.31600002e-008, 0.006351563
,,,1.32000002e-008, 0.007101563
,,,1.32400002e-008, 0.007828125
,,,1.32800002e-008,   0.0084375
,,,1.33200002e-008,  0.00896875
,,,1.33600002e-008, 0.009390625
,,,1.34000002e-008, 0.009710938
,,,1.34400002e-008, 0.009890625
,,,1.34800002e-008, 0.009898438
,,,1.35200002e-008, 0.009820313
,,,1.35600002e-008, 0.009695313
,,,1.36000002e-008, 0.009492188
,,,1.36400002e-008, 0.009257813
,,,1.36800002e-008, 0.009132813
,,,1.37200002e-008, 0.009039063
,,,1.37600002e-008, 0.009039063
,,,1.38000002e-008,  0.00915625
,,,1.38400002e-008, 0.009242188
,,,1.38800002e-008, 0.009421875
,,,1.39200002e-008, 0.009570313
,,,1.39600002e-008, 0.009742188
,,,1.40000002e-008,   0.0098125
,,,1.40400002e-008, 0.009820313
,,,1.40800002e-008, 0.009789063
,,,1.41200002e-008, 0.009601563
,,,1.41600002e-008,  0.00934375
,,,1.42000002e-008, 0.008898438
,,,1.42400002e-008, 0.008414063
,,,1.42800002e-008, 0.007734375
,,,1.43200002e-008, 0.007046875
,,,1.43600002e-008,  0.00628125
,,,1.44000002e-008, 0.005539063
,,,1.44400002e-008, 0.004859375
,,,1.44800002e-008, 0.004210938
,,,1.45200002e-008, 0.003617188
,,,1.45600002e-008,    0.003125
,,,1.46000002e-008,     0.00275
,,,1.46400002e-008, 0.002460938
,,,1.46800002e-008, 0.002242188
,,,1.47200002e-008, 0.001984375
,,,1.47600002e-008, 0.001796875
,,,1.48000002e-008, 0.001578125
,,,1.48400002e-008,  0.00134375
,,,1.48800002e-008, 0.001070313
,,,1.49200002e-008,     0.00075
,,,1.49600002e-008,0.0003515625
,,,1.50000002e-008,   -0.000125
,,,1.50400002e-008,-0.0006015625
,,,1.50800002e-008,-0.001265625
,,,1.51200002e-008, -0.00184375
,,,1.51600002e-008,  -0.0025625
,,,1.52000002e-008,-0.003257813
,,,1.52400002e-008,-0.003921875
,,,1.52800002e-008,-0.004554688
,,,1.53200002e-008,  -0.0050625
,,,1.53600002e-008,-0.005523438
,,,1.54000002e-008,-0.005851563
,,,1.54400002e-008,-0.006101563
,,,1.54800002e-008,-0.006289063
,,,1.55200002e-008,   -0.006375
,,,1.55600002e-008,-0.006476563
,,,1.56000002e-008,-0.006539063
,,,1.56400002e-008, -0.00671875
,,,1.56800002e-008,  -0.0069375
,,,1.57200002e-008,    -0.00725
,,,1.57600002e-008, -0.00759375
,,,1.58000002e-008,-0.008007813
,,,1.58400002e-008,-0.008460938
,,,1.58800002e-008,-0.008921875
,,,1.59200002e-008, -0.00940625
,,,1.59600002e-008,-0.009867188
,,,1.60000002e-008,    -0.01025
,,,1.60400002e-008, -0.01061719
,,,1.60800002e-008, -0.01089844
,,,1.61200002e-008, -0.01113281
,,,1.61600002e-008, -0.01120313
,,,1.62000002e-008, -0.01121094
,,,1.62400002e-008, -0.01103906
,,,1.62800002e-008, -0.01079688
,,,1.63200002e-008, -0.01041406
,,,1.63600002e-008,-0.009921875
,,,1.64000002e-008,-0.009382813
,,,1.64400002e-008,-0.008765625
,,,1.64800002e-008,-0.008195313
,,,1.65200002e-008,-0.007648438
,,,1.65600002e-008,-0.007164063
,,,1.66000002e-008,-0.006726563
,,,1.66400002e-008, -0.00634375
,,,1.66800002e-008,-0.006054688
,,,1.67200002e-008,-0.005765625
,,,1.67600002e-008,-0.005523438
,,,1.68000002e-008,-0.005320313
,,,1.68400002e-008,-0.005132813
,,,1.68800002e-008,-0.004914063
,,,1.69200002e-008,-0.004664063
,,,1.69600002e-008,-0.004414063
,,,1.70000002e-008,-0.004148438
,,,1.70400002e-008,-0.003828125
,,,1.70800002e-008,-0.003445313
,,,1.71200002e-008,-0.003054688
,,,1.71600002e-008,-0.002640625
,,,1.72000002e-008,-0.002226563
,,,1.72400002e-008,-0.001757813
,,,1.72800002e-008,-0.001289063
,,,1.73200002e-008,  -0.0008125
,,,1.73600002e-008,-0.000359375
,,,1.74000002e-008,  9.375e-005
,,,1.74400002e-008,0.0005546875
,,,1.74800002e-008,0.0009609375
,,,1.75200002e-008, 0.001328125
,,,1.75600002e-008, 0.001664063
,,,1.76000002e-008, 0.001945313
,,,1.76400002e-008, 0.002171875
,,,1.76800002e-008, 0.002414063
,,,1.77200002e-008, 0.002632813
,,,1.77600002e-008, 0.002789063
,,,1.78000002e-008,  0.00296875
,,,1.78400002e-008, 0.003195313
,,,1.78800002e-008,  0.00346875
,,,1.79200002e-008,   0.0036875
,,,1.79600002e-008, 0.003984375
,,,1.80000002e-008, 0.004257813
,,,1.80400002e-008, 0.004554688
,,,1.80800002e-008, 0.004882813
,,,1.81200002e-008, 0.005226563
,,,1.81600002e-008, 0.005523438
,,,1.82000002e-008,   0.0058125
,,,1.82400002e-008, 0.006164063
,,,1.82800002e-008, 0.006429688
,,,1.83200002e-008, 0.006632813
,,,1.83600002e-008, 0.006773438
,,,1.84000002e-008, 0.006867188
,,,1.84400002e-008,    0.006875
,,,1.84800002e-008, 0.006890625
,,,1.85200002e-008,   0.0068125
,,,1.85600002e-008, 0.006703125
,,,1.86000002e-008, 0.006640625
,,,1.86400002e-008, 0.006484375
,,,1.86800002e-008,  0.00628125
,,,1.87200002e-008, 0.006101563
,,,1.87600003e-008, 0.005835938
,,,1.88000003e-008,   0.0055625
,,,1.88400003e-008, 0.005289063
,,,1.88800003e-008,   0.0050625
,,,1.89200003e-008, 0.004828125
,,,1.89600003e-008, 0.004609375
,,,1.90000003e-008,   0.0044375
,,,1.90400003e-008,     0.00425
,,,1.90800003e-008,   0.0040625
,,,1.91200003e-008, 0.003882813
,,,1.91600003e-008,    0.003625
,,,1.92000003e-008, 0.003382813
,,,1.92400003e-008,   0.0030625
,,,1.92800003e-008, 0.002726563
,,,1.93200003e-008, 0.002359375
,,,1.93600003e-008,  0.00203125
,,,1.94000003e-008, 0.001632813
,,,1.94400003e-008, 0.001289063
,,,1.94800003e-008,  0.00096875
,,,1.95200003e-008,0.0005703125
,,,1.95600003e-008,     0.00025
,,,1.96000003e-008, -9.375e-005
,,,1.96400003e-008,-0.0003984375
,,,1.96800003e-008,    -0.00075
,,,1.97200003e-008,-0.001054688
,,,1.97600003e-008,  -0.0014375
,,,1.98000003e-008,-0.001757813
,,,1.98400003e-008,-0.002101563
,,,1.98800003e-008,-0.002414063
,,,1.99200003e-008,  -0.0026875
,,,1.99600003e-008,-0.002953125
,,,2.00000003e-008,-0.003164063
,,,2.00400003e-008,-0.003273438
,,,2.00800003e-008,-0.003382813
,,,2.01200003e-008,-0.003492188
,,,2.01600003e-008, -0.00365625
,,,2.02000003e-008,-0.003765625
,,,2.02400003e-008,-0.004007813
,,,2.02800003e-008,-0.004257813
,,,2.03200003e-008,  -0.0045625
,,,2.03600003e-008,-0.004867188
,,,2.04000003e-008,-0.005179688
,,,2.04400003e-008,   -0.005375
,,,2.04800003e-008,-0.005640625
,,,2.05200003e-008, -0.00584375
,,,2.05600003e-008,-0.006023438
,,,2.06000003e-008,    -0.00625
,,,2.06400003e-008,-0.006460938
,,,2.06800003e-008,   -0.006625
,,,2.07200003e-008,-0.006828125
,,,2.07600003e-008, -0.00696875
,,,2.08000003e-008,-0.007132813
,,,2.08400003e-008, -0.00715625
,,,2.08800003e-008,-0.007101563
,,,2.09200003e-008,-0.007015625
,,,2.09600003e-008,-0.006867188
,,,2.10000003e-008,   -0.006625
,,,2.10400003e-008,-0.006398438
,,,2.10800003e-008,-0.006085938
,,,2.11200003e-008,-0.005859375
,,,2.11600003e-008,-0.005632813
,,,2.12000003e-008,-0.005414063
,,,2.12400003e-008, -0.00515625
,,,2.12800003e-008,-0.004898438
,,,2.13200003e-008,-0.004695313
,,,2.13600003e-008,-0.004476563
,,,2.14000003e-008,-0.004257813
,,,2.14400003e-008,-0.003984375
,,,2.14800003e-008, -0.00371875
,,,2.15200003e-008,-0.003539063
,,,2.15600003e-008,-0.003304688
,,,2.16000003e-008,-0.003085938
,,,2.16400003e-008,-0.002929688
,,,2.16800003e-008,  -0.0026875
,,,2.17200003e-008,-0.002539063
,,,2.17600003e-008,-0.002335938
,,,2.18000003e-008, -0.00215625
,,,2.18400003e-008,-0.002015625
,,,2.18800003e-008,-0.001859375
,,,2.19200003e-008,  -0.0016875
,,,2.19600003e-008,-0.001617188
,,,2.20000003e-008,-0.001523438
,,,2.20400003e-008,-0.001484375
,,,2.20800003e-008,  -0.0014375
,,,2.21200003e-008,  -0.0014375
,,,2.21600003e-008,  -0.0013125
,,,2.22000003e-008, -0.00121875
,,,2.22400003e-008,-0.0009921875
,,,2.22800003e-008,-0.000703125
,,,2.23200003e-008,     -0.0005
,,,2.23600003e-008, -0.00015625
,,,2.24000003e-008,0.0001640625
,,,2.24400003e-008, 0.000421875
,,,2.24800003e-008, 0.000671875
,,,2.25200003e-008, 0.000859375
,,,2.25600003e-008, 0.001101563
,,,2.26000003e-008,   0.0013125
,,,2.26400003e-008, 0.001570313
,,,2.26800003e-008, 0.001757813
,,,2.27200003e-008,       0.002
,,,2.27600003e-008, 0.002210938
,,,2.28000003e-008,    0.002375
,,,2.28400003e-008, 0.002492188
,,,2.28800003e-008, 0.002492188
,,,2.29200003e-008, 0.002539063
,,,2.29600003e-008, 0.002484375
,,,2.30000003e-008,   0.0024375
,,,2.30400003e-008, 0.002398438
,,,2.30800003e-008, 0.002351563
,,,2.31200003e-008, 0.002296875
,,,2.31600003e-008, 0.002242188
,,,2.32000003e-008, 0.002265625
,,,2.32400003e-008, 0.002234375
,,,2.32800003e-008, 0.002335938
,,,2.33200003e-008, 0.002398438
,,,2.33600003e-008,  0.00253125
,,,2.34000003e-008, 0.002703125
,,,2.34400003e-008,   0.0029375
,,,2.34800003e-008,   0.0031875
,,,2.35200003e-008, 0.003414063
,,,2.35600003e-008, 0.003632813
,,,2.36000003e-008,  0.00384375
,,,2.36400003e-008,  0.00403125
,,,2.36800003e-008,  0.00421875
,,,2.37200003e-008,  0.00434375
,,,2.37600003e-008, 0.004453125
,,,2.38000003e-008, 0.004515625
,,,2.38400003e-008, 0.004578125
,,,2.38800003e-008, 0.004539063
,,,2.39200003e-008,  0.00440625
,,,2.39600003e-008,   0.0041875
,,,2.40000003e-008,   0.0038125
,,,2.40400003e-008, 0.003359375
,,,2.40800003e-008, 0.002789063
,,,2.41200003e-008, 0.002289063
,,,2.41600003e-008, 0.001671875
,,,2.42000003e-008, 0.001117188
,,,2.42400003e-008, 0.000578125
,,,2.42800003e-008,0.0001015625
,,,2.43200003e-008,-0.000359375
,,,2.43600003e-008,-0.0007421875
,,,2.44000003e-008,-0.001085938
,,,2.44400003e-008,-0.001351563
,,,2.44800003e-008,-0.001640625
,,,2.45200003e-008,-0.001835938
,,,2.45600003e-008,-0.002039063
,,,2.46000003e-008,-0.002164063
,,,2.46400003e-008,-0.002273438
,,,2.46800003e-008,-0.002367188
,,,2.47200003e-008,  -0.0024375
,,,2.47600003e-008,-0.002476563
,,,2.48000003e-008,-0.002515625
,,,2.48400003e-008,-0.002507813
,,,2.48800003e-008,-0.002453125
,,,2.49200003e-008,   -0.002375
,,,2.49600003e-008,    -0.00225
,,,2.50000003e-008, -0.00215625
,,,2.50400003e-008,-0.002054688
,,,2.50800003e-008,-0.001976563
,,,2.51200003e-008,-0.001929688
,,,2.51600003e-008, -0.00184375
,,,2.52000003e-008, -0.00184375
,,,2.52400003e-008,-0.001851563
,,,2.52800003e-008,-0.001765625
,,,2.53200003e-008,-0.001742188
,,,2.53600003e-008,-0.001671875
,,,2.54000003e-008,-0.001554688
,,,2.54400003e-008,-0.001507813
,,,2.54800003e-008,-0.001445313
,,,2.55200003e-008,-0.001484375
,,,2.55600003e-008,-0.001554688
,,,2.56000003e-008, -0.00178125
,,,2.56400003e-008,      -0.002
,,,2.56800003e-008,-0.002328125
,,,2.57200003e-008,-0.002632813
,,,2.57600003e-008,-0.002945313
,,,2.58000003e-008,-0.003304688
,,,2.58400003e-008,-0.003507813
,,,2.58800003e-008,    -0.00375
,,,2.59200003e-008,   -0.003875
,,,2.59600003e-008,-0.003992188
,,,2.60000003e-008,-0.004023438
,,,2.60400003e-008,-0.003976563
,,,2.60800003e-008,-0.003929688
,,,2.61200003e-008,-0.003929688
,,,2.61600003e-008,-0.003867188
,,,2.62000003e-008, -0.00384375
,,,2.62400004e-008,-0.003820313
,,,2.62800004e-008,-0.003804688
,,,2.63200004e-008,-0.003765625
,,,2.63600004e-008,-0.003773438
,,,2.64000004e-008,-0.003773438
,,,2.64400004e-008,-0.003820313
,,,2.64800004e-008, -0.00384375
,,,2.65200004e-008,   -0.003875
,,,2.65600004e-008,-0.003976563
,,,2.66000004e-008,-0.004078125
,,,2.66400004e-008,-0.004203125
,,,2.66800004e-008,-0.004320313
,,,2.67200004e-008,-0.004421875
,,,2.67600004e-008, -0.00440625
,,,2.68000004e-008, -0.00440625
,,,2.68400004e-008, -0.00428125
,,,2.68800004e-008,-0.004085938
,,,2.69200004e-008,-0.003835938
,,,2.69600004e-008,-0.003570313
,,,2.70000004e-008,-0.003210938
,,,2.70400004e-008,  -0.0028125
,,,2.70800004e-008,-0.002390625
,,,2.71200004e-008,-0.001953125
,,,2.71600004e-008,-0.001578125
,,,2.72000004e-008,-0.001171875
,,,2.72400004e-008,-0.0008203125
,,,2.72800004e-008,  -0.0005625
,,,2.73200004e-008,-0.0003203125
,,,2.73600004e-008,-7.8125e-005
,,,2.74000004e-008,0.0001171875
,,,2.74400004e-008,   0.0003125
,,,2.74800004e-008,  0.00046875
,,,2.75200004e-008,0.0005859375
,,,2.75600004e-008, 0.000765625
,,,2.76000004e-008,0.0008671875
,,,2.76400004e-008, 0.001054688
,,,2.76800004e-008,     0.00125
,,,2.77200004e-008, 0.001382813
,,,2.77600004e-008, 0.001570313
,,,2.78000004e-008, 0.001734375
,,,2.78400004e-008, 0.001859375
,,,2.78800004e-008, 0.002039063
,,,2.79200004e-008, 0.002171875
,,,2.79600004e-008,     0.00225
,,,2.80000004e-008, 0.002320313
,,,2.80400004e-008, 0.002335938
,,,2.80800004e-008, 0.002335938
,,,2.81200004e-008, 0.002359375
,,,2.81600004e-008,  0.00234375
,,,2.82000004e-008, 0.002382813
,,,2.82400004e-008, 0.002367188
,,,2.82800004e-008, 0.002398438
,,,2.83200004e-008, 0.002382813
,,,2.83600004e-008, 0.002335938
,,,2.84000004e-008, 0.002296875
,,,2.84400004e-008, 0.002179688
,,,2.84800004e-008, 0.002054688
,,,2.85200004e-008, 0.001945313
,,,2.85600004e-008,  0.00190625
,,,2.86000004e-008, 0.001789063
,,,2.86400004e-008, 0.001765625
,,,2.86800004e-008, 0.001804688
,,,2.87200004e-008, 0.001773438
,,,2.87600004e-008,  0.00178125
,,,2.88000004e-008,  0.00171875
,,,2.88400004e-008, 0.001664063
,,,2.88800004e-008, 0.001546875
,,,2.89200004e-008, 0.001421875
,,,2.89600004e-008, 0.001257813
,,,2.90000004e-008, 0.001101563
,,,2.90400004e-008,0.0009296875
,,,2.90800004e-008,0.0008203125
,,,2.91200004e-008,0.0006640625
,,,2.91600004e-008,  0.00046875
,,,2.92000004e-008, 0.000359375
,,,2.92400004e-008,  9.375e-005
,,,2.92800004e-008,-7.8125e-005
,,,2.93200004e-008,-0.000296875
,,,2.93600004e-008,-0.0005390625
,,,2.94000004e-008,-0.0007109375
,,,2.94400004e-008,-0.000953125
,,,2.94800004e-008,-0.001046875
,,,2.95200004e-008,-0.001234375
,,,2.95600004e-008,-0.001359375
,,,2.96000004e-008,-0.001453125
,,,2.96400004e-008,-0.001507813
,,,2.96800004e-008,-0.001648438
,,,2.97200004e-008,-0.001765625
,,,2.97600004e-008,-0.001890625
,,,2.98000004e-008,      -0.002
,,,2.98400004e-008,-0.002117188
,,,2.98800004e-008,-0.002203125
,,,2.99200004e-008, -0.00228125
,,,2.99600004e-008,-0.002273438
,,,3.00000004e-008,-0.002273438
,,,3.00400004e-008,-0.002242188
,,,3.00800004e-008, -0.00221875
,,,3.01200004e-008,-0.002164063
,,,3.01600004e-008,-0.002023438
,,,3.02000004e-008,-0.001976563
,,,3.02400004e-008,-0.001960938
,,,3.02800004e-008,-0.001914063
,,,3.03200004e-008,-0.001851563
,,,3.03600004e-008,-0.001835938
,,,3.04000004e-008,-0.001789063
,,,3.04400004e-008,-0.001742188
,,,3.04800004e-008,-0.001671875
,,,3.05200004e-008,-0.001570313
,,,3.05600004e-008, -0.00153125
,,,3.06000004e-008,-0.001484375
,,,3.06400004e-008,-0.001492188
,,,3.06800004e-008,-0.001507813
,,,3.07200004e-008,  -0.0015625
,,,3.07600004e-008,-0.001601563
,,,3.08000004e-008,   -0.001625
,,,3.08400004e-008,-0.001664063
,,,3.08800004e-008, -0.00165625
,,,3.09200004e-008,-0.001617188
,,,3.09600004e-008, -0.00159375
,,,3.10000004e-008,-0.001570313
,,,3.10400004e-008,-0.001554688
,,,3.10800004e-008,-0.001578125
,,,3.11200004e-008,   -0.001625
,,,3.11600004e-008,-0.001601563
,,,3.12000004e-008,-0.001695313
,,,3.12400004e-008,-0.001757813
,,,3.12800004e-008,-0.001734375
,,,3.13200004e-008,-0.001820313
,,,3.13600004e-008,-0.001796875
,,,3.14000004e-008,-0.001828125
,,,3.14400004e-008,-0.001914063
,,,3.14800004e-008,-0.001921875
,,,3.15200004e-008,-0.002007813
,,,3.15600004e-008, -0.00209375
,,,3.16000004e-008,-0.002140625
,,,3.16400004e-008,-0.002203125
,,,3.16800004e-008,-0.002203125
,,,3.17200004e-008,-0.002257813
,,,3.17600004e-008,-0.002195313
,,,3.18000004e-008, -0.00221875
,,,3.18400004e-008,-0.002210938
,,,3.18800004e-008,-0.002195313
,,,3.19200004e-008,-0.002117188
,,,3.19600004e-008,-0.002070313
,,,3.20000004e-008,-0.001976563
,,,3.20400004e-008,-0.001859375
,,,3.20800004e-008,-0.001742188
,,,3.21200004e-008,-0.001640625
,,,3.21600004e-008,-0.001554688
,,,3.22000004e-008,-0.001492188
,,,3.22400004e-008,-0.001429688
,,,3.22800004e-008,   -0.001375
,,,3.23200004e-008,-0.001304688
,,,3.23600004e-008, -0.00121875
,,,3.24000004e-008,   -0.001125
,,,3.24400004e-008, -0.00103125
,,,3.24800004e-008,-0.0009609375
,,,3.25200004e-008,   -0.000875
,,,3.25600004e-008,-0.0008046875
,,,3.26000004e-008,-0.0007734375
,,,3.26400004e-008,-0.0006953125
,,,3.26800004e-008, -0.00071875
,,,3.27200004e-008,-0.000578125
,,,3.27600004e-008,-0.0005234375
,,,3.28000004e-008,-0.0003828125
,,,3.28400004e-008, -0.00028125
,,,3.28800004e-008,   -0.000125
,,,3.29200004e-008, -3.125e-005
,,,3.29600004e-008,  9.375e-005
,,,3.30000004e-008,0.0001640625
,,,3.30400004e-008,0.0002109375
,,,3.30800004e-008,0.0002265625
,,,3.31200004e-008, 0.000265625
,,,3.31600004e-008,0.0002265625
,,,3.32000004e-008,  0.00021875
,,,3.32400004e-008,0.0002734375
,,,3.32800004e-008,0.0003203125
,,,3.33200004e-008,    0.000375
,,,3.33600004e-008,0.0004140625
,,,3.34000004e-008,  0.00046875
,,,3.34400004e-008,0.0005546875
,,,3.34800004e-008,0.0005859375
,,,3.35200004e-008, 0.000609375
,,,3.35600004e-008,0.0006484375
,,,3.36000004e-008,0.0006484375
,,,3.36400004e-008, 0.000703125
,,,3.36800004e-008,0.0006953125
,,,3.37200005e-008, 0.000765625
,,,3.37600005e-008,0.0008203125
,,,3.38000005e-008,0.0008359375
,,,3.38400005e-008,0.0009140625
,,,3.38800005e-008,0.0009453125
,,,3.39200005e-008,  0.00096875
,,,3.39600005e-008,  0.00096875
,,,3.40000005e-008,  0.00096875
,,,3.40400005e-008,0.0009453125
,,,3.40800005e-008,0.0008671875
,,,3.41200005e-008, 0.000796875
,,,3.41600005e-008,     0.00075
,,,3.42000005e-008,0.0006484375
,,,3.42400005e-008, 0.000578125
,,,3.42800005e-008,0.0004609375
,,,3.43200005e-008, 0.000359375
,,,3.43600005e-008, 0.000234375
,,,3.44000005e-008,0.0001796875
,,,3.44400005e-008, 4.6875e-005
,,,3.44800005e-008, -9.375e-005
,,,3.45200005e-008,-0.0002421875
,,,3.45600005e-008,-0.000359375
,,,3.46000005e-008,-0.0005078125
,,,3.46400005e-008,-0.000671875
,,,3.46800005e-008,-0.000796875
,,,3.47200005e-008,-0.000890625
,,,3.47600005e-008,-0.0009921875
,,,3.48000005e-008, -0.00115625
,,,3.48400005e-008,-0.001226563
,,,3.48800005e-008,-0.001265625
,,,3.49200005e-008, -0.00134375
,,,3.49600005e-008,-0.001359375
,,,3.50000005e-008, -0.00140625
,,,3.50400005e-008,-0.001382813
,,,3.50800005e-008,-0.001429688
,,,3.51200005e-008,-0.001445313
,,,3.51600005e-008,   -0.001375
,,,3.52000005e-008,   -0.001375
,,,3.52400005e-008, -0.00134375
,,,3.52800005e-008,-0.001367188
,,,3.53200005e-008,-0.001414063
,,,3.53600005e-008,-0.001445313
,,,3.54000005e-008,-0.001507813
,,,3.54400005e-008,-0.001632813
,,,3.54800005e-008,-0.001695313
,,,3.55200005e-008, -0.00178125
,,,3.55600005e-008,-0.001851563
,,,3.56000005e-008,-0.001898438
,,,3.56400005e-008, -0.00190625
,,,3.56800005e-008,-0.001851563
,,,3.57200005e-008, -0.00178125
,,,3.57600005e-008,-0.001757813
,,,3.58000005e-008,-0.001679688
,,,3.58400005e-008,-0.001585938
,,,3.58800005e-008, -0.00146875
,,,3.59200005e-008,-0.001414063
,,,3.59600005e-008,-0.001328125
,,,3.60000005e-008,-0.001296875
,,,3.60400005e-008,-0.001265625
,,,3.60800005e-008,    -0.00125
,,,3.61200005e-008,-0.001296875
,,,3.61600005e-008,-0.001296875
,,,3.62000005e-008,-0.001328125
,,,3.62400005e-008,  -0.0013125
,,,3.62800005e-008, -0.00140625
,,,3.63200005e-008,-0.001453125
,,,3.63600005e-008, -0.00153125
,,,3.64000005e-008,  -0.0015625
,,,3.64400005e-008,-0.001609375
,,,3.64800005e-008,-0.001632813
,,,3.65200005e-008,-0.001671875
,,,3.65600005e-008,-0.001695313
,,,3.66000005e-008,-0.001664063
,,,3.66400005e-008, -0.00171875
,,,3.66800005e-008, -0.00165625
,,,3.67200005e-008,-0.001679688
,,,3.67600005e-008, -0.00159375
,,,3.68000005e-008,-0.001585938
,,,3.68400005e-008,-0.001523438
,,,3.68800005e-008,-0.001515625
,,,3.69200005e-008,-0.001476563
,,,3.69600005e-008,-0.001414063
,,,3.70000005e-008,-0.001382813
,,,3.70400005e-008,-0.001320313
,,,3.70800005e-008, -0.00134375
,,,3.71200005e-008,-0.001367188
,,,3.71600005e-008,-0.001304688
,,,3.72000005e-008, -0.00128125
,,,3.72400005e-008,-0.001265625
,,,3.72800005e-008,-0.001195313
,,,3.73200005e-008,-0.001171875
,,,3.73600005e-008,-0.001085938
,,,3.74000005e-008,-0.001046875
,,,3.74400005e-008,-0.0009921875
,,,3.74800005e-008,-0.000921875
,,,3.75200005e-008, -0.00084375
,,,3.75600005e-008,-0.0007734375
,,,3.76000005e-008,   -0.000625
,,,3.76400005e-008,-0.000546875
,,,3.76800005e-008,-0.0004453125
,,,3.77200005e-008,-0.0003984375
,,,3.77600005e-008,  -0.0003125
,,,3.78000005e-008,-0.0002890625
,,,3.78400005e-008,    -0.00025
,,,3.78800005e-008,-0.0001953125
,,,3.79200005e-008,-0.0001484375
,,,3.79600005e-008,-0.0001015625
,,,3.80000005e-008,-7.8125e-005
,,,3.80400005e-008,-3.90625e-005
,,,3.80800005e-008,   6.25e-005
,,,3.81200005e-008, 7.8125e-005
,,,3.81600005e-008,0.0001171875
,,,3.82000005e-008,8.59375e-005
,,,3.82400005e-008,  9.375e-005
,,,3.82800005e-008,  9.375e-005
,,,3.83200005e-008,0.0001015625
,,,3.83600005e-008,  9.375e-005
,,,3.84000005e-008, 0.000140625
,,,3.84400005e-008, 0.000140625
,,,3.84800005e-008,0.0001171875
,,,3.85200005e-008,0.0001796875
,,,3.85600005e-008,    0.000125
,,,3.86000005e-008, 0.000140625
,,,3.86400005e-008,0.0001640625
,,,3.86800005e-008,0.0001015625
,,,3.87200005e-008,0.0001015625
,,,3.87600005e-008,0.0001328125
,,,3.88000005e-008,0.0001640625
,,,3.88400005e-008,0.0001015625
,,,3.88800005e-008,8.59375e-005
,,,3.89200005e-008,3.90625e-005
,,,3.89600005e-008,-2.34375e-005
,,,3.90000005e-008,-0.0001171875
,,,3.90400005e-008,-0.000171875
,,,3.90800005e-008,-0.0001640625
,,,3.91200005e-008,-0.0002421875
,,,3.91600005e-008,-0.000203125
,,,3.92000005e-008, -0.00021875
,,,3.92400005e-008,    -0.00025
,,,3.92800005e-008,-0.0002890625
,,,3.93200005e-008,-0.0003359375
,,,3.93600005e-008,  -0.0004375
,,,3.94000005e-008,-0.0004921875
,,,3.94400005e-008,  -0.0005625
,,,3.94800005e-008,-0.000578125
,,,3.95200005e-008,-0.0006796875
,,,3.95600005e-008,-0.0007265625
,,,3.96000005e-008,-0.000703125
,,,3.96400005e-008, -0.00078125
,,,3.96800005e-008,-0.000796875
,,,3.97200005e-008,-0.0007890625
,,,3.97600005e-008,-0.0008359375
,,,3.98000005e-008,-0.0008515625
,,,3.98400005e-008,-0.0008671875
,,,3.98800005e-008,-0.0008828125
,,,3.99200005e-008,-0.0009296875
,,,3.99600005e-008,-0.001007813
,,,4.00000005e-008,-0.001101563
,,,4.00400005e-008,-0.001171875
,,,4.00800005e-008, -0.00128125
,,,4.01200005e-008,-0.001351563
,,,4.01600005e-008,-0.001414063
,,,4.02000005e-008,-0.001460938
,,,4.02400005e-008,-0.001460938
,,,4.02800005e-008,-0.001453125
,,,4.03200005e-008,-0.001421875
,,,4.03600005e-008,-0.001382813
,,,4.04000005e-008,-0.001359375
,,,4.04400005e-008,  -0.0013125
,,,4.04800005e-008,-0.001351563
,,,4.05200005e-008,-0.001328125
,,,4.05600005e-008,-0.001320313
,,,4.06000005e-008,-0.001296875
,,,4.06400005e-008, -0.00128125
,,,4.06800005e-008, -0.00128125
,,,4.07200005e-008,-0.001273438
,,,4.07600005e-008,-0.001296875
,,,4.08000005e-008, -0.00134375
,,,4.08400005e-008,   -0.001375
,,,4.08800005e-008,-0.001445313
,,,4.09200005e-008,-0.001492188
,,,4.09600005e-008,-0.001515625
,,,4.10000005e-008,-0.001476563
,,,4.10400005e-008,-0.001429688
,,,4.10800005e-008,-0.001359375
,,,4.11200005e-008, -0.00128125
,,,4.11600005e-008,  -0.0011875
,,,4.12000006e-008,-0.001132813
,,,4.12400006e-008,-0.001085938
,,,4.12800006e-008,  -0.0010625
,,,4.13200006e-008,-0.001078125
,,,4.13600006e-008,-0.001085938
,,,4.14000006e-008,-0.001148438
,,,4.14400006e-008,-0.001148438
,,,4.14800006e-008,   -0.001125
,,,4.15200006e-008, -0.00109375
,,,4.15600006e-008, -0.00103125
,,,4.16000006e-008,-0.0009609375
,,,4.16400006e-008,  -0.0009375
,,,4.16800006e-008,-0.0009140625
,,,4.17200006e-008,  -0.0009375
,,,4.17600006e-008,-0.0009609375
,,,4.18000006e-008, -0.00103125
,,,4.18400006e-008, -0.00103125
,,,4.18800006e-008, -0.00103125
,,,4.19200006e-008,-0.000953125
,,,4.19600006e-008,-0.000859375
,,,4.20000006e-008,-0.0007578125
,,,4.20400006e-008,-0.0006640625
,,,4.20800006e-008,-0.0006171875
,,,4.21200006e-008,  -0.0005625
,,,4.21600006e-008,-0.0005703125
,,,4.22000006e-008,-0.0005390625
,,,4.22400006e-008,-0.000546875
,,,4.22800006e-008,-0.000609375
,,,4.23200006e-008,-0.000609375
,,,4.23600006e-008,-0.0005703125
,,,4.24000006e-008,-0.0005390625
,,,4.24400006e-008,-0.0005078125
,,,4.24800006e-008,-0.0004765625
,,,4.25200006e-008,-0.000390625
,,,4.25600006e-008,-0.0003359375
,,,4.26000006e-008, -0.00028125
,,,4.26400006e-008,-0.000171875
,,,4.26800006e-008,-0.000140625
,,,4.27200006e-008,-3.90625e-005
,,,4.27600006e-008,-2.34375e-005
,,,4.28000006e-008,           0
,,,4.28400006e-008, -3.125e-005
,,,4.28800006e-008,-4.6875e-005
,,,4.29200006e-008,-0.000109375
,,,4.29600006e-008, -0.00015625
,,,4.30000006e-008,    -0.00025
,,,4.30400006e-008, -0.00034375
,,,4.30800006e-008,-0.000390625
,,,4.31200006e-008,-0.0004453125
,,,4.31600006e-008,-0.0004921875
,,,4.32000006e-008,-0.000484375
,,,4.32400006e-008,-0.0005234375
,,,4.32800006e-008, -0.00053125
,,,4.33200006e-008,-0.000546875
,,,4.33600006e-008,-0.0005390625
,,,4.34000006e-008,-0.000515625
,,,4.34400006e-008, -0.00053125
,,,4.34800006e-008,-0.000578125
,,,4.35200006e-008,-0.0005703125
,,,4.35600006e-008, -0.00065625
,,,4.36000006e-008,-0.0006953125
,,,4.36400006e-008,-0.0007578125
,,,4.36800006e-008,  -0.0008125
,,,4.37200006e-008,-0.0008515625
,,,4.37600006e-008,-0.0008515625
,,,4.38000006e-008,-0.0009140625
,,,4.38400006e-008,-0.0009453125
,,,4.38800006e-008,-0.0009609375
,,,4.39200006e-008,-0.001015625
,,,4.39600006e-008,-0.001109375
,,,4.40000006e-008,-0.001132813
,,,4.40400006e-008,-0.001179688
,,,4.40800006e-008,-0.001242188
,,,4.41200006e-008,-0.001234375
,,,4.41600006e-008,    -0.00125
,,,4.42000006e-008,-0.001257813
,,,4.42400006e-008,-0.001242188
,,,4.42800006e-008, -0.00115625
,,,4.43200006e-008,-0.001179688
,,,4.43600006e-008,-0.001117188
,,,4.44000006e-008,-0.001148438
,,,4.44400006e-008,-0.001109375
,,,4.44800006e-008,-0.001140625
,,,4.45200006e-008,-0.001078125
,,,4.45600006e-008,-0.001046875
,,,4.46000006e-008,-0.0009765625
,,,4.46400006e-008,-0.0008984375
,,,4.46800006e-008, -0.00090625
,,,4.47200006e-008,-0.000921875
,,,4.47600006e-008,  -0.0009375
,,,4.48000006e-008,-0.001007813
,,,4.48400006e-008,-0.001109375
,,,4.48800006e-008,-0.001203125
,,,4.49200006e-008,-0.001273438
,,,4.49600006e-008,-0.001320313
,,,4.50000006e-008,-0.001320313
,,,4.50400006e-008,-0.001257813
,,,4.50800006e-008,-0.001210938
,,,4.51200006e-008,-0.001179688
,,,4.51600006e-008,  -0.0010625
,,,4.52000006e-008,-0.001039063
,,,4.52400006e-008,-0.001007813
,,,4.52800006e-008, -0.00096875
,,,4.53200006e-008,-0.000984375
,,,4.53600006e-008,-0.000953125
,,,4.54000006e-008,-0.0009453125
,,,4.54400006e-008,-0.000890625
,,,4.54800006e-008,-0.000828125
,,,4.55200006e-008,-0.000765625
,,,4.55600006e-008,-0.000734375
,,,4.56000006e-008,-0.0006796875
,,,4.56400006e-008, -0.00071875
,,,4.56800006e-008,-0.0007734375
,,,4.57200006e-008,-0.0008515625
,,,4.57600006e-008,-0.0009296875
,,,4.58000006e-008,      -0.001
,,,4.58400006e-008,-0.001054688
,,,4.58800006e-008,-0.0009765625
,,,4.59200006e-008, -0.00090625
,,,4.59600006e-008,-0.0008046875
,,,4.60000006e-008,-0.000703125
,,,4.60400006e-008,-0.0006328125
,,,4.60800006e-008,-0.0005390625
,,,4.61200006e-008,-0.0005078125
,,,4.61600006e-008,-0.0005078125
,,,4.62000006e-008,  -0.0005625
,,,4.62400006e-008,-0.000640625
,,,4.62800006e-008, -0.00071875
,,,4.63200006e-008,    -0.00075
,,,4.63600006e-008,-0.000796875
,,,4.64000006e-008,-0.000828125
,,,4.64400006e-008,-0.0008203125
,,,4.64800006e-008,    -0.00075
,,,4.65200006e-008, -0.00071875
,,,4.65600006e-008,-0.0006953125
,,,4.66000006e-008,-0.000703125
,,,4.66400006e-008, -0.00065625
,,,4.66800006e-008,   -0.000625
,,,4.67200006e-008, -0.00059375
,,,4.67600006e-008,-0.0005390625
,,,4.68000006e-008,-0.0005234375
,,,4.68400006e-008,-0.0004765625
,,,4.68800006e-008,  -0.0004375
,,,4.69200006e-008,-0.0004296875
,,,4.69600006e-008,-0.000421875
,,,4.70000006e-008,-0.0003828125
,,,4.70400006e-008,   -0.000375
,,,4.70800006e-008,-0.0003828125
,,,4.71200006e-008,-0.000359375
,,,4.71600006e-008,-0.000359375
,,,4.72000006e-008,-0.0003828125
,,,4.72400006e-008,-0.0003828125
,,,4.72800006e-008,-0.000421875
,,,4.73200006e-008,-0.0004921875
,,,4.73600006e-008,-0.0005703125
,,,4.74000006e-008,-0.0006953125
,,,4.74400006e-008,-0.0007734375
,,,4.74800006e-008, -0.00084375
,,,4.75200006e-008,-0.000890625
,,,4.75600006e-008,-0.0009609375
,,,4.76000006e-008,-0.0009296875
,,,4.76400006e-008,-0.0009296875
,,,4.76800006e-008,-0.000859375
,,,4.77200006e-008,-0.0007578125
,,,4.77600006e-008,    -0.00075
,,,4.78000006e-008,-0.000640625
,,,4.78400006e-008,   -0.000625
,,,4.78800006e-008, -0.00059375
,,,4.79200006e-008,-0.000609375
,,,4.79600006e-008,-0.000671875
,,,4.80000006e-008,-0.000703125
,,,4.80400006e-008,    -0.00075
,,,4.80800006e-008,-0.0007109375
,,,4.81200006e-008, -0.00071875
,,,4.81600006e-008,-0.0007421875
,,,4.82000006e-008,-0.0007734375
,,,4.82400006e-008,-0.0007734375
,,,4.82800006e-008,-0.0008359375
,,,4.83200006e-008,   -0.000875
,,,4.83600006e-008,-0.0009453125
,,,4.84000006e-008,-0.0009921875
,,,4.84400006e-008,-0.001015625
,,,4.84800006e-008,      -0.001
,,,4.85200006e-008,-0.0009921875
,,,4.85600006e-008,-0.000921875
,,,4.86000006e-008,-0.0009296875
,,,4.86400006e-008,-0.0009453125
,,,4.86800006e-008,-0.0009609375
,,,4.87200007e-008,-0.001015625
,,,4.87600007e-008,-0.001070313
,,,4.88000007e-008,   -0.001125
,,,4.88400007e-008,-0.001148438
,,,4.88800007e-008,-0.001109375
,,,4.89200007e-008,-0.001101563
,,,4.89600007e-008,-0.0009921875
,,,4.90000007e-008,-0.0009140625
,,,4.90400007e-008,-0.0008984375
,,,4.90800007e-008,-0.0008515625
,,,4.91200007e-008,-0.0008515625
,,,4.91600007e-008,-0.0008984375
,,,4.92000007e-008,-0.0009921875
,,,4.92400007e-008,-0.001039063
,,,4.92800007e-008,-0.001109375
,,,4.93200007e-008,-0.001195313
,,,4.93600007e-008,-0.001203125
,,,4.94000007e-008,-0.001210938
,,,4.94400007e-008, -0.00115625
,,,4.94800007e-008, -0.00115625
,,,4.95200007e-008,-0.001132813
,,,4.95600007e-008,-0.001078125
,,,4.96000007e-008,-0.001070313
,,,4.96400007e-008,-0.001078125
,,,4.96800007e-008, -0.00109375
,,,4.97200007e-008,   -0.001125
,,,4.97600007e-008,-0.001117188
,,,4.98000007e-008,-0.001148438
,,,4.98400007e-008,   -0.001125
,,,4.98800007e-008,-0.001085938
,,,4.99200007e-008,-0.001007813
,,,4.99600007e-008,-0.000953125
,,,5.00000007e-008,-0.0008828125
,,,5.00400007e-008,-0.000796875
,,,5.00800007e-008,-0.0007734375
,,,5.01200007e-008,-0.0007265625
,,,5.01600007e-008,-0.0007265625
,,,5.02000007e-008,-0.000671875
,,,5.02400007e-008, -0.00065625
,,,5.02800007e-008,-0.000609375
,,,5.03200007e-008,-0.0006328125
,,,5.03600007e-008,-0.0006640625
,,,5.04000007e-008,-0.0007265625
,,,5.04400007e-008,-0.0007890625
,,,5.04800007e-008,-0.000890625
,,,5.05200007e-008,      -0.001
,,,5.05600007e-008, -0.00109375
,,,5.06000007e-008,-0.001132813
,,,5.06400007e-008,-0.001109375
,,,5.06800007e-008,-0.001007813
,,,5.07200007e-008,  -0.0009375
,,,5.07600007e-008,-0.0008046875
,,,5.08000007e-008, -0.00071875
,,,5.08400007e-008,-0.000640625
,,,5.08800007e-008,-0.0005859375
,,,5.09200007e-008,-0.0005390625
,,,5.09600007e-008, -0.00059375
,,,5.10000007e-008,-0.000609375
,,,5.10400007e-008,-0.0006328125
,,,5.10800007e-008,-0.000609375
,,,5.11200007e-008, -0.00059375
,,,5.11600007e-008,-0.0005859375
,,,5.12000007e-008,-0.0006484375
,,,5.12400007e-008,-0.0006953125
,,,5.12800007e-008,    -0.00075
,,,5.13200007e-008,-0.0008515625
,,,5.13600007e-008,  -0.0009375
,,,5.14000007e-008,-0.0009609375
,,,5.14400007e-008,-0.000984375
,,,5.14800007e-008,-0.000921875
,,,5.15200007e-008,-0.0008671875
,,,5.15600007e-008,    -0.00075
,,,5.16000007e-008,  -0.0006875
,,,5.16400007e-008, -0.00065625
,,,5.16800007e-008,-0.000609375
,,,5.17200007e-008, -0.00065625
,,,5.17600007e-008,-0.000703125
,,,5.18000007e-008,-0.000765625
,,,5.18400007e-008,   -0.000875
,,,5.18800007e-008,-0.000828125
,,,5.19200007e-008,-0.0008046875
,,,5.19600007e-008,-0.000828125
,,,5.20000007e-008,  -0.0008125
,,,5.20400007e-008,-0.0008203125
,,,5.20800007e-008,-0.0008359375
,,,5.21200007e-008,-0.0008671875
,,,5.21600007e-008, -0.00096875
,,,5.22000007e-008, -0.00103125
,,,5.22400007e-008,-0.001054688
,,,5.22800007e-008,-0.001046875
,,,5.23200007e-008, -0.00103125
,,,5.23600007e-008, -0.00096875
,,,5.24000007e-008, -0.00084375
,,,5.24400007e-008,-0.0008046875
,,,5.24800007e-008,-0.000765625
,,,5.25200007e-008,-0.0007421875
,,,5.25600007e-008,-0.0007265625
,,,5.26000007e-008,-0.000703125
,,,5.26400007e-008,-0.0007265625
,,,5.26800007e-008,-0.000765625
,,,5.27200007e-008,-0.0007734375
,,,5.27600007e-008,-0.0007734375
,,,5.28000007e-008,-0.0008046875
,,,5.28400007e-008,-0.0008046875
,,,5.28800007e-008,-0.0007890625
,,,5.29200007e-008,-0.0007890625
,,,5.29600007e-008,-0.000796875
,,,5.30000007e-008,  -0.0008125
,,,5.30400007e-008,-0.0008046875
,,,5.30800007e-008,-0.0008046875
,,,5.31200007e-008,    -0.00075
,,,5.31600007e-008,-0.000765625
,,,5.32000007e-008,-0.0007734375
,,,5.32400007e-008,-0.000734375
,,,5.32800007e-008,-0.0007578125
,,,5.33200007e-008, -0.00078125
,,,5.33600007e-008,-0.0008046875
,,,5.34000007e-008,-0.0007734375
,,,5.34400007e-008,-0.0008359375
,,,5.34800007e-008,-0.000828125
,,,5.35200007e-008,-0.0008359375
,,,5.35600007e-008,-0.0008984375
,,,5.36000007e-008,-0.000953125
,,,5.36400007e-008,      -0.001
,,,5.36800007e-008,-0.001039063
,,,5.37200007e-008,-0.001054688
,,,5.37600007e-008,-0.001070313
,,,5.38000007e-008,-0.001054688
,,,5.38400007e-008,-0.001039063
,,,5.38800007e-008,-0.000953125
,,,5.39200007e-008, -0.00090625
,,,5.39600007e-008, -0.00090625
,,,5.40000007e-008, -0.00090625
,,,5.40400007e-008,      -0.001
,,,5.40800007e-008,-0.001039063
,,,5.41200007e-008,-0.001109375
,,,5.41600007e-008,-0.001171875
,,,5.42000007e-008,-0.001234375
,,,5.42400007e-008,-0.001242188
,,,5.42800007e-008,-0.001234375
,,,5.43200007e-008,  -0.0011875
,,,5.43600007e-008,-0.001101563
,,,5.44000007e-008,-0.001046875
,,,5.44400007e-008,-0.001015625
,,,5.44800007e-008,-0.001039063
,,,5.45200007e-008, -0.00103125
,,,5.45600007e-008, -0.00103125
,,,5.46000007e-008,-0.001117188
,,,5.46400007e-008, -0.00109375
,,,5.46800007e-008, -0.00103125
,,,5.47200007e-008,  -0.0010625
,,,5.47600007e-008, -0.00103125
,,,5.48000007e-008,-0.001007813
,,,5.48400007e-008,-0.001039063
,,,5.48800007e-008, -0.00109375
,,,5.49200007e-008, -0.00115625
,,,5.49600007e-008,-0.001148438
,,,5.50000007e-008,-0.001179688
,,,5.50400007e-008,-0.001140625
,,,5.50800007e-008,  -0.0010625
,,,5.51200007e-008,-0.000984375
,,,5.51600007e-008,-0.000828125
,,,5.52000007e-008,-0.0006953125
,,,5.52400007e-008,-0.0006796875
,,,5.52800007e-008,-0.000609375
,,,5.53200007e-008,-0.0006171875
,,,5.53600007e-008,-0.0006484375
,,,5.54000007e-008, -0.00071875
,,,5.54400007e-008,-0.0008203125
,,,5.54800007e-008,  -0.0008125
,,,5.55200007e-008,  -0.0008125
,,,5.55600007e-008,-0.000796875
,,,5.56000007e-008,-0.0007734375
,,,5.56400007e-008,-0.0007890625
,,,5.56800007e-008,-0.000796875
,,,5.57200007e-008,-0.0008359375
,,,5.57600007e-008,   -0.000875
,,,5.58000007e-008,-0.000953125
,,,5.58400007e-008, -0.00103125
,,,5.58800007e-008,-0.001023438
,,,5.59200007e-008,-0.001054688
,,,5.59600007e-008, -0.00096875
,,,5.60000007e-008,  -0.0009375
,,,5.60400007e-008,   -0.000875
,,,5.60800007e-008,-0.0008359375
,,,5.61200007e-008,-0.000796875
,,,5.61600007e-008,-0.0008203125
,,,5.62000008e-008,  -0.0008125
,,,5.62400008e-008,-0.000921875
,,,5.62800008e-008,-0.0009765625
,,,5.63200008e-008,      -0.001
,,,5.63600008e-008,-0.001023438
,,,5.64000008e-008, -0.00103125
,,,5.64400008e-008,-0.001015625
,,,5.64800008e-008,-0.000953125
,,,5.65200008e-008,-0.0009140625
,,,5.65600008e-008,-0.000890625
,,,5.66000008e-008,-0.000859375
,,,5.66400008e-008,-0.000859375
,,,5.66800008e-008,-0.0008828125
,,,5.67200008e-008,-0.000921875
,,,5.67600008e-008,-0.000953125
,,,5.68000008e-008,-0.0009453125
,,,5.68400008e-008,      -0.001
,,,5.68800008e-008,-0.0009921875
,,,5.69200008e-008,-0.0009453125
,,,5.69600008e-008,  -0.0009375
,,,5.70000008e-008,-0.0008671875
,,,5.70400008e-008,-0.0008671875
,,,5.70800008e-008, -0.00078125
,,,5.71200008e-008,-0.000734375
,,,5.71600008e-008,-0.0007578125
,,,5.72000008e-008,-0.0007265625
,,,5.72400008e-008, -0.00078125
,,,5.72800008e-008, -0.00078125
,,,5.73200008e-008,-0.000828125
,,,5.73600008e-008,-0.000921875
,,,5.74000008e-008, -0.00096875
,,,5.74400008e-008,-0.001070313
,,,5.74800008e-008,-0.001054688
,,,5.75200008e-008,-0.001046875
,,,5.75600008e-008,-0.001015625
,,,5.76000008e-008,  -0.0009375
,,,5.76400008e-008,-0.000828125
,,,5.76800008e-008,-0.000765625
,,,5.77200008e-008, -0.00071875
,,,5.77600008e-008,  -0.0006875
,,,5.78000008e-008,  -0.0006875
,,,5.78400008e-008,-0.0007421875
,,,5.78800008e-008,-0.0007734375
,,,5.79200008e-008,  -0.0008125
,,,5.79600008e-008,-0.000890625
,,,5.80000008e-008,-0.0008671875
,,,5.80400008e-008,-0.0008984375
,,,5.80800008e-008,-0.0008359375
,,,5.81200008e-008,-0.000765625
,,,5.81600008e-008,-0.000734375
,,,5.82000008e-008,-0.000703125
,,,5.82400008e-008,-0.0007578125
,,,5.82800008e-008,-0.0008046875
,,,5.83200008e-008,   -0.000875
,,,5.83600008e-008, -0.00096875
,,,5.84000008e-008, -0.00096875
,,,5.84400008e-008, -0.00103125
,,,5.84800008e-008,-0.0009921875
,,,5.85200008e-008,-0.000984375
,,,5.85600008e-008,-0.0008828125
,,,5.86000008e-008, -0.00071875
,,,5.86400008e-008,  -0.0006875
,,,5.86800008e-008,  -0.0005625
,,,5.87200008e-008,-0.0005390625
,,,5.87600008e-008,-0.000578125
,,,5.88000008e-008,-0.000609375
,,,5.88400008e-008,-0.000671875
,,,5.88800008e-008,-0.0007578125
,,,5.89200008e-008,-0.0008359375
,,,5.89600008e-008,  -0.0009375
,,,5.90000008e-008,-0.000984375
,,,5.90400008e-008,-0.000984375
,,,5.90800008e-008,-0.001007813
,,,5.91200008e-008,  -0.0009375
,,,5.91600008e-008,  -0.0009375
,,,5.92000008e-008,   -0.000875
,,,5.92400008e-008,-0.000828125
,,,5.92800008e-008,  -0.0008125
,,,5.93200008e-008,-0.0007734375
,,,5.93600008e-008,-0.000796875
,,,5.94000008e-008,-0.000796875
,,,5.94400008e-008,-0.0008203125
,,,5.94800008e-008, -0.00084375
,,,5.95200008e-008, -0.00084375
,,,5.95600008e-008, -0.00084375
,,,5.96000008e-008, -0.00084375
,,,5.96400008e-008,-0.000828125
,,,5.96800008e-008,-0.0008046875
,,,5.97200008e-008,-0.0007890625
,,,5.97600008e-008,-0.0008359375
,,,5.98000008e-008,-0.000859375
,,,5.98400008e-008,-0.0009296875
,,,5.98800008e-008,-0.0009453125
,,,5.99200008e-008,-0.001007813
,,,5.99600008e-008,-0.001046875
,,,6.00000008e-008,-0.001039063
,,,6.00400008e-008, -0.00103125
,,,6.00800008e-008,-0.0009453125
,,,6.01200008e-008, -0.00090625
,,,6.01600008e-008,-0.0008515625
,,,6.02000008e-008,  -0.0008125
,,,6.02400008e-008,-0.0007890625
,,,6.02800008e-008,-0.000765625
,,,6.03200008e-008,-0.0007734375
,,,6.03600008e-008,-0.000828125
,,,6.04000008e-008,   -0.000875
,,,6.04400008e-008,-0.0008984375
,,,6.04800008e-008, -0.00096875
,,,6.05200008e-008,-0.0009765625
,,,6.05600008e-008,-0.001007813
,,,6.06000008e-008,-0.001039063
,,,6.06400008e-008,-0.001023438
,,,6.06800008e-008, -0.00103125
,,,6.07200008e-008,-0.001007813
,,,6.07600008e-008,-0.000984375
,,,6.08000008e-008,-0.0009921875
,,,6.08400008e-008,-0.000984375
,,,6.08800008e-008,-0.0009296875
,,,6.09200008e-008,   -0.000875
,,,6.09600008e-008,  -0.0008125
,,,6.10000008e-008,-0.000796875
,,,6.10400008e-008,-0.000765625
,,,6.10800008e-008,    -0.00075
,,,6.11200008e-008,-0.000765625
,,,6.11600008e-008,-0.0007890625
,,,6.12000008e-008,    -0.00075
,,,6.12400008e-008,-0.0007421875
,,,6.12800008e-008,-0.000796875
,,,6.13200008e-008,-0.0007890625
,,,6.13600008e-008,-0.0008203125
,,,6.14000008e-008, -0.00084375
,,,6.14400008e-008,   -0.000875
,,,6.14800008e-008,-0.000890625
,,,6.15200008e-008, -0.00090625
,,,6.15600008e-008,-0.000921875
,,,6.16000008e-008,-0.000921875
,,,6.16400008e-008,-0.000859375
,,,6.16800008e-008,-0.0008359375
,,,6.17200008e-008,-0.0008046875
,,,6.17600008e-008,-0.0008359375
,,,6.18000008e-008,-0.0007890625
,,,6.18400008e-008,  -0.0008125
,,,6.18800008e-008,-0.0007734375
,,,6.19200008e-008,-0.0007734375
,,,6.19600008e-008,-0.0007734375
,,,6.20000008e-008,-0.0007578125
,,,6.20400008e-008,-0.000703125
,,,6.20800008e-008,-0.0007109375
,,,6.21200008e-008,-0.0006796875
,,,6.21600008e-008,-0.0006640625
,,,6.22000008e-008,-0.0007265625
,,,6.22400008e-008,-0.000734375
,,,6.22800008e-008,-0.0008046875
,,,6.23200008e-008,-0.0008046875
,,,6.23600008e-008,-0.0008984375
,,,6.24000008e-008, -0.00090625
,,,6.24400008e-008,  -0.0009375
,,,6.24800008e-008,-0.000890625
,,,6.25200008e-008,-0.0008671875
,,,6.25600008e-008,-0.0008359375
,,,6.26000008e-008, -0.00084375
,,,6.26400008e-008,-0.000828125
,,,6.26800008e-008,-0.0008203125
,,,6.27200008e-008,-0.000890625
,,,6.27600008e-008, -0.00090625
,,,6.28000008e-008,-0.000921875
,,,6.28400008e-008,  -0.0009375
,,,6.28800008e-008,-0.0008828125
,,,6.29200008e-008,-0.000859375
,,,6.29600008e-008,-0.0007734375
,,,6.30000008e-008,-0.0006796875
,,,6.30400008e-008,   -0.000625
,,,6.30800008e-008,-0.0006171875
,,,6.31200008e-008,-0.0006015625
,,,6.31600008e-008,-0.000671875
,,,6.32000008e-008,-0.0007421875
,,,6.32400008e-008,-0.000828125
,,,6.32800008e-008, -0.00084375
,,,6.33200008e-008,-0.000859375
,,,6.33600008e-008,-0.0008671875
,,,6.34000008e-008,-0.000796875
,,,6.34400008e-008,-0.000765625
,,,6.34800008e-008,-0.0006640625
,,,6.35200008e-008,-0.0006328125
,,,6.35600008e-008,-0.0006484375
,,,6.36000008e-008,-0.000671875
,,,6.36400008e-008,-0.000796875
,,,6.36800009e-008,-0.0008515625
,,,6.37200009e-008,-0.0009140625
,,,6.37600009e-008, -0.00096875
,,,6.38000009e-008,-0.0009765625
,,,6.38400009e-008,-0.001007813
,,,6.38800009e-008,-0.0009296875
,,,6.39200009e-008,-0.000859375
,,,6.39600009e-008,-0.0008046875
,,,6.40000009e-008,-0.0007421875
,,,6.40400009e-008,-0.0007265625
,,,6.40800009e-008,-0.000640625
,,,6.41200009e-008,   -0.000625
,,,6.41600009e-008,-0.000671875
,,,6.42000009e-008, -0.00065625
,,,6.42400009e-008,-0.0006796875
,,,6.42800009e-008,-0.000671875
,,,6.43200009e-008,-0.000640625
,,,6.43600009e-008,-0.000703125
,,,6.44000009e-008,-0.0006796875
,,,6.44400009e-008,-0.000703125
,,,6.44800009e-008,-0.0006953125
,,,6.45200009e-008,-0.0006796875
,,,6.45600009e-008, -0.00071875
,,,6.46000009e-008,-0.000703125
,,,6.46400009e-008,-0.0007421875
,,,6.46800009e-008,-0.0007109375
,,,6.47200009e-008,  -0.0006875
,,,6.47600009e-008,-0.000734375
,,,6.48000009e-008,-0.000703125
,,,6.48400009e-008,-0.000765625
,,,6.48800009e-008,    -0.00075
,,,6.49200009e-008,-0.000734375
,,,6.49600009e-008,  -0.0006875
,,,6.50000009e-008,-0.000703125
,,,6.50400009e-008,-0.0006953125
,,,6.50800009e-008,-0.000671875
,,,6.51200009e-008,-0.000671875
,,,6.51600009e-008,-0.0006953125
,,,6.52000009e-008,-0.0007421875
,,,6.52400009e-008,-0.0008515625
,,,6.52800009e-008, -0.00090625
,,,6.53200009e-008,-0.0009296875
,,,6.53600009e-008, -0.00096875
,,,6.54000009e-008, -0.00090625
,,,6.54400009e-008,-0.0008671875
,,,6.54800009e-008,-0.000828125
,,,6.55200009e-008,-0.0008203125
,,,6.55600009e-008,-0.0008046875
,,,6.56000009e-008,-0.0008359375
,,,6.56400009e-008,-0.0008671875
,,,6.56800009e-008,-0.0009140625
,,,6.57200009e-008,-0.0009453125
,,,6.57600009e-008,      -0.001
,,,6.58000009e-008,-0.0009921875
,,,6.58400009e-008, -0.00096875
,,,6.58800009e-008,-0.001015625
,,,6.59200009e-008,-0.000984375
,,,6.59600009e-008, -0.00103125
,,,6.60000009e-008,  -0.0010625
,,,6.60400009e-008,   -0.001125
,,,6.60800009e-008,   -0.001125
,,,6.61200009e-008,-0.001164063
,,,6.61600009e-008,-0.001101563
,,,6.62000009e-008,-0.001023438
,,,6.62400009e-008,-0.0009765625
,,,6.62800009e-008,-0.000859375
,,,6.63200009e-008,-0.000796875
,,,6.63600009e-008,-0.0007734375
,,,6.64000009e-008, -0.00078125
,,,6.64400009e-008,-0.0008203125
,,,6.64800009e-008,-0.0008828125
,,,6.65200009e-008,-0.0008984375
,,,6.65600009e-008,-0.000921875
,,,6.66000009e-008,-0.0008671875
,,,6.66400009e-008,-0.000796875
,,,6.66800009e-008, -0.00071875
,,,6.67200009e-008,  -0.0006875
,,,6.67600009e-008,   -0.000625
,,,6.68000009e-008,-0.0006640625
,,,6.68400009e-008, -0.00071875
,,,6.68800009e-008,-0.0008203125
,,,6.69200009e-008,-0.000921875
,,,6.69600009e-008, -0.00103125
,,,6.70000009e-008,-0.001101563
,,,6.70400009e-008,-0.001109375
,,,6.70800009e-008,  -0.0010625
,,,6.71200009e-008,-0.001070313
,,,6.71600009e-008,      -0.001
,,,6.72000009e-008,-0.000984375
,,,6.72400009e-008,-0.000984375
,,,6.72800009e-008, -0.00096875
,,,6.73200009e-008,-0.0009453125
,,,6.73600009e-008,-0.000953125
,,,6.74000009e-008,-0.000859375
,,,6.74400009e-008,-0.000828125
,,,6.74800009e-008,    -0.00075
,,,6.75200009e-008,-0.0006953125
,,,6.75600009e-008,-0.000640625
,,,6.76000009e-008,-0.0005703125
,,,6.76400009e-008,-0.000609375
,,,6.76800009e-008,-0.0006171875
,,,6.77200009e-008,-0.000671875
,,,6.77600009e-008,-0.0007265625
,,,6.78000009e-008,    -0.00075
,,,6.78400009e-008, -0.00078125
,,,6.78800009e-008,-0.000734375
,,,6.79200009e-008,-0.000734375
,,,6.79600009e-008,-0.0006796875
,,,6.80000009e-008,-0.0005703125
,,,6.80400009e-008,-0.000546875
,,,6.80800009e-008, -0.00053125
,,,6.81200009e-008,-0.0005703125
,,,6.81600009e-008, -0.00059375
,,,6.82000009e-008,-0.0006953125
,,,6.82400009e-008, -0.00071875
,,,6.82800009e-008,-0.0007421875
,,,6.83200009e-008,    -0.00075
,,,6.83600009e-008,-0.0006953125
,,,6.84000009e-008,-0.000640625
,,,6.84400009e-008,-0.000640625
,,,6.84800009e-008,-0.0005859375
,,,6.85200009e-008,-0.0005859375
,,,6.85600009e-008,-0.0006484375
,,,6.86000009e-008,-0.0006484375
,,,6.86400009e-008,-0.000703125
,,,6.86800009e-008,  -0.0006875
,,,6.87200009e-008,-0.000703125
,,,6.87600009e-008,  -0.0006875
,,,6.88000009e-008,-0.0006328125
,,,6.88400009e-008, -0.00065625
,,,6.88800009e-008,-0.0006328125
,,,6.89200009e-008,-0.0006796875
,,,6.89600009e-008,-0.0006796875
,,,6.90000009e-008,-0.0007109375
,,,6.90400009e-008,-0.0007109375
,,,6.90800009e-008,-0.0006796875
,,,6.91200009e-008,-0.0006796875
,,,6.91600009e-008,-0.0006796875
,,,6.92000009e-008,-0.000609375
,,,6.92400009e-008,-0.000640625
,,,6.92800009e-008,-0.0006171875
,,,6.93200009e-008,-0.0006328125
,,,6.93600009e-008,-0.0006484375
,,,6.94000009e-008,-0.000671875
,,,6.94400009e-008,-0.0007109375
,,,6.94800009e-008,-0.0007578125
,,,6.95200009e-008,-0.0007734375
,,,6.95600009e-008,-0.0008359375
,,,6.96000009e-008,-0.0008046875
,,,6.96400009e-008, -0.00078125
,,,6.96800009e-008,-0.0007578125
,,,6.97200009e-008,-0.0006953125
,,,6.97600009e-008,-0.0006484375
,,,6.98000009e-008,-0.0006640625
,,,6.98400009e-008,-0.000671875
,,,6.98800009e-008,-0.0007109375
,,,6.99200009e-008,-0.000765625
,,,6.99600009e-008,-0.0008515625
,,,7.00000009e-008,  -0.0009375
